request_sequence,symbol,request_occurrence,duplicate_control,control_reason,project_security_type,exchange_code,exchange_name,exchange_groups,source_membership,name,symbol_syntax,review_status,notes
1,PLTR,1,NO,,Stock,NasdaqGS,NasdaqGS,,APP_ONLY,Palantir Technologies Inc.,VALID,OK,
2,ZBRA,1,NO,,Stock,NasdaqGS,NasdaqGS,,APP_ONLY,Zebra Technologies Corporation,VALID,OK,
3,IT,1,NO,,Stock,NYSE,NYSE,,APP_ONLY,"Gartner, Inc.",VALID,OK,
4,ARM,1,NO,,Stock,NasdaqGS,NasdaqGS,,APP_ONLY,Arm Holdings plc,VALID,OK,
5,MRVL,1,NO,,Stock,NasdaqGS,NasdaqGS,,APP_ONLY,"Marvell Technology, Inc.",VALID,NONBLOCKING_METADATA_VARIANT,Source rows contain differing descriptive metadata; symbol itself is unchanged.
6,COHR,1,NO,,Stock,NYSE,NYSE,,APP_ONLY,Coherent Corp.,VALID,OK,
7,2359.HK,1,NO,,Stock,HKSE,HKSE,Global,BOTH,"WuXi AppTec Co., Ltd.",VALID,OK,
8,SNDK,1,NO,,Stock,NASDAQ,NASDAQ,,APP_ONLY,Sandisk Corporation,VALID,OK,
9,INTC,1,NO,,Stock,NasdaqGS,NasdaqGS,US,BOTH,Intel Corporation,VALID,NONBLOCKING_METADATA_VARIANT,Source rows contain differing descriptive metadata; symbol itself is unchanged.
10,SMCI,1,NO,,Stock,NasdaqGS,NasdaqGS,,APP_ONLY,"Super Micro Computer, Inc.",VALID,OK,
11,UMC,1,NO,,Stock,NYSE,NYSE,,APP_ONLY,United Microelectronics Corporation,VALID,OK,
12,TER,1,NO,,Stock,NasdaqGS,NasdaqGS,,APP_ONLY,"Teradyne, Inc.",VALID,OK,
13,LDOS,1,NO,,Stock,NYSE,NYSE,,APP_ONLY,"Leidos Holdings, Inc.",VALID,OK,
14,SPCX,1,NO,,Stock,NASDAQ,NASDAQ,,APP_ONLY,Space Exploration Technologies Corp. Class A Common Stock,VALID,OK,
15,QBTS,1,NO,,Stock,NYSE,NYSE,US,BOTH,D-Wave Quantum Inc.,VALID,OK,
16,GLW,1,NO,,Stock,NYSE,NYSE,,APP_ONLY,Corning Incorporated,VALID,OK,
17,SWKS,1,NO,,Stock,NasdaqGS,NasdaqGS,,APP_ONLY,"Skyworks Solutions, Inc.",VALID,NONBLOCKING_METADATA_VARIANT,Source rows contain differing descriptive metadata; symbol itself is unchanged.
18,RGTI,1,NO,,Stock,NasdaqCM,NasdaqCM,US,BOTH,"Rigetti Computing, Inc.",VALID,NONBLOCKING_METADATA_VARIANT,Source rows contain differing descriptive metadata; symbol itself is unchanged.
19,LITE,1,NO,,Stock,NasdaqGS,NasdaqGS,,APP_ONLY,Lumentum Holdings Inc.,VALID,OK,
20,DELL,1,NO,,Stock,NYSE,NYSE,,APP_ONLY,Dell Technologies Inc.,VALID,OK,
21,GNRC,1,NO,,Stock,NYSE,NYSE,,APP_ONLY,Generac Holdings Inc.,VALID,OK,
22,LRCX,1,NO,,Stock,NasdaqGS,NasdaqGS,,APP_ONLY,Lam Research Corporation,VALID,NONBLOCKING_METADATA_VARIANT,Source rows contain differing descriptive metadata; symbol itself is unchanged.
23,MU,1,NO,,Stock,NasdaqGS,NasdaqGS,,APP_ONLY,"Micron Technology, Inc.",VALID,NONBLOCKING_METADATA_VARIANT,Source rows contain differing descriptive metadata; symbol itself is unchanged.
24,TRI,1,NO,,Stock,NasdaqGS,NasdaqGS,,APP_ONLY,Thomson Reuters Corporation,VALID,OK,
25,IONQ,1,NO,,Stock,NYSE,NYSE,US,BOTH,"IonQ, Inc.",VALID,OK,
26,QCOM,1,NO,,Stock,NasdaqGS,NasdaqGS,US,BOTH,QUALCOMM Incorporated,VALID,NONBLOCKING_METADATA_VARIANT,Source rows contain differing descriptive metadata; symbol itself is unchanged.
27,MCHP,1,NO,,Stock,NasdaqGS,NasdaqGS,,APP_ONLY,Microchip Technology Incorporated,VALID,OK,
28,BR,1,NO,,Stock,NYSE,NYSE,,APP_ONLY,"Broadridge Financial Solutions, Inc.",VALID,OK,
29,AMD,1,NO,,Stock,NasdaqGS,NasdaqGS,US,BOTH,"Advanced Micro Devices, Inc.",VALID,NONBLOCKING_METADATA_VARIANT,Source rows contain differing descriptive metadata; symbol itself is unchanged.
30,KLAC,1,NO,,Stock,NasdaqGS,NasdaqGS,,APP_ONLY,KLA Corporation,VALID,NONBLOCKING_METADATA_VARIANT,Source rows contain differing descriptive metadata; symbol itself is unchanged.
31,JBL,1,NO,,Stock,NYSE,NYSE,,APP_ONLY,Jabil Inc.,VALID,OK,
32,SFTBY,1,NO,,Stock,OTC Markets,OTC Markets,,APP_ONLY,SoftBank Group Corp.,VALID,OK,
33,AVGO,1,NO,,Stock,NasdaqGS,NasdaqGS,US,BOTH,Broadcom Inc.,VALID,NONBLOCKING_METADATA_VARIANT,Source rows contain differing descriptive metadata; symbol itself is unchanged.
34,QS,1,NO,,Stock,NYSE,NYSE,,APP_ONLY,QuantumScape Corporation,VALID,OK,
35,^SOX,1,NO,,Index,Nasdaq GIDS,Nasdaq GIDS,,APP_ONLY,PHLX Semiconductor,VALID,OK,
36,CLX,1,NO,,Stock,NYSE,NYSE,,APP_ONLY,The Clorox Company,VALID,OK,
37,EXPD,1,NO,,Stock,NYSE,NYSE,,APP_ONLY,"Expeditors International of Washington, Inc.",VALID,OK,
38,TEAM,1,NO,,Stock,NasdaqGS,NasdaqGS,,APP_ONLY,Atlassian Corporation,VALID,OK,
39,Q,1,NO,,Stock,NYSE,NYSE,,APP_ONLY,"Qnity Electronics, Inc.",VALID,OK,
40,HPQ,1,NO,,Stock,NYSE,NYSE,,APP_ONLY,HP Inc.,VALID,OK,
41,CHTR,1,NO,,Stock,NasdaqGS,NasdaqGS,,APP_ONLY,"Charter Communications, Inc.",VALID,NONBLOCKING_METADATA_VARIANT,Source rows contain differing descriptive metadata; symbol itself is unchanged.
42,QRVO,1,NO,,Stock,NASDAQ,NASDAQ,,APP_ONLY,"Qorvo, Inc.",VALID,OK,
43,PILL,1,NO,,ETF,NYSEArca,NYSEArca,,APP_ONLY,Direxion Daily Pharmaceutical & Medical Bull 3X Shares ETF,VALID,OK,
44,MDB,1,NO,,Stock,NasdaqGM,NasdaqGM,,APP_ONLY,"MongoDB, Inc.",VALID,OK,
45,ENPH,1,NO,,Stock,NASDAQ,NASDAQ,,APP_ONLY,"Enphase Energy, Inc.",VALID,OK,
46,XSD,1,NO,,ETF,NYSEArca,NYSEArca,,APP_ONLY,State Street SPDR S&P Semiconductor ETF,VALID,OK,
47,RVMD,1,NO,,Stock,NasdaqGS,NasdaqGS,,APP_ONLY,"Revolution Medicines, Inc.",VALID,OK,
48,KEYS,1,NO,,Stock,NYSE,NYSE,,APP_ONLY,"Keysight Technologies, Inc.",VALID,OK,
49,NXPI,1,NO,,Stock,NasdaqGS,NasdaqGS,,APP_ONLY,NXP Semiconductors N.V.,VALID,NONBLOCKING_METADATA_VARIANT,Source rows contain differing descriptive metadata; symbol itself is unchanged.
50,RPD,1,NO,,Stock,NGM,NGM,,APP_ONLY,"Rapid7, Inc.",VALID,OK,
51,TEL,1,NO,,Stock,NYSE,NYSE,,APP_ONLY,TE Connectivity plc,VALID,OK,
52,FCX,1,NO,,Stock,NYSE,NYSE,,APP_ONLY,Freeport-McMoRan Inc.,VALID,OK,
53,WAT,1,NO,,Stock,NYSE,NYSE,,APP_ONLY,Waters Corporation,VALID,OK,
54,TTD,1,NO,,Stock,NasdaqGM,NasdaqGM,,APP_ONLY,"The Trade Desk, Inc.",VALID,NONBLOCKING_METADATA_VARIANT,Source rows contain differing descriptive metadata; symbol itself is unchanged.
55,ZS,1,NO,,Stock,NasdaqGS,NasdaqGS,,APP_ONLY,"Zscaler, Inc.",VALID,OK,
56,OSK,1,NO,,Stock,NYSE,NYSE,,APP_ONLY,Oshkosh Corporation,VALID,OK,
57,QUBT,1,NO,,Stock,NasdaqCM,NasdaqCM,US,BOTH,Quantum Computing Inc.,VALID,NONBLOCKING_METADATA_VARIANT,Source rows contain differing descriptive metadata; symbol itself is unchanged.
58,CAT,1,NO,,Stock,NYSE,NYSE,US,BOTH,Caterpillar Inc.,VALID,OK,
59,PANW,1,NO,,Stock,NASDAQ,NASDAQ,,APP_ONLY,"Palo Alto Networks, Inc.",VALID,NONBLOCKING_METADATA_VARIANT,Source rows contain differing descriptive metadata; symbol itself is unchanged.
60,HUBB,1,NO,,Stock,NYSE,NYSE,,APP_ONLY,Hubbell Incorporated,VALID,OK,
61,AMAT,1,NO,,Stock,NasdaqGS,NasdaqGS,,APP_ONLY,"Applied Materials, Inc.",VALID,NONBLOCKING_METADATA_VARIANT,Source rows contain differing descriptive metadata; symbol itself is unchanged.
62,AXON,1,NO,,Stock,NasdaqGS,NasdaqGS,,APP_ONLY,"Axon Enterprise, Inc.",VALID,OK,
63,TXN,1,NO,,Stock,NasdaqGS,NasdaqGS,,APP_ONLY,Texas Instruments Incorporated,VALID,NONBLOCKING_METADATA_VARIANT,Source rows contain differing descriptive metadata; symbol itself is unchanged.
64,SHOP,1,NO,,Stock,NasdaqGS,NasdaqGS,,APP_ONLY,Shopify Inc.,VALID,OK,
65,DDOG,1,NO,,Stock,NasdaqGS,NasdaqGS,,APP_ONLY,"Datadog, Inc.",VALID,OK,
66,MDGL,1,NO,,Stock,NasdaqGS,NasdaqGS,,APP_ONLY,"Madrigal Pharmaceuticals, Inc.",VALID,OK,
67,CHRW,1,NO,,Stock,NasdaqGS,NasdaqGS,,APP_ONLY,"C.H. Robinson Worldwide, Inc.",VALID,OK,
68,CIEN,1,NO,,Stock,NYSE,NYSE,,APP_ONLY,Ciena Corporation,VALID,OK,
69,ADI,1,NO,,Stock,NasdaqGS,NasdaqGS,,APP_ONLY,"Analog Devices, Inc.",VALID,NONBLOCKING_METADATA_VARIANT,Source rows contain differing descriptive metadata; symbol itself is unchanged.
70,CSCO,1,NO,,Stock,NasdaqGS,NasdaqGS,,APP_ONLY,"Cisco Systems, Inc.",VALID,NONBLOCKING_METADATA_VARIANT,Source rows contain differing descriptive metadata; symbol itself is unchanged.
71,XLK,1,NO,,ETF,NYSEArca,NYSEArca,US,BOTH,State Street Technology Select Sector SPDR ETF,VALID,OK,
72,JCI,1,NO,,Stock,NYSE,NYSE,,APP_ONLY,Johnson Controls International plc,VALID,OK,
73,APH,1,NO,,Stock,NYSE,NYSE,,APP_ONLY,Amphenol Corporation,VALID,OK,
74,NUE,1,NO,,Stock,NYSE,NYSE,,APP_ONLY,Nucor Corporation,VALID,OK,
75,LKQ,1,NO,,Stock,NASDAQ,NASDAQ,,APP_ONLY,LKQ Corporation,VALID,OK,
76,EXPE,1,NO,,Stock,NasdaqGS,NasdaqGS,,APP_ONLY,"Expedia Group, Inc.",VALID,OK,
77,FSLR,1,NO,,Stock,NasdaqGS,NasdaqGS,,APP_ONLY,"First Solar, Inc.",VALID,OK,
78,RDWR,1,NO,,Stock,NMS,NMS,,APP_ONLY,Radware Ltd.,VALID,OK,
79,SBAC,1,NO,,Stock,NasdaqGS,NasdaqGS,,APP_ONLY,SBA Communications Corporation,VALID,OK,
80,AKAM,1,NO,,Stock,NasdaqGS,NasdaqGS,,APP_ONLY,"Akamai Technologies, Inc.",VALID,OK,
81,XME,1,NO,,ETF,NYSEArca,NYSEArca,,APP_ONLY,State Street SPDR S&P Metals & Mining ETF,VALID,OK,
82,LEG,1,NO,,Stock,NYSE,NYSE,,APP_ONLY,"Leggett & Platt, Incorporated",VALID,OK,
83,4578.T,1,NO,,Stock,Tokyo,Tokyo,,APP_ONLY,"Otsuka Holdings Co., Ltd.",VALID,OK,
84,EPAM,1,NO,,Stock,NYSE,NYSE,,APP_ONLY,"EPAM Systems, Inc.",VALID,OK,
85,SWK,1,NO,,Stock,NYSE,NYSE,,APP_ONLY,"Stanley Black & Decker, Inc.",VALID,OK,
86,AOS,1,NO,,Stock,NYSE,NYSE,,APP_ONLY,A. O. Smith Corporation,VALID,OK,
87,CIBR,1,NO,,ETF,NIM,NIM,,APP_ONLY,First Trust NASDAQ Cybersecurity ETF,VALID,OK,
88,CRWD,1,NO,,Stock,NasdaqGS,NasdaqGS,,APP_ONLY,"CrowdStrike Holdings, Inc.",VALID,OK,
89,HPE,1,NO,,Stock,NYSE,NYSE,,APP_ONLY,Hewlett Packard Enterprise Company,VALID,OK,
90,CDW,1,NO,,Stock,NasdaqGS,NasdaqGS,,APP_ONLY,CDW Corporation,VALID,NONBLOCKING_METADATA_VARIANT,Source rows contain differing descriptive metadata; symbol itself is unchanged.
91,ASML,1,NO,,Stock,NasdaqGS,NasdaqGS,US,BOTH,ASML Holding N.V.,VALID,NONBLOCKING_METADATA_VARIANT,Source rows contain differing descriptive metadata; symbol itself is unchanged.
92,AME,1,NO,,Stock,NYSE,NYSE,,APP_ONLY,"AMETEK, Inc.",VALID,OK,
93,MOS,1,NO,,Stock,NYSE,NYSE,,APP_ONLY,The Mosaic Company,VALID,OK,
94,NTAP,1,NO,,Stock,NASDAQ,NASDAQ,,APP_ONLY,"NetApp, Inc.",VALID,OK,
95,TTC,1,NO,,Stock,NYSE,NYSE,,APP_ONLY,The Toro Company,VALID,OK,
96,WDC,1,NO,,Stock,NasdaqGS,NasdaqGS,,APP_ONLY,Western Digital Corporation,VALID,OK,
97,^VIX,1,NO,,Index,Cboe Indices,Cboe Indices,US,BOTH,CBOE Volatility Index,VALID,NONBLOCKING_METADATA_VARIANT,Source rows contain differing descriptive metadata; symbol itself is unchanged.
98,LUMN,1,NO,,Stock,NYSE,NYSE,,APP_ONLY,"Lumen Technologies, Inc.",VALID,OK,
99,HACK,1,NO,,ETF,PCX,PCX,,APP_ONLY,Amplify Cybersecurity ETF,VALID,OK,
100,GFS,1,NO,,Stock,NasdaqGS,NasdaqGS,,APP_ONLY,GlobalFoundries Inc.,VALID,NONBLOCKING_METADATA_VARIANT,Source rows contain differing descriptive metadata; symbol itself is unchanged.
101,POOL,1,NO,,Stock,NASDAQ,NASDAQ,,APP_ONLY,Pool Corporation,VALID,OK,
102,SPMO,1,NO,,ETF,NYSEArca,NYSEArca,,APP_ONLY,Invesco S&P 500 Momentum ETF,VALID,OK,
103,JAZZ,1,NO,,Stock,NasdaqGS,NasdaqGS,,APP_ONLY,Jazz Pharmaceuticals plc,VALID,OK,
104,CARR,1,NO,,Stock,NYSE,NYSE,,APP_ONLY,Carrier Global Corporation,VALID,OK,
105,BLDR,1,NO,,Stock,NYSE,NYSE,,APP_ONLY,"Builders FirstSource, Inc.",VALID,OK,
106,QLYS,1,NO,,Stock,NMS,NMS,,APP_ONLY,"Qualys, Inc.",VALID,OK,
107,XTL,1,NO,,ETF,NYSEArca,NYSEArca,,APP_ONLY,State Street SPDR S&P Telecom ETF,VALID,OK,
108,PAYC,1,NO,,Stock,NYSE,NYSE,,APP_ONLY,"Paycom Software, Inc.",VALID,OK,
109,IBM,1,NO,,Stock,NYSE,NYSE,US,BOTH,International Business Machines Corporation,VALID,OK,
110,PLUG,1,NO,,Stock,NASDAQ,NASDAQ,,APP_ONLY,Plug Power Inc.,VALID,OK,
111,MTUM,1,NO,,ETF,NYSE,NYSE,,APP_ONLY,iShares MSCI USA Momentum Factor ETF,VALID,OK,
112,ROIV,1,NO,,Stock,NasdaqGS,NasdaqGS,,APP_ONLY,Roivant Sciences Ltd.,VALID,OK,
113,WSM,1,NO,,Stock,NYSE,NYSE,,APP_ONLY,"Williams-Sonoma, Inc.",VALID,OK,
114,ZEAL.CO,1,NO,,Stock,Copenhagen,Copenhagen,,APP_ONLY,Zealand Pharma A/S,VALID,OK,
115,WDAY,1,NO,,Stock,NasdaqGS,NasdaqGS,,APP_ONLY,"Workday, Inc.",VALID,OK,
116,KMB,1,NO,,Stock,NASDAQ,NASDAQ,,APP_ONLY,Kimberly-Clark Corporation,VALID,NONBLOCKING_METADATA_VARIANT,Source rows contain differing descriptive metadata; symbol itself is unchanged.
117,STLA,1,NO,,Stock,NYSE,NYSE,,APP_ONLY,Stellantis N.V.,VALID,OK,
118,RMD,1,NO,,Stock,NYSE,NYSE,,APP_ONLY,ResMed Inc.,VALID,OK,
119,ODFL,1,NO,,Stock,NasdaqGS,NasdaqGS,,APP_ONLY,"Old Dominion Freight Line, Inc.",VALID,OK,
120,CSL.AX,1,NO,,Stock,ASX,ASX,Global,BOTH,CSL Limited,VALID,OK,
121,IDXX,1,NO,,Stock,NasdaqGS,NasdaqGS,,APP_ONLY,"IDEXX Laboratories, Inc.",VALID,OK,
122,IVZ,1,NO,,Stock,NYSE,NYSE,,APP_ONLY,Invesco Ltd.,VALID,OK,
123,HOOD,1,NO,,Stock,NasdaqGS,NasdaqGS,,APP_ONLY,"Robinhood Markets, Inc.",VALID,OK,
124,SW,1,NO,,Stock,NYSE,NYSE,,APP_ONLY,Smurfit Westrock Plc,VALID,OK,
125,TRMB,1,NO,,Stock,NasdaqGS,NasdaqGS,,APP_ONLY,Trimble Inc.,VALID,OK,
126,LUV,1,NO,,Stock,NYSE,NYSE,,APP_ONLY,Southwest Airlines Co.,VALID,OK,
127,NOW,1,NO,,Stock,NYSE,NYSE,,APP_ONLY,"ServiceNow, Inc.",VALID,OK,
128,FSK,1,NO,,Stock,NYSE,NYSE,,APP_ONLY,FS KKR Capital Corp.,VALID,OK,
129,QQQ,1,NO,,ETF,NasdaqGM,NasdaqGM,US,BOTH,Invesco QQQ Trust,VALID,NONBLOCKING_METADATA_VARIANT,Source rows contain differing descriptive metadata; symbol itself is unchanged.
130,MRNA,1,NO,,Stock,NasdaqGS,NasdaqGS,,APP_ONLY,"Moderna, Inc.",VALID,OK,
131,APP,1,NO,,Stock,NasdaqGS,NasdaqGS,,APP_ONLY,AppLovin Corporation,VALID,OK,
132,FAST,1,NO,,Stock,NasdaqGS,NasdaqGS,,APP_ONLY,Fastenal Company,VALID,OK,
133,PPG,1,NO,,Stock,NYSE,NYSE,,APP_ONLY,"PPG Industries, Inc.",VALID,OK,
134,^NDX,1,NO,,Index,Nasdaq GIDS,Nasdaq GIDS,Global,BOTH,NASDAQ-100,VALID,NONBLOCKING_METADATA_VARIANT,Source rows contain differing descriptive metadata; symbol itself is unchanged.
135,DJT,1,NO,,Stock,NASDAQ,NASDAQ,,APP_ONLY,Trump Media & Technology Group Corp.,VALID,OK,
136,UAL,1,NO,,Stock,NasdaqGS,NasdaqGS,,APP_ONLY,"United Airlines Holdings, Inc.",VALID,OK,
137,BIIB,1,NO,,Stock,NasdaqGS,NasdaqGS,,APP_ONLY,Biogen Inc.,VALID,NONBLOCKING_METADATA_VARIANT,Source rows contain differing descriptive metadata; symbol itself is unchanged.
138,CSWC,1,NO,,Stock,NasdaqGS,NasdaqGS,,APP_ONLY,Capital Southwest Corporation,VALID,OK,
139,399001.SZ,1,NO,,Index,Shenzhen,Shenzhen,,APP_ONLY,Shenzhen Index,VALID,OK,
140,ERIE,1,NO,,Stock,NasdaqGS,NasdaqGS,,APP_ONLY,Erie Indemnity Company,VALID,OK,
141,SRPT,1,NO,,Stock,NasdaqGS,NasdaqGS,,APP_ONLY,"Sarepta Therapeutics, Inc.",VALID,OK,
142,OMC,1,NO,,Stock,NYSE,NYSE,,APP_ONLY,Omnicom Group Inc.,VALID,OK,
143,^SPTSEM,1,NO,,Index,Toronto,Toronto,,APP_ONLY,S&P/TSX Completion Index,VALID,OK,
144,TXT,1,NO,,Stock,NYSE,NYSE,,APP_ONLY,Textron Inc.,VALID,OK,
145,TSCO,1,NO,,Stock,NASDAQ,NASDAQ,,APP_ONLY,Tractor Supply Company,VALID,OK,
146,MAS,1,NO,,Stock,NYSE,NYSE,,APP_ONLY,Masco Corporation,VALID,OK,
147,GPC,1,NO,,Stock,NYSE,NYSE,,APP_ONLY,Genuine Parts Company,VALID,OK,
148,ARES,1,NO,,Stock,NYSE,NYSE,,APP_ONLY,Ares Management Corporation,VALID,OK,
149,GILD,1,NO,,Stock,NasdaqGS,NasdaqGS,,APP_ONLY,"Gilead Sciences, Inc.",VALID,OK,
150,FTNT,1,NO,,Stock,NasdaqGS,NasdaqGS,,APP_ONLY,"Fortinet, Inc.",VALID,NONBLOCKING_METADATA_VARIANT,Source rows contain differing descriptive metadata; symbol itself is unchanged.
151,XYZ,1,NO,,Stock,NYSE,NYSE,,APP_ONLY,"Block, Inc.",VALID,OK,
152,XBI,1,NO,,ETF,NYSEArca,NYSEArca,,APP_ONLY,State Street SPDR S&P Biotech ETF,VALID,OK,
153,XAR,1,NO,,ETF,NYSEArca,NYSEArca,,APP_ONLY,State Street SPDR S&P Aerospace & Defense ETF,VALID,OK,
154,URI,1,NO,,Stock,NYSE,NYSE,,APP_ONLY,"United Rentals, Inc.",VALID,OK,
155,XHB,1,NO,,ETF,NYSEArca,NYSEArca,,APP_ONLY,State Street SPDR S&P Homebuilders ETF,VALID,OK,
156,XES,1,NO,,ETF,NYSEArca,NYSEArca,,APP_ONLY,State Street SPDR S&P Oil & Gas Equipment & Services ETF,VALID,OK,
157,SLB,1,NO,,Stock,NYSE,NYSE,,APP_ONLY,Schlumberger Limited,VALID,OK,
158,ANET,1,NO,,Stock,NYSE,NYSE,,APP_ONLY,Arista Networks Inc,VALID,OK,
159,WXXWY,1,NO,,Stock,OTC Markets OTCPK,OTC Markets OTCPK,,APP_ONLY,WuXi Biologics (Cayman) Inc.,VALID,OK,
160,SNPS,1,NO,,Stock,NasdaqGS,NasdaqGS,,APP_ONLY,"Synopsys, Inc.",VALID,OK,
161,HSIC,1,NO,,Stock,NasdaqGS,NasdaqGS,,APP_ONLY,"Henry Schein, Inc.",VALID,OK,
162,XTN,1,NO,,ETF,NYSEArca,NYSEArca,,APP_ONLY,State Street SPDR S&P Transportation ETF,VALID,OK,
163,CHD,1,NO,,Stock,NYSE,NYSE,,APP_ONLY,"Church & Dwight Co., Inc.",VALID,OK,
164,CTVA,1,NO,,Stock,NYSE,NYSE,,APP_ONLY,"Corteva, Inc.",VALID,OK,
165,CCL,1,NO,,Stock,NYSE,NYSE,,APP_ONLY,Carnival Corporation & plc,VALID,OK,
166,PCAR,1,NO,,Stock,NasdaqGS,NasdaqGS,,APP_ONLY,PACCAR Inc,VALID,OK,
167,CL,1,NO,,Stock,NYSE,NYSE,,APP_ONLY,Colgate-Palmolive Company,VALID,OK,
168,AMGN,1,NO,,Stock,NasdaqGS,NasdaqGS,US,BOTH,Amgen Inc.,VALID,NONBLOCKING_METADATA_VARIANT,Source rows contain differing descriptive metadata; symbol itself is unchanged.
169,MSTR,1,NO,,Stock,NasdaqGS,NasdaqGS,,APP_ONLY,Strategy Incorporated,VALID,OK,
170,NWS,1,NO,,Stock,NasdaqGS,NasdaqGS,US,BOTH,News Corporation,VALID,OK,
171,APO,1,NO,,Stock,NYSE,NYSE,,APP_ONLY,"Apollo Global Management, Inc.",VALID,OK,
172,COIN,1,NO,,Stock,NasdaqGS,NasdaqGS,,APP_ONLY,"Coinbase Global, Inc.",VALID,OK,
173,CVNA,1,NO,,Stock,NYSE,NYSE,,APP_ONLY,Carvana Co.,VALID,OK,
174,J,1,NO,,Stock,NYSE,NYSE,,APP_ONLY,Jacobs Solutions Inc.,VALID,OK,
175,KVUE,1,NO,,Stock,NYSE,NYSE,,APP_ONLY,Kenvue Inc.,VALID,OK,
176,LOW,1,NO,,Stock,NYSE,NYSE,US,BOTH,"Lowe's Companies, Inc.",VALID,OK,
177,JBHT,1,NO,,Stock,NasdaqGS,NasdaqGS,,APP_ONLY,"J.B. Hunt Transport Services, Inc.",VALID,OK,
178,CYTK,1,NO,,Stock,NasdaqGS,NasdaqGS,,APP_ONLY,"Cytokinetics, Incorporated",VALID,OK,
179,ACN,1,NO,,Stock,NYSE,NYSE,,APP_ONLY,Accenture plc,VALID,OK,
180,CC=F,1,NO,,Future,NYB,NYB,,APP_ONLY,Cocoa Dec 26,VALID,OK,
181,CPAY,1,NO,,Stock,NYSE,NYSE,,APP_ONLY,"Corpay, Inc.",VALID,OK,
182,MS,1,NO,,Stock,NYSE,NYSE,,APP_ONLY,Morgan Stanley,VALID,OK,
183,ORCL,1,NO,,Stock,NYSE,NYSE,,APP_ONLY,Oracle Corporation,VALID,OK,
184,MGM,1,NO,,Stock,NYSE,NYSE,,APP_ONLY,MGM Resorts International,VALID,OK,
185,MRK.DE,1,NO,,Stock,XETRA,XETRA,Global,BOTH,Merck KGaA,VALID,OK,
186,TSM,1,NO,,Stock,NYSE,NYSE,US,BOTH,Taiwan Semiconductor Manufacturing Company Limited,VALID,OK,
187,VEEV,1,NO,,Stock,NYSE,NYSE,,APP_ONLY,Veeva Systems Inc.,VALID,OK,
188,MHK,1,NO,,Stock,NYSE,NYSE,,APP_ONLY,"Mohawk Industries, Inc.",VALID,OK,
189,CRM,1,NO,,Stock,NYSE,NYSE,,APP_ONLY,"Salesforce, Inc.",VALID,OK,
190,EL,1,NO,,Stock,NYSE,NYSE,,APP_ONLY,The Estée Lauder Companies Inc.,VALID,OK,
191,LII,1,NO,,Stock,NYSE,NYSE,,APP_ONLY,Lennox International Inc.,VALID,OK,
192,LHX,1,NO,,Stock,NYSE,NYSE,,APP_ONLY,"L3Harris Technologies, Inc.",VALID,OK,
193,GRFS,1,NO,,Stock,NasdaqGS,NasdaqGS,,APP_ONLY,"Grifols, S.A.",VALID,OK,
194,GPIQ,1,NO,,ETF,NASDAQ,NASDAQ,,APP_ONLY,Goldman Sachs Nasdaq-100 Premium Income ETF,VALID,OK,
195,EMN,1,NO,,Stock,NYSE,NYSE,,APP_ONLY,Eastman Chemical Company,VALID,OK,
196,FDXF,1,NO,,Stock,NYSE,NYSE,,APP_ONLY,"FedEx Freight Holding Company, Inc.",VALID,OK,
197,FISV,1,NO,,Stock,NASDAQ,NASDAQ,,APP_ONLY,"Fiserv, Inc.",VALID,OK,
198,VRT,1,NO,,Stock,NYSE,NYSE,,APP_ONLY,Vertiv Holdings Co,VALID,OK,
199,EEM,1,NO,,ETF,NYSEArca,NYSEArca,,APP_ONLY,iShares MSCI Emerging Markets ETF,VALID,OK,
200,STLD,1,NO,,Stock,NASDAQ,NASDAQ,,APP_ONLY,"Steel Dynamics, Inc.",VALID,OK,
201,XYL,1,NO,,Stock,NYSE,NYSE,,APP_ONLY,Xylem Inc.,VALID,OK,
202,^IXIC,1,NO,,Index,Nasdaq GIDS,Nasdaq GIDS,Global; US,BOTH,NASDAQ Composite,VALID,OK,
203,^DJT,1,NO,,Index,DJI,DJI,,APP_ONLY,Dow Jones Transportation Averag,VALID,OK,
204,EMR,1,NO,,Stock,NYSE,NYSE,,APP_ONLY,Emerson Electric Co.,VALID,OK,
205,NVDA,1,NO,,Stock,NasdaqGS,NasdaqGS,US,BOTH,NVIDIA Corporation,VALID,NONBLOCKING_METADATA_VARIANT,Source rows contain differing descriptive metadata; symbol itself is unchanged.
206,TYL,1,NO,,Stock,NYSE,NYSE,,APP_ONLY,"Tyler Technologies, Inc.",VALID,OK,
207,ALLE,1,NO,,Stock,NYSE,NYSE,,APP_ONLY,Allegion plc,VALID,OK,
208,DHI,1,NO,,Stock,NYSE,NYSE,,APP_ONLY,"D.R. Horton, Inc.",VALID,OK,
209,GS,1,NO,,Stock,NYSE,NYSE,,APP_ONLY,"The Goldman Sachs Group, Inc.",VALID,OK,
210,MAIN,1,NO,,Stock,NYSE,NYSE,US,BOTH,Main Street Capital Corporation,VALID,OK,
211,ATEN,1,NO,,Stock,NYQ,NYQ,,APP_ONLY,"A10 Networks, Inc.",VALID,OK,
212,ARCC,1,NO,,Stock,NasdaqGS,NasdaqGS,US,BOTH,Ares Capital Corporation,VALID,OK,
213,MLM,1,NO,,Stock,NYSE,NYSE,,APP_ONLY,"Martin Marietta Materials, Inc.",VALID,OK,
214,IPN.PA,1,NO,,Stock,Paris,Paris,Global,BOTH,Ipsen S.A.,VALID,OK,
215,NEM,1,NO,,Stock,NYSE,NYSE,,APP_ONLY,Newmont Corporation,VALID,OK,
216,C,1,NO,,Stock,NYSE,NYSE,,APP_ONLY,Citigroup Inc.,VALID,OK,
217,PPA,1,NO,,ETF,NYSEArca,NYSEArca,,APP_ONLY,Invesco Aerospace & Defense ETF,VALID,OK,
218,QQQI,1,NO,,ETF,NasdaqGM,NasdaqGM,Global,BOTH,NEOS NASDAQ-100(R) High Income ETF,VALID,NONBLOCKING_METADATA_VARIANT,Source rows contain differing descriptive metadata; symbol itself is unchanged.
219,ILMN,1,NO,,Stock,NASDAQ,NASDAQ,,APP_ONLY,"Illumina, Inc.",VALID,OK,
220,ADBE,1,NO,,Stock,NasdaqGS,NasdaqGS,,APP_ONLY,Adobe Inc.,VALID,OK,
221,QQA,1,NO,,ETF,NASDAQ,NASDAQ,,APP_ONLY,Invesco QQQ Income Advantage ETF,VALID,OK,
222,AMCR,1,NO,,Stock,NYSE,NYSE,,APP_ONLY,Amcor plc,VALID,OK,
223,HD,1,NO,,Stock,NYSE,NYSE,,APP_ONLY,"The Home Depot, Inc.",VALID,OK,
224,CSX,1,NO,,Stock,NasdaqGS,NasdaqGS,,APP_ONLY,CSX Corporation,VALID,OK,
225,BAYN.DE,1,NO,,Stock,XETRA,XETRA,Global,BOTH,Bayer Aktiengesellschaft,VALID,OK,
226,XCNY,1,NO,,ETF,NASDAQ,NASDAQ,,APP_ONLY,State Street SPDR S&P Emerging Markets ex-China ETF,VALID,OK,
227,TT,1,NO,,Stock,NYSE,NYSE,,APP_ONLY,Trane Technologies plc,VALID,OK,
228,GPN,1,NO,,Stock,NYSE,NYSE,,APP_ONLY,Global Payments Inc.,VALID,OK,
229,MMM,1,NO,,Stock,NYSE,NYSE,,APP_ONLY,3M Company,VALID,OK,
230,WY,1,NO,,Stock,NYSE,NYSE,,APP_ONLY,Weyerhaeuser Company,VALID,OK,
231,BF-B,1,NO,,Stock,NYSE,NYSE,US,BOTH,Brown-Forman Corporation,VALID,OK,
232,NDSN,1,NO,,Stock,NASDAQ,NASDAQ,,APP_ONLY,Nordson Corporation,VALID,NONBLOCKING_METADATA_VARIANT,Source rows contain differing descriptive metadata; symbol itself is unchanged.
233,NWSA,1,NO,,Stock,NasdaqGS,NasdaqGS,,APP_ONLY,News Corporation,VALID,OK,
234,PJFZX,1,NO,,Mutual Fund,Nasdaq,Nasdaq,,APP_ONLY,PGIM Jennison Growth Z,VALID,OK,
235,ADM,1,NO,,Stock,NYSE,NYSE,,APP_ONLY,Archer-Daniels-Midland Company,VALID,OK,
236,EBAY,1,NO,,Stock,NasdaqGS,NasdaqGS,,APP_ONLY,eBay Inc.,VALID,OK,
237,VUG,1,NO,,ETF,NYSEArca,NYSEArca,,APP_ONLY,Vanguard Morningstar Growth ETF,VALID,OK,
238,ORLY,1,NO,,Stock,NasdaqGS,NasdaqGS,,APP_ONLY,"O'Reilly Automotive, Inc.",VALID,OK,
239,XPH,1,NO,,ETF,NYSEArca,NYSEArca,,APP_ONLY,State Street SPDR S&P Pharmaceuticals ETF,VALID,OK,
240,^JN0U.JO,1,NO,,Index,Johannesburg,Johannesburg,Global,BOTH,Top 40 USD Net TRI Index,VALID,OK,
241,ITW,1,NO,,Stock,NYSE,NYSE,,APP_ONLY,Illinois Tool Works Inc.,VALID,OK,
242,^SPTSES,1,NO,,Index,Toronto,Toronto,Global,BOTH,S&P/TSX SmallCap Index,VALID,OK,
243,GE,1,NO,,Stock,NYSE,NYSE,US,BOTH,GE Aerospace,VALID,OK,
244,IEX,1,NO,,Stock,NYSE,NYSE,,APP_ONLY,IDEX Corporation,VALID,OK,
245,KURE,1,NO,,ETF,NYSEArca,NYSEArca,,APP_ONLY,KraneShares MSCI All China Health Care Index ETF,VALID,OK,
246,^SMLF-IV,1,NO,,Index,NYSE American,NYSE American,,APP_ONLY,ISHARES U.S. SMALLA CAP EQUITY,VALID,OK,
247,SNA,1,NO,,Stock,NYSE,NYSE,,APP_ONLY,Snap-on Incorporated,VALID,OK,
248,QDVO,1,NO,,ETF,NYSEArca,NYSEArca,,APP_ONLY,Amplify CWP Growth & Income ETF,VALID,OK,
249,PCVX,1,NO,,Stock,NasdaqGS,NasdaqGS,,APP_ONLY,"Vaxcyte, Inc.",VALID,OK,
250,XLSR,1,NO,,ETF,NYSEArca,NYSEArca,,APP_ONLY,State Street US Sector Rotation ETF,VALID,OK,
251,LEN,1,NO,,Stock,NYSE,NYSE,,APP_ONLY,Lennar Corporation,VALID,OK,
252,TDY,1,NO,,Stock,NYSE,NYSE,,APP_ONLY,Teledyne Technologies Incorporated,VALID,OK,
253,PNR,1,NO,,Stock,NYSE,NYSE,,APP_ONLY,Pentair plc,VALID,OK,
254,PG,1,NO,,Stock,NYSE,NYSE,US,BOTH,The Procter & Gamble Company,VALID,OK,
255,UPS,1,NO,,Stock,NYSE,NYSE,,APP_ONLY,"United Parcel Service, Inc.",VALID,OK,
256,JEPQ,1,NO,,ETF,NASDAQ,NASDAQ,,APP_ONLY,JPMorgan Nasdaq Equity Premium Income ETF,VALID,NONBLOCKING_METADATA_VARIANT,Source rows contain differing descriptive metadata; symbol itself is unchanged.
257,MDEGX,1,NO,,Mutual Fund,NASDAQ,NASDAQ,,APP_ONLY,BlackRock Unconstrained Equity Fund,VALID,OK,
258,SHW,1,NO,,Stock,NYSE,NYSE,,APP_ONLY,The Sherwin-Williams Company,VALID,OK,
259,IP,1,NO,,Stock,NYSE,NYSE,,APP_ONLY,International Paper Company,VALID,OK,
260,SOLS,1,NO,,Stock,NasdaqGS,NasdaqGS,,APP_ONLY,"Solstice Advanced Materials, Inc.",VALID,OK,
261,XU100.IS,1,NO,,Index,Istanbul,Istanbul,,APP_ONLY,BIST 100,VALID,OK,
262,AWK,1,NO,,Stock,NYSE,NYSE,,APP_ONLY,"American Water Works Company, Inc.",VALID,OK,
263,DOV,1,NO,,Stock,NYSE,NYSE,,APP_ONLY,Dover Corporation,VALID,OK,
264,DE,1,NO,,Stock,NYSE,NYSE,,APP_ONLY,Deere & Company,VALID,OK,
265,TROW,1,NO,,Stock,NASDAQ,NASDAQ,,APP_ONLY,"T. Rowe Price Group, Inc.",VALID,NONBLOCKING_METADATA_VARIANT,Source rows contain differing descriptive metadata; symbol itself is unchanged.
266,OTIS,1,NO,,Stock,NYSE,NYSE,,APP_ONLY,Otis Worldwide Corporation,VALID,OK,
267,AUROPHARMA.NS,1,NO,,Stock,NSE,NSE,,APP_ONLY,Aurobindo Pharma Limited,VALID,OK,
268,FTEK,1,NO,,Stock,NasdaqCM,NasdaqCM,,APP_ONLY,"Fuel Tech, Inc.",VALID,OK,
269,068270.KS,1,NO,,Stock,KSE,KSE,Global,BOTH,"Celltrion, Inc.",VALID,OK,
270,AAPL,1,NO,,Stock,NasdaqGS,NasdaqGS,Exchs; Global; US,BOTH,Apple Inc.,VALID,NONBLOCKING_METADATA_VARIANT,Source rows contain differing descriptive metadata; symbol itself is unchanged.
271,EQIX,1,NO,,Stock,NasdaqGS,NasdaqGS,US,BOTH,"Equinix, Inc.",VALID,OK,
272,PSKY,1,NO,,Stock,NasdaqGS,NasdaqGS,,APP_ONLY,Paramount Skydance Corporation,VALID,NONBLOCKING_METADATA_VARIANT,Source rows contain differing descriptive metadata; symbol itself is unchanged.
273,COF,1,NO,,Stock,NYSE,NYSE,,APP_ONLY,Capital One Financial Corporation,VALID,OK,
274,XLB,1,NO,,ETF,NYSEArca,NYSEArca,,APP_ONLY,State Street Materials Select Sector SPDR ETF,VALID,OK,
275,IR,1,NO,,Stock,NYSE,NYSE,,APP_ONLY,Ingersoll Rand Inc.,VALID,OK,
276,BA.L,1,NO,,Stock,LSE,LSE,Global,BOTH,BAE Systems plc,VALID,NONBLOCKING_METADATA_VARIANT,Source rows contain differing descriptive metadata; symbol itself is unchanged.
277,QQQX,1,NO,,Stock,NasdaqGM,NasdaqGM,,APP_ONLY,Nuveen Nasdaq 100 Dynamic Overwrite Fund,VALID,OK,
278,PWR,1,NO,,Stock,NYSE,NYSE,,APP_ONLY,"Quanta Services, Inc.",VALID,OK,
279,BX,1,NO,,Stock,NYSE,NYSE,,APP_ONLY,Blackstone Inc.,VALID,OK,
280,NVDY,1,NO,,ETF,NYSEArca,NYSEArca,,APP_ONLY,YieldMax NVDA Option Income Strategy ETF,VALID,OK,
281,CWT,1,NO,,Stock,NYSE,NYSE,,APP_ONLY,California Water Service Group,VALID,OK,
282,ITA,1,NO,,ETF,BATS,BATS,,APP_ONLY,iShares U.S. Aerospace & Defense ETF,VALID,OK,
283,PHM,1,NO,,Stock,NYSE,NYSE,,APP_ONLY,"PulteGroup, Inc.",VALID,OK,
284,^RUT,1,NO,,Index,Chicago Options,Chicago Options,US,BOTH,Russell 2000 Index,VALID,OK,
285,INCY,1,NO,,Stock,NasdaqGS,NasdaqGS,,APP_ONLY,Incyte Corporation,VALID,OK,
286,^OEX,1,NO,,Index,Chicago Options,Chicago Options,,APP_ONLY,^OEX,VALID,OK,
287,OBDC,1,NO,,Stock,NYSE,NYSE,US,BOTH,Blue Owl Capital Corporation,VALID,OK,
288,MPC,1,NO,,Stock,NYSE,NYSE,,APP_ONLY,Marathon Petroleum Corporation,VALID,OK,
289,^AXSO,1,NO,,Index,ASX,ASX,,APP_ONLY,S&P/ASX SMALL ORDINARIES,VALID,OK,
290,SPY,1,NO,,ETF,NYSEArca,NYSEArca,Global; US,BOTH,State Street SPDR S&P 500 ETF Trust,VALID,NONBLOCKING_METADATA_VARIANT,Source rows contain differing descriptive metadata; symbol itself is unchanged.
291,^GSPC,1,NO,,Index,SNP,SNP,Global; US,BOTH,S&P 500,VALID,NONBLOCKING_METADATA_VARIANT,Source rows contain differing descriptive metadata; symbol itself is unchanged.
292,^MID,1,NO,,Index,NYSE,NYSE,,APP_ONLY,S&P 400,VALID,OK,
293,^SPSUPX,1,NO,,Index,NYSE,NYSE,,APP_ONLY,S&P Composite 1500,VALID,OK,
294,FDS,1,NO,,Stock,NYSE,NYSE,,APP_ONLY,FactSet Research Systems Inc.,VALID,OK,
295,ALB,1,NO,,Stock,NYSE,NYSE,,APP_ONLY,Albemarle Corporation,VALID,OK,
296,BCE.TO,1,NO,,Stock,Toronto,Toronto,,APP_ONLY,BCE Inc.,VALID,OK,
297,PCM,1,NO,,Stock,NYSE,NYSE,,APP_ONLY,PCM Fund Inc.,VALID,OK,
298,XLI,1,NO,,ETF,NYSEArca,NYSEArca,US,BOTH,State Street Industrial Select Sector SPDR ETF,VALID,OK,
299,ULTA,1,NO,,Stock,NasdaqGS,NasdaqGS,,APP_ONLY,"Ulta Beauty, Inc.",VALID,OK,
300,FTV,1,NO,,Stock,NYSE,NYSE,,APP_ONLY,Fortive Corporation,VALID,OK,
301,CBRE,1,NO,,Stock,NYSE,NYSE,,APP_ONLY,"CBRE Group, Inc.",VALID,OK,
302,UNP,1,NO,,Stock,NYSE,NYSE,,APP_ONLY,Union Pacific Corporation,VALID,OK,
303,PKG,1,NO,,Stock,NYSE,NYSE,,APP_ONLY,Packaging Corporation of America,VALID,OK,
304,CPB,1,NO,,Stock,NasdaqGS,NasdaqGS,,APP_ONLY,The Campbell's Company,VALID,NONBLOCKING_METADATA_VARIANT,Source rows contain differing descriptive metadata; symbol itself is unchanged.
305,CTSH,1,NO,,Stock,NasdaqGS,NasdaqGS,,APP_ONLY,Cognizant Technology Solutions Corporation,VALID,OK,
306,EFX,1,NO,,Stock,NYSE,NYSE,,APP_ONLY,Equifax Inc.,VALID,OK,
307,MTCH,1,NO,,Stock,NASDAQ,NASDAQ,,APP_ONLY,"Match Group, Inc.",VALID,OK,
308,STX,1,NO,,Stock,NASDAQ,NASDAQ,,APP_ONLY,Seagate Technology Holdings plc,VALID,NONBLOCKING_METADATA_VARIANT,Source rows contain differing descriptive metadata; symbol itself is unchanged.
309,VLTO,1,NO,,Stock,NYSE,NYSE,,APP_ONLY,Veralto Corporation,VALID,OK,
310,EXEL,1,NO,,Stock,NasdaqGS,NasdaqGS,,APP_ONLY,"Exelixis, Inc.",VALID,OK,
311,^DJI,1,NO,,Index,DJI,DJI,Global; US,BOTH,Dow Jones Industrial Average,VALID,OK,
312,ACWI,1,NO,,ETF,NASDAQ,NASDAQ,,APP_ONLY,iShares MSCI ACWI ETF,VALID,OK,
313,VRTX,1,NO,,Stock,NasdaqGS,NasdaqGS,,APP_ONLY,Vertex Pharmaceuticals Incorporated,VALID,OK,
314,^DJA,1,NO,,Index,DJI,DJI,,APP_ONLY,Dow Jones Composite Average,VALID,OK,
315,ARGX,1,NO,,Stock,NasdaqGS,NasdaqGS,,APP_ONLY,argenx SE,VALID,OK,
316,^AXMD,1,NO,,Index,ASX,ASX,,APP_ONLY,S&P/ASX MIDCAP50,VALID,OK,
317,INTU,1,NO,,Stock,NasdaqGS,NasdaqGS,,APP_ONLY,Intuit Inc.,VALID,OK,
318,TSLA,1,NO,,Stock,NasdaqGS,NasdaqGS,US,BOTH,"Tesla, Inc.",VALID,NONBLOCKING_METADATA_VARIANT,Source rows contain differing descriptive metadata; symbol itself is unchanged.
319,^SPTSECP3,1,NO,,Index,Toronto,Toronto,,APP_ONLY,S&P/TSX Capped Composite Index,VALID,OK,
320,^GSPTSE,1,NO,,Index,Toronto,Toronto,Global,BOTH,S&P/TSX Composite index,VALID,OK,
321,PGP,1,NO,,Stock,NYSE,NYSE,,APP_ONLY,PIMCO Global StocksPLUS & Income Fund,VALID,OK,
322,^KS11,1,NO,,Index,KSE,KSE,Global,BOTH,KOSPI Composite Index,VALID,OK,
323,LH,1,NO,,Stock,NYSE,NYSE,,APP_ONLY,Labcorp Holdings Inc.,VALID,OK,
324,SYF,1,NO,,Stock,NYSE,NYSE,,APP_ONLY,Synchrony Financial,VALID,OK,
325,^VIXEQ,1,NO,,Index,WCB,WCB,,APP_ONLY,Cboe S&P 500 Constituent Volati,VALID,OK,
326,BA,1,NO,,Stock,NYSE,NYSE,US,BOTH,The Boeing Company,VALID,OK,
327,NCLH,1,NO,,Stock,NYSE,NYSE,,APP_ONLY,Norwegian Cruise Line Holdings Ltd.,VALID,OK,
328,FPURX,1,NO,,Mutual Fund,NASDAQ,NASDAQ,,APP_ONLY,Fidelity Puritan,VALID,OK,
329,KKR,1,NO,,Stock,NYSE,NYSE,,APP_ONLY,KKR & Co. Inc.,VALID,OK,
330,SBUX,1,NO,,Stock,NasdaqGS,NasdaqGS,,APP_ONLY,Starbucks Corporation,VALID,OK,
331,MOV,1,NO,,Stock,NYSE,NYSE,,APP_ONLY,"Movado Group, Inc.",VALID,OK,
332,WMB,1,NO,,Stock,NYSE,NYSE,,APP_ONLY,"The Williams Companies, Inc.",VALID,OK,
333,FITB,1,NO,,Stock,NasdaqGS,NasdaqGS,,APP_ONLY,Fifth Third Bancorp,VALID,OK,
334,DE000SL0KV47.SG,1,NO,,Index,Stuttgart,Stuttgart,,APP_ONLY,Solactive Silver Spot London Close Index,VALID,OK,
335,PFE,1,NO,,Stock,NYSE,NYSE,,APP_ONLY,Pfizer Inc.,VALID,OK,
336,BKR,1,NO,,Stock,NasdaqGS,NasdaqGS,,APP_ONLY,Baker Hughes Company,VALID,OK,
337,FDVV,1,NO,,ETF,NYSEArca,NYSEArca,,APP_ONLY,Fidelity High Dividend ETF,VALID,OK,
338,CMCSA,1,NO,,Stock,NasdaqGS,NasdaqGS,,APP_ONLY,Comcast Corporation,VALID,NONBLOCKING_METADATA_VARIANT,Source rows contain differing descriptive metadata; symbol itself is unchanged.
339,BEN,1,NO,,Stock,NYSE,NYSE,,APP_ONLY,"Franklin Resources, Inc.",VALID,OK,
340,JCE,1,NO,,Stock,NYSE,NYSE,,APP_ONLY,Nuveen Core Equity Alpha Fund,VALID,OK,
341,RF,1,NO,,Stock,NYSE,NYSE,,APP_ONLY,Regions Financial Corporation,VALID,OK,
342,ETN,1,NO,,Stock,NYSE,NYSE,,APP_ONLY,Eaton Corporation plc,VALID,OK,
343,HAL,1,NO,,Stock,NYSE,NYSE,,APP_ONLY,Halliburton Company,VALID,OK,
344,DOW,1,NO,,Stock,NYSE,NYSE,,APP_ONLY,Dow Inc.,VALID,OK,
345,^AORD,1,NO,,Index,ASX,ASX,,APP_ONLY,ALL ORDINARIES,VALID,OK,
346,FFIV,1,NO,,Stock,NasdaqGS,NasdaqGS,,APP_ONLY,"F5, Inc.",VALID,OK,
347,PDI,1,NO,,Stock,NYSE,NYSE,Global; US,BOTH,PIMCO Dynamic Income Fund,VALID,OK,
348,SAR,1,NO,,Stock,NYSE,NYSE,,APP_ONLY,Saratoga Investment Corp.,VALID,OK,
349,MTB,1,NO,,Stock,NYSE,NYSE,,APP_ONLY,M&T Bank Corporation,VALID,OK,
350,TFC,1,NO,,Stock,NYSE,NYSE,,APP_ONLY,Truist Financial Corporation,VALID,OK,
351,^AXKO,1,NO,,Index,ASX,ASX,,APP_ONLY,S&P/ASX 300,VALID,OK,
352,SJM,1,NO,,Stock,NYSE,NYSE,,APP_ONLY,The J. M. Smucker Company,VALID,OK,
353,^SPXEW,1,NO,,Index,NYSE,NYSE,,APP_ONLY,S&P 500 EQUAL WEIGHTED,VALID,OK,
354,PACB,1,NO,,Stock,NASDAQ,NASDAQ,,APP_ONLY,"Pacific Biosciences of California, Inc.",VALID,OK,
355,CRL,1,NO,,Stock,NYSE,NYSE,,APP_ONLY,"Charles River Laboratories International, Inc.",VALID,OK,
356,^AXJO,1,NO,,Index,ASX,ASX,Global,BOTH,S&P/ASX 200,VALID,OK,
357,DLR,1,NO,,Stock,NYSE,NYSE,,APP_ONLY,"Digital Realty Trust, Inc.",VALID,OK,
358,NZF,1,NO,,Stock,NYSE,NYSE,,APP_ONLY,Nuveen Municipal Credit Income Fund,VALID,OK,
359,PCQ,1,NO,,Stock,NYSE,NYSE,,APP_ONLY,PIMCO California Municipal Income Fund,VALID,OK,
360,JPM,1,NO,,Stock,NYSE,NYSE,US,BOTH,JPMorgan Chase & Co.,VALID,OK,
361,DE000SL0KKF1.SG,1,NO,,Index,Stuttgart,Stuttgart,,APP_ONLY,Solactive Gold Spot London Close Index,VALID,OK,
362,^ATOI,1,NO,,Index,ASX,ASX,,APP_ONLY,S&P/ASX 100,VALID,OK,
363,AFB,1,NO,,Stock,NYSE,NYSE,,APP_ONLY,"AllianceBernstein National Municipal Income Fund, Inc.",VALID,OK,
364,NSC,1,NO,,Stock,NYSE,NYSE,,APP_ONLY,Norfolk Southern Corporation,VALID,OK,
365,VFWPX,1,NO,,Mutual Fund,Nasdaq,Nasdaq,Global,BOTH,Vanguard FTSE All-World ex-US Index Fund,VALID,NONBLOCKING_METADATA_VARIANT,Source rows contain differing descriptive metadata; symbol itself is unchanged.
366,^JKSE,1,NO,,Index,Jakarta,Jakarta,Global,BOTH,IDX COMPOSITE,VALID,OK,
367,BSX,1,NO,,Stock,NYSE,NYSE,,APP_ONLY,Boston Scientific Corporation,VALID,OK,
368,^OMXSPI,1,NO,,Index,Stockholm,Stockholm,Global,BOTH,OMX Stockholm_PI,VALID,OK,
369,CFG,1,NO,,Stock,NYSE,NYSE,,APP_ONLY,"Citizens Financial Group, Inc.",VALID,OK,
370,^AFLI,1,NO,,Index,ASX,ASX,,APP_ONLY,S&P/ASX 50,VALID,OK,
371,GLQ,1,NO,,Stock,NYSE,NYSE,US,BOTH,Clough Global Equity Fund,VALID,NONBLOCKING_METADATA_VARIANT,Source rows contain differing descriptive metadata; symbol itself is unchanged.
372,CDNS,1,NO,,Stock,NasdaqGS,NasdaqGS,,APP_ONLY,"Cadence Design Systems, Inc.",VALID,OK,
373,ECL,1,NO,,Stock,NYSE,NYSE,,APP_ONLY,Ecolab Inc.,VALID,OK,
374,FDX,1,NO,,Stock,NYSE,NYSE,,APP_ONLY,FedEx Corporation,VALID,OK,
375,FSTCX,1,NO,,Mutual Fund,NASDAQ,NASDAQ,,APP_ONLY,Fidelity Select Telecommunications Port,VALID,OK,
376,^ATLI,1,NO,,Index,ASX,ASX,,APP_ONLY,S&P/ASX 20,VALID,OK,
377,CZR,1,NO,,Stock,NasdaqGS,NasdaqGS,,APP_ONLY,"Caesars Entertainment, Inc.",VALID,OK,
378,PTC,1,NO,,Stock,NASDAQ,NASDAQ,,APP_ONLY,PTC Inc.,VALID,OK,
379,AMT,1,NO,,Stock,NYSE,NYSE,US,BOTH,American Tower Corporation,VALID,OK,
380,MSI,1,NO,,Stock,NYSE,NYSE,,APP_ONLY,"Motorola Solutions, Inc.",VALID,OK,
381,BBY,1,NO,,Stock,NYSE,NYSE,,APP_ONLY,"Best Buy Co., Inc.",VALID,OK,
382,DAL,1,NO,,Stock,NYSE,NYSE,,APP_ONLY,"Delta Air Lines, Inc.",VALID,OK,
383,KEY,1,NO,,Stock,NYSE,NYSE,,APP_ONLY,KeyCorp,VALID,OK,
384,AZO,1,NO,,Stock,NYSE,NYSE,,APP_ONLY,"AutoZone, Inc.",VALID,OK,
385,ORNAV.HE,1,NO,,Stock,Helsinki,Helsinki,,APP_ONLY,Orion Oyj,VALID,OK,
386,BG,1,NO,,Stock,NYSE,NYSE,,APP_ONLY,Bunge Global SA,VALID,OK,
387,AD,1,NO,,Stock,NYSE,NYSE,,APP_ONLY,"Array Digital Infrastructure, I",VALID,OK,
388,XHE,1,NO,,ETF,NYSEArca,NYSEArca,,APP_ONLY,State Street SPDR S&P Health Care Equipment ETF,VALID,OK,
389,EFA,1,NO,,ETF,NYSEArca,NYSEArca,,APP_ONLY,iShares MSCI EAFE ETF,VALID,OK,
390,FBALX,1,NO,,Mutual Fund,Nasdaq,Nasdaq,Global; US,BOTH,Fidelity Balanced Fund,VALID,NONBLOCKING_METADATA_VARIANT,Source rows contain differing descriptive metadata; symbol itself is unchanged.
391,^XAX,1,NO,,Index,NYSE,NYSE,,APP_ONLY,NYSE American Composite Index,VALID,OK,
392,VWILX,1,NO,,Mutual Fund,Nasdaq,Nasdaq,Global,BOTH,Vanguard International Growth Adm,VALID,NONBLOCKING_METADATA_VARIANT,Source rows contain differing descriptive metadata; symbol itself is unchanged.
393,BMRN,1,NO,,Stock,NasdaqGS,NasdaqGS,,APP_ONLY,BioMarin Pharmaceutical Inc.,VALID,OK,
394,NAC,1,NO,,Stock,NYSE,NYSE,Global; US,BOTH,Nuveen California Quality Municipal Income Fund,VALID,OK,
395,CCI,1,NO,,Stock,NYSE,NYSE,US,BOTH,Crown Castle Inc.,VALID,OK,
396,GMAB,1,NO,,Stock,NasdaqGS,NasdaqGS,,APP_ONLY,Genmab A/S,VALID,OK,
397,CNI,1,NO,,Stock,NYSE,NYSE,,APP_ONLY,Canadian National Railway Company,VALID,OK,
398,RMI,1,NO,,Stock,NYSE,NYSE,,APP_ONLY,"RiverNorth Opportunistic Municipal Income Fund, Inc.",VALID,OK,
399,MCD,1,NO,,Stock,NYSE,NYSE,,APP_ONLY,McDonald's Corporation,VALID,OK,
400,GEV,1,NO,,Stock,NYSE,NYSE,,APP_ONLY,GE Vernova Inc.,VALID,OK,
401,UCB.VI,1,NO,,Stock,Vienna,Vienna,,APP_ONLY,UCB SA,VALID,OK,
402,DD,1,NO,,Stock,NYSE,NYSE,,APP_ONLY,"DuPont de Nemours, Inc.",VALID,OK,
403,HALO,1,NO,,Stock,NasdaqGS,NasdaqGS,,APP_ONLY,"Halozyme Therapeutics, Inc.",VALID,OK,
404,PYPL,1,NO,,Stock,NasdaqGS,NasdaqGS,,APP_ONLY,"PayPal Holdings, Inc.",VALID,OK,
405,IRM,1,NO,,Stock,NYSE,NYSE,,APP_ONLY,Iron Mountain Incorporated,VALID,OK,
406,HBAN,1,NO,,Stock,NasdaqGS,NasdaqGS,,APP_ONLY,Huntington Bancshares Incorporated,VALID,OK,
407,PCITX,1,NO,,Mutual Fund,Nasdaq,Nasdaq,,APP_ONLY,Victory Pioneer International Equ C,VALID,OK,
408,^ATX,1,NO,,Index,Vienna,Vienna,Global,BOTH,ATX,VALID,OK,
409,NCA,1,NO,,Stock,NYSE,NYSE,,APP_ONLY,Nuveen California Municipal Value Fund,VALID,OK,
410,^FTT1X,1,NO,,Index,FTSE Index,FTSE Index,,APP_ONLY,FTSE techMARK Focus Index,VALID,OK,
411,GOOGL,1,NO,,Stock,NasdaqGS,NasdaqGS,US,BOTH,Alphabet Inc.,VALID,NONBLOCKING_METADATA_VARIANT,Source rows contain differing descriptive metadata; symbol itself is unchanged.
412,IVE,1,NO,,ETF,NYSEArca,NYSEArca,,APP_ONLY,iShares S&P 500 Value ETF,VALID,OK,
413,LYV,1,NO,,Stock,NYSE,NYSE,,APP_ONLY,"Live Nation Entertainment, Inc.",VALID,OK,
414,NIM,1,NO,,Stock,NYSE,NYSE,,APP_ONLY,Nuveen Select Maturities Municipal Fund,VALID,OK,
415,SPYI,1,NO,,ETF,BATS,BATS,,APP_ONLY,Neos S&P 500(R) High Income ETF,VALID,OK,
416,V,1,NO,,Stock,NYSE,NYSE,,APP_ONLY,Visa Inc.,VALID,OK,
417,ADSK,1,NO,,Stock,NasdaqGS,NasdaqGS,,APP_ONLY,"Autodesk, Inc.",VALID,OK,
418,IONS,1,NO,,Stock,NasdaqGS,NasdaqGS,,APP_ONLY,"Ionis Pharmaceuticals, Inc.",VALID,OK,
419,MSFT,1,NO,,Stock,NasdaqGS,NasdaqGS,Global; US,BOTH,Microsoft Corporation,VALID,NONBLOCKING_METADATA_VARIANT,Source rows contain differing descriptive metadata; symbol itself is unchanged.
420,DLTR,1,NO,,Stock,NasdaqGS,NasdaqGS,,APP_ONLY,"Dollar Tree, Inc.",VALID,OK,
421,MKC,1,NO,,Stock,NYSE,NYSE,,APP_ONLY,"McCormick & Company, Incorporated",VALID,OK,
422,ES,1,NO,,Stock,NYSE,NYSE,,APP_ONLY,Eversource Energy,VALID,OK,
423,FGRIX,1,NO,,Mutual Fund,NASDAQ,NASDAQ,,APP_ONLY,Fidelity Growth & Income,VALID,OK,
424,FEQTX,1,NO,,Mutual Fund,NASDAQ,NASDAQ,,APP_ONLY,Fidelity Equity Dividend Income,VALID,OK,
425,FTXH,1,NO,,ETF,NasdaqGM,NasdaqGM,,APP_ONLY,First Trust Nasdaq Pharmaceuticals ETF,VALID,OK,
426,NVR,1,NO,,Stock,NYSE,NYSE,,APP_ONLY,"NVR, Inc.",VALID,OK,
427,IBKR,1,NO,,Stock,NasdaqGS,NasdaqGS,,APP_ONLY,"Interactive Brokers Group, Inc.",VALID,OK,
428,M,1,NO,,Stock,NYSE,NYSE,,APP_ONLY,"Macy's, Inc.",VALID,OK,
429,GF=F,1,NO,,Future,CME,CME,,APP_ONLY,Feeder Cattle,VALID,OK,
430,BXSL,1,NO,,Stock,NYSE,NYSE,US,BOTH,Blackstone Secured Lending Fund,VALID,OK,
431,PDD,1,NO,,Stock,NasdaqGS,NasdaqGS,,APP_ONLY,PDD Holdings Inc.,VALID,OK,
432,XRT,1,NO,,ETF,NYSEArca,NYSEArca,,APP_ONLY,State Street SPDR S&P Retail ETF,VALID,OK,
433,^N100,1,NO,,Index,Paris,Paris,Global,BOTH,Euronext 100 Index,VALID,OK,
434,BCE,1,NO,,Stock,NYSE,NYSE,,APP_ONLY,BCE Inc.,VALID,OK,
435,PNC,1,NO,,Stock,NYSE,NYSE,,APP_ONLY,"The PNC Financial Services Group, Inc.",VALID,OK,
436,QYLD,1,NO,,ETF,NASDAQ,NASDAQ,,APP_ONLY,Global X NASDAQ 100 Covered Call ETF,VALID,OK,
437,MUC,1,NO,,Stock,NYSE,NYSE,,APP_ONLY,"BlackRock MuniHoldings California Quality Fund, Inc.",VALID,OK,
438,^STOXX50E,1,NO,,Index,Zurich,Zurich,Global,BOTH,EURO STOXX 50 I,VALID,OK,
439,DASH,1,NO,,Stock,NasdaqGS,NasdaqGS,,APP_ONLY,"DoorDash, Inc.",VALID,OK,
440,^AEX,1,NO,,Index,Amsterdam,Amsterdam,Global,BOTH,AEX-Index,VALID,OK,
441,NPV,1,NO,,Stock,NYSE,NYSE,,APP_ONLY,Nuveen Virginia Quality Municipal Income Fund,VALID,OK,
442,KRC,1,NO,,Stock,NYSE,NYSE,,APP_ONLY,Kilroy Realty Corporation,VALID,OK,
443,SPXX,1,NO,,Stock,NYSE,NYSE,,APP_ONLY,Nuveen S&P 500 Dynamic Overwrite Fund,VALID,OK,
444,TRV,1,NO,,Stock,NYSE,NYSE,,APP_ONLY,"The Travelers Companies, Inc.",VALID,OK,
445,BAX,1,NO,,Stock,NYSE,NYSE,,APP_ONLY,Baxter International Inc.,VALID,OK,
446,DPZ,1,NO,,Stock,NasdaqGS,NasdaqGS,,APP_ONLY,"Domino's Pizza, Inc.",VALID,OK,
447,TAP,1,NO,,Stock,NYSE,NYSE,,APP_ONLY,Molson Coors Beverage Company,VALID,OK,
448,EW,1,NO,,Stock,NYSE,NYSE,,APP_ONLY,Edwards Lifesciences Corporation,VALID,OK,
449,NMT,1,NO,,Stock,NYSE,NYSE,,APP_ONLY,Nuveen Massachusetts Quality Municipal Income Fund,VALID,OK,
450,WAB,1,NO,,Stock,NYSE,NYSE,,APP_ONLY,Westinghouse Air Brake Technologies Corporation,VALID,OK,
451,XLF,1,NO,,ETF,NYSEArca,NYSEArca,US,BOTH,State Street Financial Select Sector SPDR ETF,VALID,OK,
452,REC.MI,1,NO,,Stock,Milan,Milan,Global,BOTH,Recordati Industria Chimica e Farmaceutica S.p.A.,VALID,OK,
453,GD,1,NO,,Stock,NYSE,NYSE,,APP_ONLY,General Dynamics Corporation,VALID,OK,
454,LIN,1,NO,,Stock,NasdaqGS,NasdaqGS,,APP_ONLY,Linde plc,VALID,OK,
455,SCHD,1,NO,,ETF,NYSEArca,NYSEArca,,APP_ONLY,Schwab U.S. Dividend Equity ETF,VALID,OK,
456,^NYA,1,NO,,Index,NYSE,NYSE,,APP_ONLY,NYSE Composite Index,VALID,OK,
457,GRMN,1,NO,,Stock,NYSE,NYSE,,APP_ONLY,Garmin Ltd.,VALID,OK,
458,STT,1,NO,,Stock,NYSE,NYSE,,APP_ONLY,State Street Corporation,VALID,OK,
459,MAGS,1,NO,,ETF,BATS,BATS,,APP_ONLY,Roundhill Magnificent Seven ETF,VALID,OK,
460,USA,1,NO,,Stock,NYSE,NYSE,US,BOTH,Liberty All-Star Equity Fund,VALID,OK,
461,PAYX,1,NO,,Stock,NasdaqGS,NasdaqGS,,APP_ONLY,"Paychex, Inc.",VALID,OK,
462,PJP,1,NO,,ETF,NYSEArca,NYSEArca,,APP_ONLY,Invesco Pharmaceuticals ETF,VALID,OK,
463,KHC,1,NO,,Stock,NASDAQ,NASDAQ,,APP_ONLY,The Kraft Heinz Company,VALID,NONBLOCKING_METADATA_VARIANT,Source rows contain differing descriptive metadata; symbol itself is unchanged.
464,HASI,1,NO,,Stock,NYSE,NYSE,,APP_ONLY,"HA Sustainable Infrastructure Capital, Inc.",VALID,OK,
465,APN.JO,1,NO,,Stock,Johannesburg,Johannesburg,Global,BOTH,Aspen Pharmacare Holdings Limited,VALID,OK,
466,MYN,1,NO,,Stock,NYSE,NYSE,,APP_ONLY,"BlackRock MuniYield New York Quality Fund, Inc.",VALID,OK,
467,HON,1,NO,,Stock,NasdaqGS,NasdaqGS,,APP_ONLY,Honeywell International Inc.,VALID,NONBLOCKING_METADATA_VARIANT,Source rows contain differing descriptive metadata; symbol itself is unchanged.
468,^IRX,1,NO,,Index,Cboe Indices,Cboe Indices,,APP_ONLY,13 WEEK TREASURY BILL,VALID,OK,
469,BKNG,1,NO,,Stock,NasdaqGS,NasdaqGS,,APP_ONLY,Booking Holdings Inc.,VALID,OK,
470,LYB,1,NO,,Stock,NYSE,NYSE,,APP_ONLY,LyondellBasell Industries N.V.,VALID,OK,
471,HE=F,1,NO,,Future,CME,CME,,APP_ONLY,"Lean Hog Futures,Oct-2026",VALID,OK,
472,ZYDUSLIFE.NS,1,NO,,Stock,NSE,NSE,,APP_ONLY,Zydus Lifesciences Limited,VALID,OK,
473,BRK-B,1,NO,,Stock,NYSE,NYSE,US,BOTH,Berkshire Hathaway Inc.,VALID,OK,
474,600276.SS,1,NO,,Stock,Shanghai,Shanghai,Global,BOTH,"Jiangsu Hengrui Pharmaceuticals Co.,Ltd",VALID,OK,
475,BRK-A,1,NO,,Stock,NYSE,NYSE,,APP_ONLY,Berkshire Hathaway Inc.,VALID,OK,
476,GME,1,NO,,Stock,NYSE,NYSE,,APP_ONLY,GameStop Corp.,VALID,OK,
477,BTO,1,NO,,Stock,NYSE,NYSE,,APP_ONLY,John Hancock Financial Opportunities Fund,VALID,OK,
478,FEQIX,1,NO,,Mutual Fund,NASDAQ,NASDAQ,,APP_ONLY,Fidelity Equity-Income,VALID,OK,
479,CINF,1,NO,,Stock,NasdaqGS,NasdaqGS,,APP_ONLY,Cincinnati Financial Corporation,VALID,OK,
480,GOOG,1,NO,,Stock,NasdaqGS,NasdaqGS,US,BOTH,Alphabet Inc.,VALID,NONBLOCKING_METADATA_VARIANT,Source rows contain differing descriptive metadata; symbol itself is unchanged.
481,^GDAXI,1,NO,,Index,XETRA,XETRA,Global,BOTH,DAX P,VALID,OK,
482,CHKP,1,NO,,Stock,NMS,NMS,,APP_ONLY,Check Point Software Technologies Ltd.,VALID,OK,
483,HSY,1,NO,,Stock,NYSE,NYSE,,APP_ONLY,The Hershey Company,VALID,OK,
484,DGX,1,NO,,Stock,NYSE,NYSE,,APP_ONLY,Quest Diagnostics Incorporated,VALID,OK,
485,GEHC,1,NO,,Stock,NasdaqGS,NasdaqGS,,APP_ONLY,GE HealthCare Technologies Inc.,VALID,OK,
486,WMT,1,NO,,Stock,NasdaqGS,NasdaqGS,US,BOTH,Walmart Inc.,VALID,NONBLOCKING_METADATA_VARIANT,Source rows contain differing descriptive metadata; symbol itself is unchanged.
487,^CASE30,1,NO,,Index,EGX,EGX,,APP_ONLY,EGX 30 Price Return Index,VALID,OK,
488,NEE,1,NO,,Stock,NYSE,NYSE,US,BOTH,"NextEra Energy, Inc.",VALID,OK,
489,^FTAI,1,NO,,Index,FTSE Index,FTSE Index,Global,BOTH,FTSE AIM All-Share Index,VALID,OK,
490,ETR,1,NO,,Stock,NYSE,NYSE,,APP_ONLY,Entergy Corporation,VALID,OK,
491,EVRG,1,NO,,Stock,NasdaqGS,NasdaqGS,,APP_ONLY,"Evergy, Inc.",VALID,OK,
492,NNY,1,NO,,Stock,NYSE,NYSE,,APP_ONLY,Nuveen New York Municipal Value Fund,VALID,OK,
493,GDDY,1,NO,,Stock,NYSE,NYSE,,APP_ONLY,GoDaddy Inc.,VALID,OK,
494,GM,1,NO,,Stock,NYSE,NYSE,,APP_ONLY,General Motors Company,VALID,OK,
495,NPFD,1,NO,,Stock,NYSE,NYSE,,APP_ONLY,Nuveen Variable Rate Preferred & Income Fund,VALID,OK,
496,LUPIN.NS,1,NO,,Stock,NSE,NSE,,APP_ONLY,Lupin Limited,VALID,OK,
497,PAXS,1,NO,,Stock,NYSE,NYSE,,APP_ONLY,PIMCO Access Income Fund,VALID,OK,
498,^BFX,1,NO,,Index,Brussels,Brussels,,APP_ONLY,BEL 20,VALID,OK,
499,JMM,1,NO,,Stock,NYSE,NYSE,,APP_ONLY,Nuveen Multi-Market Income Fund,VALID,OK,
500,D,1,NO,,Stock,NYSE,NYSE,,APP_ONLY,"Dominion Energy, Inc.",VALID,OK,
501,FXA,1,NO,,ETF,NYSEArca,NYSEArca,,APP_ONLY,Invesco CurrencyShares Australian Dollar Trust,VALID,OK,
502,MNST,1,NO,,Stock,NasdaqGS,NasdaqGS,,APP_ONLY,Monster Beverage Corporation,VALID,OK,
503,AIG,1,NO,,Stock,NYSE,NYSE,,APP_ONLY,"American International Group, Inc.",VALID,OK,
504,BAC,1,NO,,Stock,NYSE,NYSE,,APP_ONLY,Bank of America Corporation,VALID,OK,
505,CTBI,1,NO,,Stock,NasdaqGS,NasdaqGS,,APP_ONLY,"Community Trust Bancorp, Inc.",VALID,OK,
506,FER,1,NO,,Stock,NasdaqGS,NasdaqGS,,APP_ONLY,Ferrovial SE,VALID,OK,
507,EPD,1,NO,,Stock,NYSE,NYSE,US,BOTH,Enterprise Products Partners L.P.,VALID,OK,
508,FSDIX,1,NO,,Mutual Fund,NASDAQ,NASDAQ,,APP_ONLY,Fidelity Strategic Dividend & Income,VALID,OK,
509,HWM,1,NO,,Stock,NYSE,NYSE,,APP_ONLY,Howmet Aerospace Inc.,VALID,OK,
510,FOXA,1,NO,,Stock,NasdaqGS,NasdaqGS,,APP_ONLY,Fox Corporation,VALID,OK,
511,BUD,1,NO,,Stock,NYSE,NYSE,,APP_ONLY,Anheuser-Busch InBev SA/NV,VALID,OK,
512,BMY,1,NO,,Stock,NYSE,NYSE,,APP_ONLY,Bristol-Myers Squibb Company,VALID,OK,
513,^SSMI,1,NO,,Index,Swiss,Swiss,Global,BOTH,SMI PR,VALID,OK,
514,PNW,1,NO,,Stock,NYSE,NYSE,,APP_ONLY,Pinnacle West Capital Corporation,VALID,OK,
515,LEGN,1,NO,,Stock,NasdaqGS,NasdaqGS,,APP_ONLY,Legend Biotech Corporation,VALID,OK,
516,XLC,1,NO,,ETF,NYSEArca,NYSEArca,,APP_ONLY,State Street Communication Services Select Sector SPDR ETF,VALID,OK,
517,COO,1,NO,,Stock,NasdaqGS,NasdaqGS,,APP_ONLY,"The Cooper Companies, Inc.",VALID,OK,
518,RYLD,1,NO,,ETF,BATS,BATS,,APP_ONLY,Global X Russell 2000 Covered Call ETF,VALID,OK,
519,IHE,1,NO,,ETF,NYSEArca,NYSEArca,,APP_ONLY,iShares U.S. Pharmaceuticals ETF,VALID,OK,
520,KDP,1,NO,,Stock,NasdaqGS,NasdaqGS,,APP_ONLY,Keurig Dr Pepper Inc.,VALID,OK,
521,^FCHI,1,NO,,Index,Paris,Paris,Global,BOTH,CAC 40,VALID,OK,
522,APD,1,NO,,Stock,NYSE,NYSE,,APP_ONLY,"Air Products and Chemicals, Inc.",VALID,OK,
523,CAG,1,NO,,Stock,NYSE,NYSE,,APP_ONLY,"Conagra Brands, Inc.",VALID,OK,
524,^ISEQ,1,NO,,Index,Irish,Irish,,APP_ONLY,ISEQ All Share,VALID,OK,
525,XLP,1,NO,,ETF,NYSEArca,NYSEArca,,APP_ONLY,State Street Consumer Staples Select Sector SPDR ETF,VALID,OK,
526,MMU,1,NO,,Stock,NYSE,NYSE,,APP_ONLY,Western Asset Managed Municipals Fund Inc.,VALID,OK,
527,AVY,1,NO,,Stock,NYSE,NYSE,,APP_ONLY,Avery Dennison Corporation,VALID,OK,
528,RTX,1,NO,,Stock,NYSE,NYSE,,APP_ONLY,RTX Corporation,VALID,OK,
529,NRK,1,NO,,Stock,NYSE,NYSE,,APP_ONLY,Nuveen New York AMT-Free Quality Municipal Income Fund,VALID,OK,
530,MIY,1,NO,,Stock,NYSE,NYSE,,APP_ONLY,"BlackRock MuniYield Michigan Quality Fund, Inc.",VALID,OK,
531,FCAL,1,NO,,ETF,NasdaqGM,NasdaqGM,,APP_ONLY,First Trust California Municipal High Income ETF,VALID,OK,
532,AXP,1,NO,,Stock,NYSE,NYSE,,APP_ONLY,American Express Company,VALID,OK,
533,NKX,1,NO,,Stock,NYSE,NYSE,,APP_ONLY,Nuveen California AMT-Free Quality Municipal Income Fund,VALID,OK,
534,PYLD,1,NO,,ETF,NYSEArca,NYSEArca,,APP_ONLY,PIMCO ETF Trust - PIMCO Multisector Bond Active Exchange-Traded Fund,VALID,OK,
535,WFC,1,NO,,Stock,NYSE,NYSE,,APP_ONLY,Wells Fargo & Company,VALID,OK,
536,MDLZ,1,NO,,Stock,NasdaqGS,NasdaqGS,,APP_ONLY,"Mondelez International, Inc.",VALID,OK,
537,NOC,1,NO,,Stock,NYSE,NYSE,,APP_ONLY,Northrop Grumman Corporation,VALID,OK,
538,MPA,1,NO,,Stock,NYSE,NYSE,,APP_ONLY,BlackRock MuniYield Pennsylvania Quality Fund,VALID,OK,
539,^NZ50,1,NO,,Index,NZSE,NZSE,Global,BOTH,S&P/NZX 50 INDEX GROSS ( GROSS,VALID,OK,
540,RPRX,1,NO,,Stock,NasdaqGS,NasdaqGS,,APP_ONLY,Royalty Pharma plc,VALID,OK,
541,RCL,1,NO,,Stock,NYSE,NYSE,,APP_ONLY,Royal Caribbean Cruises Ltd.,VALID,OK,
542,VMC,1,NO,,Stock,NYSE,NYSE,,APP_ONLY,Vulcan Materials Company,VALID,OK,
543,UBER,1,NO,,Stock,NYSE,NYSE,,APP_ONLY,"Uber Technologies, Inc.",VALID,OK,
544,GIS,1,NO,,Stock,NYSE,NYSE,,APP_ONLY,"General Mills, Inc.",VALID,OK,
545,LMT,1,NO,,Stock,NYSE,NYSE,,APP_ONLY,Lockheed Martin Corporation,VALID,OK,
546,NAD,1,NO,,Stock,NYSE,NYSE,US,BOTH,Nuveen Quality Municipal Income Fund,VALID,OK,
547,VOD,1,NO,,Stock,NASDAQ,NASDAQ,,APP_ONLY,Vodafone Group Public Limited Company,VALID,OK,
548,HIK.L,1,NO,,Stock,LSE,LSE,,APP_ONLY,Hikma Pharmaceuticals PLC,VALID,OK,
549,NCIQ,1,NO,,ETF,NASDAQ,NASDAQ,,APP_ONLY,Hashdex Nasdaq CME Crypto Index US ETF,VALID,OK,
550,BBN,1,NO,,Stock,NYSE,NYSE,,APP_ONLY,BlackRock Taxable Municipal Bond Trust,VALID,OK,
551,BWX,1,NO,,ETF,NYSEArca,NYSEArca,,APP_ONLY,SPDR Bloomberg International Treasury Bond ETF,VALID,OK,
552,RJF,1,NO,,Stock,NYSE,NYSE,,APP_ONLY,"Raymond James Financial, Inc.",VALID,OK,
553,MUJ,1,NO,,Stock,NYSE,NYSE,,APP_ONLY,"BlackRock MuniHoldings New Jersey Quality Fund, Inc.",VALID,OK,
554,LE=F,1,NO,,Future,CME,CME,,APP_ONLY,"Live Cattle Futures,Oct-2026",VALID,OK,
555,NXP,1,NO,,Stock,NYSE,NYSE,,APP_ONLY,Nuveen Select Tax-Free Income Portfolio,VALID,OK,
556,CNC,1,NO,,Stock,NYSE,NYSE,,APP_ONLY,Centene Corporation,VALID,OK,
557,FCBFX,1,NO,,Mutual Fund,NASDAQ,NASDAQ,,APP_ONLY,Fidelity Corporate Bond Fund,VALID,OK,
558,ON,1,NO,,Stock,NasdaqGS,NasdaqGS,,APP_ONLY,ON Semiconductor Corporation,VALID,NONBLOCKING_METADATA_VARIANT,Source rows contain differing descriptive metadata; symbol itself is unchanged.
559,RMMZ,1,NO,,Stock,NYSE,NYSE,,APP_ONLY,"RiverNorth Managed Duration Municipal Income Fund II, Inc.",VALID,OK,
560,ASND,1,NO,,Stock,NasdaqGS,NasdaqGS,,APP_ONLY,Ascendis Pharma A/S,VALID,OK,
561,ESS,1,NO,,Stock,NYSE,NYSE,,APP_ONLY,"Essex Property Trust, Inc.",VALID,OK,
562,EXC,1,NO,,Stock,NasdaqGS,NasdaqGS,,APP_ONLY,Exelon Corporation,VALID,OK,
563,UTHR,1,NO,,Stock,NasdaqGS,NasdaqGS,,APP_ONLY,United Therapeutics Corporation,VALID,OK,
564,PRU,1,NO,,Stock,NYSE,NYSE,,APP_ONLY,"Prudential Financial, Inc.",VALID,OK,
565,USB,1,NO,,Stock,NYSE,NYSE,,APP_ONLY,U.S. Bancorp,VALID,OK,
566,SCHW,1,NO,,Stock,NYSE,NYSE,,APP_ONLY,The Charles Schwab Corporation,VALID,OK,
567,^TA125.TA,1,NO,,Index,Tel Aviv,Tel Aviv,Global,BOTH,TA-125,VALID,OK,
568,NAN,1,NO,,Stock,NYSE,NYSE,,APP_ONLY,Nuveen New York Quality Municipal Income Fund,VALID,OK,
569,XPDIX,1,NO,,Mutual Fund,Nasdaq,Nasdaq,Global; US,BOTH,PIMCO Dynamic Income Fund,VALID,NONBLOCKING_METADATA_VARIANT,Source rows contain differing descriptive metadata; symbol itself is unchanged.
570,NEA,1,NO,,Stock,NYSE,NYSE,,APP_ONLY,Nuveen AMT-Free Quality Municipal Income Fund,VALID,OK,
571,XNACX,1,NO,,Mutual Fund,Nasdaq,Nasdaq,Global; US,BOTH,Nuveen California Quality Municipal Income Fund,VALID,NONBLOCKING_METADATA_VARIANT,Source rows contain differing descriptive metadata; symbol itself is unchanged.
572,MHF,1,NO,,Stock,NYSE,NYSE,,APP_ONLY,Western Asset Municipal High Income Fund Inc.,VALID,OK,
573,NMS,1,NO,,Stock,NYSE,NYSE,,APP_ONLY,Nuveen Minnesota Quality Municipal Income Fund,VALID,OK,
574,HRL,1,NO,,Stock,NYSE,NYSE,,APP_ONLY,Hormel Foods Corporation,VALID,OK,
575,MHD,1,NO,,Stock,NYSE,NYSE,,APP_ONLY,"BlackRock MuniHoldings Fund, Inc.",VALID,OK,
576,MET,1,NO,,Stock,NYSE,NYSE,,APP_ONLY,"MetLife, Inc.",VALID,OK,
577,ED,1,NO,,Stock,NYSE,NYSE,,APP_ONLY,"Consolidated Edison, Inc.",VALID,OK,
578,FTBFX,1,NO,,Mutual Fund,NASDAQ,NASDAQ,,APP_ONLY,Fidelity Total Bond Fund,VALID,OK,
579,ABIMX,1,NO,,Mutual Fund,NASDAQ,NASDAQ,,APP_ONLY,AB Impact Municipal Income,VALID,OK,
580,EIM,1,NO,,Stock,NYSE,NYSE,US,BOTH,Eaton Vance Municipal Bond Fund,VALID,NONBLOCKING_METADATA_VARIANT,Source rows contain differing descriptive metadata; symbol itself is unchanged.
581,FADMX,1,NO,,Mutual Fund,NASDAQ,NASDAQ,,APP_ONLY,Fidelity Strategic Income,VALID,OK,
582,PML,1,NO,,Stock,NYSE,NYSE,,APP_ONLY,PIMCO Municipal Income Fund II,VALID,OK,
583,IAUI,1,NO,,ETF,Cboe US,Cboe US,,APP_ONLY,NEOS Gold High Income ETF,VALID,OK,
584,SDZ.SW,1,NO,,Stock,Swiss,Swiss,Global,BOTH,Sandoz Group AG,VALID,OK,
585,MMD,1,NO,,Stock,NYSE,NYSE,,APP_ONLY,NYLI MacKay DefinedTerm Muni Opportunities Fund,VALID,OK,
586,^KLSE,1,NO,,Index,Kuala Lumpur,Kuala Lumpur,,APP_ONLY,FTSE Bursa Malaysia KLCI,VALID,OK,
587,PMFLX,1,NO,,Mutual Fund,NASDAQ,NASDAQ,,APP_ONLY,PIMCO Flexible Municipal Income Fund,VALID,OK,
588,BLK,1,NO,,Stock,NYSE,NYSE,,APP_ONLY,"BlackRock, Inc.",VALID,OK,
589,MCK,1,NO,,Stock,NYSE,NYSE,,APP_ONLY,McKesson Corporation,VALID,OK,
590,VTRS,1,NO,,Stock,NasdaqGS,NasdaqGS,,APP_ONLY,Viatris Inc.,VALID,OK,
591,CMF,1,NO,,ETF,NYSEArca,NYSEArca,,APP_ONLY,iShares California Muni Bond ETF,VALID,OK,
592,NCHRX,1,NO,,Mutual Fund,NASDAQ,NASDAQ,,APP_ONLY,Nuveen CA High Yield Municipal Bond I,VALID,OK,
593,VLO,1,NO,,Stock,NYSE,NYSE,,APP_ONLY,Valero Energy Corporation,VALID,OK,
594,IBND,1,NO,,ETF,NYSEArca,NYSEArca,,APP_ONLY,SPDR Bloomberg International Corporate Bond ETF,VALID,OK,
595,LLOY.L,1,NO,,Stock,London,London,,APP_ONLY,Lloyds Banking Group plc,VALID,OK,
596,IFF,1,NO,,Stock,NYSE,NYSE,,APP_ONLY,International Flavors & Fragrances Inc.,VALID,OK,
597,BTF,1,NO,,ETF,NASDAQ,NASDAQ,,APP_ONLY,CoinShares Bitcoin and Ether ETF,VALID,OK,
598,FOX,1,NO,,Stock,NasdaqGS,NasdaqGS,US,BOTH,Fox Corporation,VALID,OK,
599,HYD,1,NO,,ETF,Cboe US,Cboe US,,APP_ONLY,VanEck High Yield Muni ETF,VALID,OK,
600,^BUK100P,1,NO,,Index,Stuttgart,Stuttgart,,APP_ONLY,Cboe UK 100,VALID,OK,
601,DECK,1,NO,,Stock,NYSE,NYSE,,APP_ONLY,Deckers Outdoor Corporation,VALID,OK,
602,BXP,1,NO,,Stock,NYSE,NYSE,,APP_ONLY,"BXP, Inc.",VALID,OK,
603,MCFTX,1,NO,,Mutual Fund,NASDAQ,NASDAQ,,APP_ONLY,MFS California Municipal Bond Fund,VALID,OK,
604,FMINX,1,NO,,Mutual Fund,Nasdaq,Nasdaq,,APP_ONLY,Franklin MN Tax-Free Inc A1,VALID,OK,
605,FNMIX,1,NO,,Mutual Fund,Nasdaq,Nasdaq,Global,BOTH,Fidelity New Markets Income,VALID,NONBLOCKING_METADATA_VARIANT,Source rows contain differing descriptive metadata; symbol itself is unchanged.
606,NUW,1,NO,,Stock,NYSE,NYSE,,APP_ONLY,Nuveen AMT-Free Municipal Value Fund,VALID,OK,
607,LW,1,NO,,Stock,NYSE,NYSE,,APP_ONLY,"Lamb Weston Holdings, Inc.",VALID,OK,
608,MQY,1,NO,,Stock,NYSE,NYSE,,APP_ONLY,"BlackRock MuniYield Quality Fund, Inc.",VALID,OK,
609,GEN,1,NO,,Stock,NasdaqGS,NasdaqGS,,APP_ONLY,Gen Digital Inc.,VALID,OK,
610,RMUNX,1,NO,,Mutual Fund,NASDAQ,NASDAQ,,APP_ONLY,Invesco Rochester New York Municipals A,VALID,OK,
611,EASCX,1,NO,,Mutual Fund,NASDAQ,NASDAQ,,APP_ONLY,Eaton Vance South Carolina Municipal Income Fund,VALID,OK,
612,SLMMX,1,NO,,Mutual Fund,Nasdaq,Nasdaq,,APP_ONLY,Western Asset Massachusetts Muni A,VALID,OK,
613,FRPAX,1,NO,,Mutual Fund,NASDAQ,NASDAQ,,APP_ONLY,Franklin PA Tax-Free Income A1,VALID,OK,
614,COLTX,1,NO,,Mutual Fund,NASDAQ,NASDAQ,,APP_ONLY,Columbia Total Return Muncpl Inc A,VALID,OK,
615,SNTIX,1,NO,,Mutual Fund,Nasdaq,Nasdaq,,APP_ONLY,Sit Tax-Free Income,VALID,OK,
616,SWHYX,1,NO,,Mutual Fund,NASDAQ,NASDAQ,,APP_ONLY,Schwab Opportunistic Municipal Bond,VALID,OK,
617,IGOV,1,NO,,ETF,NASDAQ,NASDAQ,,APP_ONLY,iShares International Treasury Bond ETF,VALID,OK,
618,SBLTX,1,NO,,Mutual Fund,Nasdaq,Nasdaq,,APP_ONLY,Western Asset Intermediate-Term Muni A,VALID,OK,
619,SO,1,NO,,Stock,NYSE,NYSE,,APP_ONLY,The Southern Company,VALID,OK,
620,FXCTX,1,NO,,Mutual Fund,Nasdaq,Nasdaq,,APP_ONLY,Franklin CT Tax-Free Income A1,VALID,OK,
621,000001.SS,1,NO,,Index,Shanghai,Shanghai,Global,BOTH,SSE Composite Index,VALID,OK,
622,FIJBX,1,NO,,Mutual Fund,NASDAQ,NASDAQ,,APP_ONLY,Fidelity Advisor California Muni Inc Z,VALID,OK,
623,NFLX,1,NO,,Stock,NasdaqGS,NasdaqGS,,APP_ONLY,"Netflix, Inc.",VALID,NONBLOCKING_METADATA_VARIANT,Source rows contain differing descriptive metadata; symbol itself is unchanged.
624,ISHG,1,NO,,ETF,NASDAQ,NASDAQ,,APP_ONLY,iShares 1-3 Year International Treasury Bond ETF,VALID,OK,
625,TKO,1,NO,,Stock,NYSE,NYSE,,APP_ONLY,"TKO Group Holdings, Inc.",VALID,OK,
626,OLCAX,1,NO,,Mutual Fund,NASDAQ,NASDAQ,,APP_ONLY,Invesco Limited Term CA Municipal A,VALID,OK,
627,PFMIX,1,NO,,Mutual Fund,NASDAQ,NASDAQ,,APP_ONLY,PIMCO Municipal Bond Fund,VALID,OK,
628,MFALX,1,NO,,Mutual Fund,Nasdaq,Nasdaq,,APP_ONLY,MFS AL Municipal Bond A,VALID,OK,
629,^N225,1,NO,,Index,Osaka,Osaka,Global,BOTH,Nikkei 225,VALID,OK,
630,MSCVX,1,NO,,Mutual Fund,NASDAQ,NASDAQ,,APP_ONLY,NYLI MacKay California Muni Investor Cl,VALID,OK,
631,NTNYX,1,NO,,Mutual Fund,NASDAQ,NASDAQ,,APP_ONLY,Nuveen New York Municipal Bond Fund,VALID,OK,
632,SMTFX,1,NO,,Mutual Fund,Nasdaq,Nasdaq,,APP_ONLY,Sit MN Tax-Free Income,VALID,OK,
633,FNMTX,1,NO,,Mutual Fund,Nasdaq,Nasdaq,,APP_ONLY,Nuveen NM Municipal Bond A,VALID,OK,
634,FGATX,1,NO,,Mutual Fund,Nasdaq,Nasdaq,,APP_ONLY,Nuveen GA Municipal Bond A,VALID,OK,
635,MEDP,1,NO,,Stock,NasdaqGS,NasdaqGS,,APP_ONLY,"Medpace Holdings, Inc.",VALID,OK,
636,ADP,1,NO,,Stock,NasdaqGS,NasdaqGS,,APP_ONLY,"Automatic Data Processing, Inc.",VALID,OK,
637,IMNTX,1,NO,,Mutual Fund,Nasdaq,Nasdaq,,APP_ONLY,Columbia Minnesota Tax-Exempt A,VALID,OK,
638,FXIEX,1,NO,,Mutual Fund,NASDAQ,NASDAQ,,APP_ONLY,PIMCO Fixed Income SHares TE,VALID,OK,
639,NMMDX,1,NO,,Mutual Fund,NASDAQ,NASDAQ,,APP_ONLY,Nuveen Maryland Municipal Bond Fund,VALID,OK,
640,TACAX,1,NO,,Mutual Fund,NASDAQ,NASDAQ,,APP_ONLY,JHancock CA Municipal Bond A,VALID,OK,
641,FASNX,1,NO,,Mutual Fund,Nasdaq,Nasdaq,,APP_ONLY,Fidelity Advisor Sust Interm Muni Inc C,VALID,OK,
642,WMKMX,1,NO,,Mutual Fund,Nasdaq,Nasdaq,,APP_ONLY,WesMark WV Municipal Bond,VALID,OK,
643,KCTAX,1,NO,,Mutual Fund,NASDAQ,NASDAQ,,APP_ONLY,DWS California Tax-Free Income A,VALID,OK,
644,DVMHX,1,NO,,Mutual Fund,NASDAQ,NASDAQ,,APP_ONLY,Nomura MN High-Yield Muni Bd A,VALID,OK,
645,CLMPX,1,NO,,Mutual Fund,NASDAQ,NASDAQ,,APP_ONLY,Columbia Strat CA Muncpl Inc A,VALID,OK,
646,INSM,1,NO,,Stock,NasdaqGS,NasdaqGS,,APP_ONLY,Insmed Incorporated,VALID,OK,
647,OPATX,1,NO,,Mutual Fund,NASDAQ,NASDAQ,,APP_ONLY,Invesco Pennsylvania Municipal A,VALID,OK,
648,NCSPX,1,NO,,Mutual Fund,NASDAQ,NASDAQ,,APP_ONLY,Nuveen CA Municipal Bond I,VALID,OK,
649,CAILX,1,NO,,Mutual Fund,NASDAQ,NASDAQ,,APP_ONLY,Lord Abbett California Tax Free I,VALID,OK,
650,MSNYX,1,NO,,Mutual Fund,NASDAQ,NASDAQ,,APP_ONLY,MFS NY Municipal Bond A,VALID,OK,
651,NDMO,1,NO,,Stock,NYSE,NYSE,,APP_ONLY,Nuveen Dynamic Municipal Opportunities Fund,VALID,OK,
652,SPMFX,1,NO,,Mutual Fund,NASDAQ,NASDAQ,,APP_ONLY,Symmetry Panoramic Municipal Fxd Inc I,VALID,OK,
653,TAFTX,1,NO,,Mutual Fund,NASDAQ,NASDAQ,,APP_ONLY,American Funds Tax-Exempt Fund of CA A,VALID,OK,
654,TECFX,1,NO,,Mutual Fund,NASDAQ,NASDAQ,,APP_ONLY,American Funds Tax-Exempt Fund of CA F1,VALID,OK,
655,FSAJX,1,NO,,Mutual Fund,Nasdaq,Nasdaq,,APP_ONLY,Fidelity SAI Tax-Free Bond,VALID,OK,
656,EME,1,NO,,Stock,NYSE,NYSE,,APP_ONLY,"EMCOR Group, Inc.",VALID,OK,
657,VMATX,1,NO,,Mutual Fund,NASDAQ,NASDAQ,,APP_ONLY,Vanguard MA Tax-Exempt Inv,VALID,OK,
658,EACAX,1,NO,,Mutual Fund,NASDAQ,NASDAQ,,APP_ONLY,Eaton Vance California Municipal Opportunities Fund,VALID,OK,
659,OPTAX,1,NO,,Mutual Fund,NASDAQ,NASDAQ,,APP_ONLY,Invesco AMT-Free Municipal Inc A,VALID,OK,
660,FKLAX,1,NO,,Mutual Fund,NASDAQ,NASDAQ,,APP_ONLY,Franklin Louisiana Tax Free Income A1,VALID,OK,
661,FAZTX,1,NO,,Mutual Fund,Nasdaq,Nasdaq,,APP_ONLY,Nuveen Arizona Municipal Bond Fund,VALID,OK,
662,OPNYX,1,NO,,Mutual Fund,NASDAQ,NASDAQ,,APP_ONLY,Invesco Rochester AMT-Free NY Mncpl A,VALID,OK,
663,FCAVX,1,NO,,Mutual Fund,NASDAQ,NASDAQ,,APP_ONLY,Franklin California Tax Free Income Fund,VALID,OK,
664,FKTFX,1,NO,,Mutual Fund,NASDAQ,NASDAQ,,APP_ONLY,Franklin CA Tax Free Income A1,VALID,OK,
665,DMTFX,1,NO,,Mutual Fund,NASDAQ,NASDAQ,,APP_ONLY,Nomura Tax-Free USA A,VALID,OK,
666,FRALX,1,NO,,Mutual Fund,Nasdaq,Nasdaq,,APP_ONLY,Franklin Alabama Tax Free Income A1,VALID,OK,
667,MFSSX,1,NO,,Mutual Fund,Nasdaq,Nasdaq,,APP_ONLY,MFS MA Municipal Bond A,VALID,OK,
668,MFWVX,1,NO,,Mutual Fund,Nasdaq,Nasdaq,,APP_ONLY,MFS WV Municipal Bond A,VALID,OK,
669,FASJX,1,NO,,Mutual Fund,Nasdaq,Nasdaq,,APP_ONLY,Fidelity Advisor Sust Interm Muni Inc A,VALID,OK,
670,FASLX,1,NO,,Mutual Fund,Nasdaq,Nasdaq,,APP_ONLY,Fidelity Advisor Sust Interm Muni Inc M,VALID,OK,
671,FPNTX,1,NO,,Mutual Fund,Nasdaq,Nasdaq,,APP_ONLY,Nuveen PA Municipal Bond A,VALID,OK,
672,FVATX,1,NO,,Mutual Fund,NASDAQ,NASDAQ,,APP_ONLY,Nuveen VA Municipal Bond A,VALID,OK,
673,MUA,1,NO,,Stock,NYSE,NYSE,,APP_ONLY,"BlackRock MuniAssets Fund, Inc.",VALID,NONBLOCKING_METADATA_VARIANT,Source rows contain differing descriptive metadata; symbol itself is unchanged.
674,FZIIX,1,NO,,Mutual Fund,Nasdaq,Nasdaq,,APP_ONLY,Fidelity Advisor Interm Muni Inc I,VALID,OK,
675,SMAAX,1,NO,,Mutual Fund,Nasdaq,Nasdaq,,APP_ONLY,SEI Massachusetts Municipal Bd F (STET),VALID,OK,
676,MSVAX,1,NO,,Mutual Fund,Nasdaq,Nasdaq,,APP_ONLY,MFS VA Municipal Bond A,VALID,OK,
677,LISAX,1,NO,,Mutual Fund,Nasdaq,Nasdaq,,APP_ONLY,Lord Abbett Intermediate Tax Free Fund,VALID,OK,
678,FTHRX,1,NO,,Mutual Fund,Nasdaq,Nasdaq,Global; US,BOTH,Fidelity Intermediate Bond,VALID,NONBLOCKING_METADATA_VARIANT,Source rows contain differing descriptive metadata; symbol itself is unchanged.
679,FRNJX,1,NO,,Mutual Fund,Nasdaq,Nasdaq,,APP_ONLY,Franklin NJ Tax Free Income A1,VALID,OK,
680,VCTFX,1,NO,,Mutual Fund,NASDAQ,NASDAQ,,APP_ONLY,Nomura Tax-Free CO A,VALID,OK,
681,PNI,1,NO,,Stock,NYSE,NYSE,,APP_ONLY,PIMCO New York Municipal Income Fund II,VALID,OK,
682,FNJZX,1,NO,,Mutual Fund,Nasdaq,Nasdaq,,APP_ONLY,Franklin NJ Tax Free Income Adv,VALID,OK,
683,FTNYX,1,NO,,Mutual Fund,NASDAQ,NASDAQ,,APP_ONLY,Nomura Tax-Free New York A,VALID,OK,
684,LANSX,1,NO,,Mutual Fund,NASDAQ,NASDAQ,,APP_ONLY,Lord Abbett National Tax Free A,VALID,OK,
685,CCCMX,1,NO,,Mutual Fund,NASDAQ,NASDAQ,,APP_ONLY,Capital Group CA Core Municipal,VALID,OK,
686,FRMOX,1,NO,,Mutual Fund,NASDAQ,NASDAQ,,APP_ONLY,Franklin MO Tax Free Income A1,VALID,OK,
687,VIDAX,1,NO,,Mutual Fund,NASDAQ,NASDAQ,,APP_ONLY,Nomura Tax-Free Idaho A,VALID,OK,
688,JLS,1,NO,,Stock,NYSE,NYSE,,APP_ONLY,Nuveen Mortgage and Income Fund,VALID,OK,
689,FXNCX,1,NO,,Mutual Fund,Nasdaq,Nasdaq,,APP_ONLY,Franklin NC Tax-Free Income A1,VALID,OK,
690,FPXTX,1,NO,,Mutual Fund,NASDAQ,NASDAQ,,APP_ONLY,Fidelity Pennsylvania Municipal Income,VALID,OK,
691,LANYX,1,NO,,Mutual Fund,NASDAQ,NASDAQ,,APP_ONLY,Lord Abbett New York Tax Free A,VALID,OK,
692,FTLAX,1,NO,,Mutual Fund,Nasdaq,Nasdaq,,APP_ONLY,Nuveen LA Municipal Bond A,VALID,OK,
693,FTGAX,1,NO,,Mutual Fund,Nasdaq,Nasdaq,,APP_ONLY,Franklin Georgia Tax Free Income A1,VALID,OK,
694,FOHTX,1,NO,,Mutual Fund,Nasdaq,Nasdaq,,APP_ONLY,Nuveen OH Municipal Bond A,VALID,OK,
695,PCTIX,1,NO,,Mutual Fund,NASDAQ,NASDAQ,,APP_ONLY,PIMCO California Municipal Bond Fund,VALID,OK,
696,PMBAX,1,NO,,Mutual Fund,Nasdaq,Nasdaq,,APP_ONLY,JPMorgan Tax Free Bond A,VALID,OK,
697,SJNK,1,NO,,ETF,NYSEArca,NYSEArca,,APP_ONLY,State Street SPDR Bloomberg Short Term High Yield Bond ETF,VALID,OK,
698,PRNYX,1,NO,,Mutual Fund,Nasdaq,Nasdaq,,APP_ONLY,T. Rowe Price New York Municipal Bond,VALID,OK,
699,HYMB,1,NO,,ETF,NYSEArca,NYSEArca,,APP_ONLY,State Street SPDR Nuveen ICE High Yield Municipal Bond ETF,VALID,OK,
700,FKTIX,1,NO,,Mutual Fund,NASDAQ,NASDAQ,,APP_ONLY,Franklin Federal Tax Free Income A1,VALID,OK,
701,PRXCX,1,NO,,Mutual Fund,NASDAQ,NASDAQ,,APP_ONLY,T. Rowe Price California Tax-Free Bond,VALID,OK,
702,VPAIX,1,NO,,Mutual Fund,NASDAQ,NASDAQ,,APP_ONLY,Vanguard PA Long-Term Tax-Exempt Inv,VALID,OK,
703,VPALX,1,NO,,Mutual Fund,NASDAQ,NASDAQ,,APP_ONLY,Vanguard PA Long-Term Tax-Exempt Adm,VALID,OK,
704,DELIX,1,NO,,Mutual Fund,NASDAQ,NASDAQ,,APP_ONLY,Nomura Tax-Free Pennsylvania A,VALID,OK,
705,MSNCX,1,NO,,Mutual Fund,Nasdaq,Nasdaq,,APP_ONLY,MFS NC Municipal Bond A,VALID,OK,
706,DVTAX,1,NO,,Mutual Fund,NASDAQ,NASDAQ,,APP_ONLY,Nomura Tax-Free California A,VALID,OK,
707,FBNDX,1,NO,,Mutual Fund,NASDAQ,NASDAQ,,APP_ONLY,Fidelity Investment Grade Bond Fund,VALID,OK,
708,VWLTX,1,NO,,Mutual Fund,NASDAQ,NASDAQ,,APP_ONLY,Vanguard Long-Term Tax-Exempt,VALID,OK,
709,VWLUX,1,NO,,Mutual Fund,NASDAQ,NASDAQ,,APP_ONLY,Vanguard Long-Term Tax-Exempt Adm,VALID,OK,
710,VNYTX,1,NO,,Mutual Fund,NASDAQ,NASDAQ,,APP_ONLY,Vanguard NY Long-Term Tax-Exempt Inv,VALID,OK,
711,VNYUX,1,NO,,Mutual Fund,NASDAQ,NASDAQ,,APP_ONLY,Vanguard NY Long-Term Tax-Exempt Adm,VALID,OK,
712,CPT,1,NO,,Stock,NYSE,NYSE,,APP_ONLY,Camden Property Trust,VALID,OK,
713,MYI,1,NO,,Stock,NYSE,NYSE,,APP_ONLY,"BlackRock MuniYield Quality Fund III, Inc.",VALID,OK,
714,ETVAX,1,NO,,Mutual Fund,Nasdaq,Nasdaq,,APP_ONLY,Eaton Vance VA Municipal Income A,VALID,OK,
715,SMDMX,1,NO,,Mutual Fund,Nasdaq,Nasdaq,,APP_ONLY,Fidelity Maryland Municipal Income,VALID,OK,
716,GTFBX,1,NO,,Mutual Fund,Nasdaq,Nasdaq,,APP_ONLY,T. Rowe Price Georgia Municipal Bond,VALID,OK,
717,INTAX,1,NO,,Mutual Fund,NASDAQ,NASDAQ,,APP_ONLY,Columbia Strategic Municipal Inc A,VALID,OK,
718,BIDAX,1,NO,,Mutual Fund,Nasdaq,Nasdaq,,APP_ONLY,iShares Municipal Bond Index Fund,VALID,OK,
719,FIX,1,NO,,Stock,NYSE,NYSE,,APP_ONLY,"Comfort Systems USA, Inc.",VALID,OK,
720,SWCAX,1,NO,,Mutual Fund,NASDAQ,NASDAQ,,APP_ONLY,Schwab CA Tax-Free Bond,VALID,OK,
721,FTABX,1,NO,,Mutual Fund,NASDAQ,NASDAQ,,APP_ONLY,Fidelity Tax-Free Bond,VALID,OK,
722,COLNX,1,NO,,Mutual Fund,NASDAQ,NASDAQ,,APP_ONLY,Columbia Strat New York Muncpl Inc A,VALID,OK,
723,MFSCX,1,NO,,Mutual Fund,Nasdaq,Nasdaq,,APP_ONLY,MFS SC Municipal Bond A,VALID,OK,
724,DEFFX,1,NO,,Mutual Fund,NASDAQ,NASDAQ,,APP_ONLY,Nomura Tax-Free Minnesota A,VALID,OK,
725,AMP,1,NO,,Stock,NYSE,NYSE,,APP_ONLY,"Ameriprise Financial, Inc.",VALID,OK,
726,SEIMX,1,NO,,Mutual Fund,Nasdaq,Nasdaq,,APP_ONLY,SEI Intermediate-Term Municipal F (STET),VALID,OK,
727,FIMIX,1,NO,,Mutual Fund,NASDAQ,NASDAQ,,APP_ONLY,Fidelity Minnesota Municipal Income,VALID,OK,
728,CFMOX,1,NO,,Mutual Fund,Nasdaq,Nasdaq,,APP_ONLY,Commerce MO Tax-Free Int Bd,VALID,OK,
729,SHMMX,1,NO,,Mutual Fund,Nasdaq,Nasdaq,,APP_ONLY,Western Asset Managed Municipals A,VALID,OK,
730,PRINX,1,NO,,Mutual Fund,Nasdaq,Nasdaq,,APP_ONLY,T. Rowe Price Core Plus Municipal Bd Inv,VALID,OK,
731,CFNLX,1,NO,,Mutual Fund,NASDAQ,NASDAQ,,APP_ONLY,Commerce Natl Tax Free Interm Bd,VALID,OK,
732,FTOIX,1,NO,,Mutual Fund,NASDAQ,NASDAQ,,APP_ONLY,Franklin OH Tax-Free Inc A1,VALID,OK,
733,NJTFX,1,NO,,Mutual Fund,Nasdaq,Nasdaq,,APP_ONLY,T. Rowe Price New Jersey Municipal Bond,VALID,OK,
734,VCITX,1,NO,,Mutual Fund,NASDAQ,NASDAQ,,APP_ONLY,Vanguard California Long Term Tax Exempt Fund,VALID,OK,
735,VCLAX,1,NO,,Mutual Fund,NASDAQ,NASDAQ,,APP_ONLY,Vanguard California Long Term Tax Exempt Fund,VALID,OK,
736,GWMIX,1,NO,,Mutual Fund,Nasdaq,Nasdaq,,APP_ONLY,AMG GW&K Municipal Bond I,VALID,OK,
737,CATF,1,NO,,ETF,NYSEArca,NYSEArca,,APP_ONLY,American Century California Municipal Bond ETF,VALID,OK,
738,CTTLX,1,NO,,Mutual Fund,Nasdaq,Nasdaq,,APP_ONLY,Calvert Responsible Municipal Income A,VALID,OK,
739,ETPAX,1,NO,,Mutual Fund,NASDAQ,NASDAQ,,APP_ONLY,Eaton Vance PA Municipal Income A,VALID,OK,
740,FOHFX,1,NO,,Mutual Fund,NASDAQ,NASDAQ,,APP_ONLY,Fidelity Ohio Municipal Income,VALID,OK,
741,FSAZX,1,NO,,Mutual Fund,Nasdaq,Nasdaq,,APP_ONLY,Fidelity Arizona Municipal Income,VALID,OK,
742,FMHTX,1,NO,,Mutual Fund,NASDAQ,NASDAQ,,APP_ONLY,Fidelity Michigan Municipal Income,VALID,OK,
743,VOHIX,1,NO,,Mutual Fund,NASDAQ,NASDAQ,,APP_ONLY,Vanguard OH Long-Term Tax-Exempt,VALID,OK,
744,EIMAX,1,NO,,Mutual Fund,NASDAQ,NASDAQ,,APP_ONLY,Eaton Vance MA Municipal Income I,VALID,OK,
745,VKMMX,1,NO,,Mutual Fund,NASDAQ,NASDAQ,,APP_ONLY,Invesco Municipal Income A,VALID,OK,
746,DRNJX,1,NO,,Mutual Fund,Nasdaq,Nasdaq,,APP_ONLY,"BNY Mellon New Jersey Municipal Bond Fund, Inc.",VALID,OK,
747,OPCAX,1,NO,,Mutual Fund,NASDAQ,NASDAQ,,APP_ONLY,Invesco California Municipal A,VALID,OK,
748,SBPAX,1,NO,,Mutual Fund,Nasdaq,Nasdaq,,APP_ONLY,Western Asset Pennsylvania Municipals A,VALID,OK,
749,CRH,1,NO,,Stock,NYSE,NYSE,,APP_ONLY,CRH plc,VALID,OK,
750,ETORX,1,NO,,Mutual Fund,Nasdaq,Nasdaq,,APP_ONLY,Eaton Vance OR Municipal Income A,VALID,OK,
751,MTLFX,1,NO,,Mutual Fund,Nasdaq,Nasdaq,,APP_ONLY,MFS Municipal Limited Maturity A,VALID,OK,
752,FTORX,1,NO,,Mutual Fund,NASDAQ,NASDAQ,,APP_ONLY,Nomura Tax-Free Oregon A,VALID,OK,
753,ETGAX,1,NO,,Mutual Fund,Nasdaq,Nasdaq,,APP_ONLY,Eaton Vance GA Municipal Income A,VALID,OK,
754,AVB,1,NO,,Stock,NYSE,NYSE,,APP_ONLY,"AvalonBay Communities, Inc.",VALID,OK,
755,RDY,1,NO,,Stock,NYSE,NYSE,,APP_ONLY,Dr. Reddy's Laboratories Limited,VALID,OK,
756,SFBDX,1,NO,,Mutual Fund,Nasdaq,Nasdaq,,APP_ONLY,State Farm Municipal Bond Fund,VALID,OK,
757,EILTX,1,NO,,Mutual Fund,Nasdaq,Nasdaq,,APP_ONLY,Parametric TABS 5 to15 Yr Lad Muni Bd I,VALID,OK,
758,FHUGX,1,NO,,Mutual Fund,Nasdaq,Nasdaq,,APP_ONLY,Fidelity Advisor Municipal Income A,VALID,OK,
759,ITCAX,1,NO,,Mutual Fund,Nasdaq,Nasdaq,,APP_ONLY,Western Asset Interm Maturity CA Muni A,VALID,OK,
760,FHIGX,1,NO,,Mutual Fund,NASDAQ,NASDAQ,,APP_ONLY,Fidelity Municipal Income,VALID,OK,
761,FIWEX,1,NO,,Mutual Fund,Nasdaq,Nasdaq,,APP_ONLY,Fidelity Advisor Municipal Income Z,VALID,OK,
762,FKISX,1,NO,,Mutual Fund,Nasdaq,Nasdaq,,APP_ONLY,Fidelity Advisor Municipal Income C,VALID,OK,
763,MMIBX,1,NO,,Mutual Fund,Nasdaq,Nasdaq,,APP_ONLY,MFS Municipal Income B,VALID,OK,
764,FLUVX,1,NO,,Mutual Fund,Nasdaq,Nasdaq,,APP_ONLY,Fidelity Advisor Municipal Income M,VALID,OK,
765,FCMKX,1,NO,,Mutual Fund,NASDAQ,NASDAQ,,APP_ONLY,Fidelity Advisor California Muni Inc C,VALID,OK,
766,FCTFX,1,NO,,Mutual Fund,NASDAQ,NASDAQ,,APP_ONLY,Fidelity California Municipal Income,VALID,OK,
767,FCMAX,1,NO,,Mutual Fund,NASDAQ,NASDAQ,,APP_ONLY,Fidelity Advisor California Muni Inc A,VALID,OK,
768,ET,1,NO,,Stock,NYSE,NYSE,Global; US,BOTH,Energy Transfer LP,VALID,OK,
769,FCMQX,1,NO,,Mutual Fund,NASDAQ,NASDAQ,,APP_ONLY,Fidelity Advisor California Muni Inc I,VALID,OK,
770,ETOHX,1,NO,,Mutual Fund,NASDAQ,NASDAQ,,APP_ONLY,Eaton Vance OH Municipal Income A,VALID,OK,
771,FCMTX,1,NO,,Mutual Fund,NASDAQ,NASDAQ,,APP_ONLY,Fidelity Advisor California Muni Inc M,VALID,OK,
772,FEMIX,1,NO,,Mutual Fund,Nasdaq,Nasdaq,,APP_ONLY,Fidelity Advisor NY Municipal Inc I,VALID,OK,
773,FIJAX,1,NO,,Mutual Fund,Nasdaq,Nasdaq,,APP_ONLY,Fidelity Advisor NY Municipal Inc Z,VALID,OK,
774,FTFMX,1,NO,,Mutual Fund,NASDAQ,NASDAQ,,APP_ONLY,Fidelity New York Municipal Income,VALID,OK,
775,FNMAX,1,NO,,Mutual Fund,Nasdaq,Nasdaq,,APP_ONLY,Fidelity Advisor NY Municipal Inc A,VALID,OK,
776,FNYCX,1,NO,,Mutual Fund,Nasdaq,Nasdaq,,APP_ONLY,Fidelity Advisor NY Municipal Inc C,VALID,OK,
777,FNYPX,1,NO,,Mutual Fund,Nasdaq,Nasdaq,,APP_ONLY,Fidelity Advisor NY Municipal Inc M,VALID,OK,
778,WTAIX,1,NO,,Mutual Fund,Nasdaq,Nasdaq,,APP_ONLY,Wilmington Municipal Bond Instl,VALID,OK,
779,AFTEX,1,NO,,Mutual Fund,Nasdaq,Nasdaq,,APP_ONLY,American Funds Tax-Exempt Bond A,VALID,OK,
780,XYLD,1,NO,,ETF,NYSEArca,NYSEArca,,APP_ONLY,Global X S&P 500 Covered Call ETF,VALID,OK,
781,HHMIX,1,NO,,Mutual Fund,Nasdaq,Nasdaq,,APP_ONLY,Hartford Municipal Opportunities I,VALID,OK,
782,ETMDX,1,NO,,Mutual Fund,Nasdaq,Nasdaq,,APP_ONLY,Eaton Vance MD Municipal Income A,VALID,OK,
783,ETNCX,1,NO,,Mutual Fund,Nasdaq,Nasdaq,,APP_ONLY,Eaton Vance NC Municipal Income A,VALID,OK,
784,JGH,1,NO,,Stock,NYSE,NYSE,,APP_ONLY,Nuveen Global High Income Fund,VALID,OK,
785,TMUUX,1,NO,,Mutual Fund,Nasdaq,Nasdaq,,APP_ONLY,Morgan Stanley Pathway Municipal Bd,VALID,OK,
786,DITEX,1,NO,,Mutual Fund,Nasdaq,Nasdaq,,APP_ONLY,BNY Mellon Intermediate Municipal Bond Fund,VALID,OK,
787,SOAMX,1,NO,,Mutual Fund,Nasdaq,Nasdaq,,APP_ONLY,Spirit of America Municipal T/F Bond A,VALID,OK,
788,ETNJX,1,NO,,Mutual Fund,Nasdaq,Nasdaq,,APP_ONLY,Eaton Vance NJ Municipal Income A,VALID,OK,
789,WST,1,NO,,Stock,NYSE,NYSE,,APP_ONLY,"West Pharmaceutical Services, Inc.",VALID,OK,
790,EVMBX,1,NO,,Mutual Fund,NASDAQ,NASDAQ,,APP_ONLY,Eaton Vance AMT-Free Municipal Income I,VALID,OK,
791,ETMOX,1,NO,,Mutual Fund,Nasdaq,Nasdaq,,APP_ONLY,Eaton Vance MO Municipal Income A,VALID,OK,
792,SCMAX,1,NO,,Mutual Fund,Nasdaq,Nasdaq,,APP_ONLY,DWS Massachusetts Tax Free S,VALID,OK,
793,RFMZ,1,NO,,Stock,NYSE,NYSE,,APP_ONLY,"RiverNorth Flexible Municipal Income Fund II, Inc.",VALID,OK,
794,FSMUX,1,NO,,Mutual Fund,Nasdaq,Nasdaq,,APP_ONLY,Strategic Advisers Municipal Bond,VALID,OK,
795,NUVBX,1,NO,,Mutual Fund,NASDAQ,NASDAQ,,APP_ONLY,Nuveen Intermediate Duration Muni Bd I,VALID,OK,
796,MISSX,1,NO,,Mutual Fund,Nasdaq,Nasdaq,,APP_ONLY,MFS MS Municipal Bond A,VALID,OK,
797,ONJAX,1,NO,,Mutual Fund,Nasdaq,Nasdaq,,APP_ONLY,Invesco New Jersey Municipal A,VALID,OK,
798,ROBNX,1,NO,,Mutual Fund,NASDAQ,NASDAQ,,APP_ONLY,Robinson Tax Advantaged Income Instl,VALID,OK,
799,DRMBX,1,NO,,Mutual Fund,Nasdaq,Nasdaq,,APP_ONLY,BNY Mellon AMT-Free Municipal Bond Fund,VALID,OK,
800,ETMNX,1,NO,,Mutual Fund,Nasdaq,Nasdaq,,APP_ONLY,Eaton Vance MN Municipal Income A,VALID,OK,
801,ETAZX,1,NO,,Mutual Fund,Nasdaq,Nasdaq,,APP_ONLY,Eaton Vance AZ Municipal Income A,VALID,OK,
802,TAMBX,1,NO,,Mutual Fund,Nasdaq,Nasdaq,,APP_ONLY,JHancock Municipal Opportunities A,VALID,OK,
803,MFARX,1,NO,,Mutual Fund,Nasdaq,Nasdaq,,APP_ONLY,MFS AR Municipal Bond A,VALID,OK,
804,FSAHX,1,NO,,Mutual Fund,NASDAQ,NASDAQ,,APP_ONLY,Fidelity Short Duration High Income,VALID,OK,
805,PSNYX,1,NO,,Mutual Fund,Nasdaq,Nasdaq,,APP_ONLY,BNY Mellon NY AMT-Free Municipal Bond A,VALID,OK,
806,BITEX,1,NO,,Mutual Fund,Nasdaq,Nasdaq,,APP_ONLY,Brown Advisory Tax-Exempt Sust Bd Inv,VALID,OK,
807,ECHMX,1,NO,,Mutual Fund,NASDAQ,NASDAQ,,APP_ONLY,Eaton Vance National Municipal Income Fund,VALID,OK,
808,EIHMX,1,NO,,Mutual Fund,NASDAQ,NASDAQ,,APP_ONLY,Eaton Vance National Municipal Income I,VALID,OK,
809,VWITX,1,NO,,Mutual Fund,Nasdaq,Nasdaq,Global; US,BOTH,Vanguard Interm-Term Tx-Ex Inv,VALID,OK,
810,VWIUX,1,NO,,Mutual Fund,Nasdaq,Nasdaq,,APP_ONLY,Vanguard Interm-Term Tx-Ex Adm,VALID,OK,
811,ETNYX,1,NO,,Mutual Fund,NASDAQ,NASDAQ,,APP_ONLY,Eaton Vance NY Municipal Income A,VALID,OK,
812,KTXIX,1,NO,,Mutual Fund,Nasdaq,Nasdaq,,APP_ONLY,Commerce KS Tax Free Interm Bd,VALID,OK,
813,NBMAX,1,NO,,Mutual Fund,NASDAQ,NASDAQ,,APP_ONLY,Nuveen MA Municipal Bond I,VALID,OK,
814,XNCAX,1,NO,,Mutual Fund,NASDAQ,NASDAQ,,APP_ONLY,Nuveen California Municipal Value Fd Inc,VALID,OK,
815,ALGN,1,NO,,Stock,NasdaqGS,NasdaqGS,,APP_ONLY,"Align Technology, Inc.",VALID,OK,
816,TPR,1,NO,,Stock,NYSE,NYSE,,APP_ONLY,"Tapestry, Inc.",VALID,OK,
817,ALNYX,1,NO,,Mutual Fund,Nasdaq,Nasdaq,,APP_ONLY,AB Municipal Income New York A,VALID,OK,
818,MIUIX,1,NO,,Mutual Fund,Nasdaq,Nasdaq,,APP_ONLY,MFS Municipal Intermediate I,VALID,OK,
819,RMMBX,1,NO,,Mutual Fund,NASDAQ,NASDAQ,,APP_ONLY,Aspiriant Risk-Managed Municipal Bond,VALID,OK,
820,AB,1,NO,,Stock,NYSE,NYSE,,APP_ONLY,AllianceBernstein Holding L.P.,VALID,OK,
821,PCIMX,1,NO,,Mutual Fund,NASDAQ,NASDAQ,,APP_ONLY,PIMCO CA Intermediate Muni Bd Instl,VALID,OK,
822,SHRCX,1,NO,,Mutual Fund,NASDAQ,NASDAQ,,APP_ONLY,Western Asset California Municipals A,VALID,OK,
823,PRTAX,1,NO,,Mutual Fund,Nasdaq,Nasdaq,,APP_ONLY,T. Rowe Price Core Municipal Bond,VALID,OK,
824,LANJX,1,NO,,Mutual Fund,Nasdaq,Nasdaq,,APP_ONLY,Lord Abbett New Jersey Tax Free A,VALID,OK,
825,LMSFX,1,NO,,Mutual Fund,NASDAQ,NASDAQ,,APP_ONLY,Federated Hermes Municipal Bond A,VALID,OK,
826,MTFEX,1,NO,,Mutual Fund,Nasdaq,Nasdaq,,APP_ONLY,NYLI MacKay Strategic Muni Allc Inv Cl,VALID,OK,
827,SETMX,1,NO,,Mutual Fund,Nasdaq,Nasdaq,,APP_ONLY,Columbia Intermediate Duration Municipal Bond Fund,VALID,OK,
828,NOTEX,1,NO,,Mutual Fund,NASDAQ,NASDAQ,,APP_ONLY,Northern Tax-Exempt,VALID,OK,
829,NOAZX,1,NO,,Mutual Fund,NASDAQ,NASDAQ,,APP_ONLY,Northern Arizona Tax Exempt Fund,VALID,OK,
830,EZMAX,1,NO,,Mutual Fund,Nasdaq,Nasdaq,,APP_ONLY,Eaton Vance Short Duration Muni Opps C,VALID,OK,
831,MFPAX,1,NO,,Mutual Fund,Nasdaq,Nasdaq,,APP_ONLY,MFS PA Municipal Bond A,VALID,OK,
832,MNOVX,1,NO,,Mutual Fund,Nasdaq,Nasdaq,,APP_ONLY,NYLI MacKay New York Muni Investor Class,VALID,OK,
833,ETCTX,1,NO,,Mutual Fund,Nasdaq,Nasdaq,,APP_ONLY,Eaton Vance CT Municipal Income A,VALID,OK,
834,FCTTX,1,NO,,Mutual Fund,Nasdaq,Nasdaq,,APP_ONLY,Nuveen CT Municipal Bond A,VALID,OK,
835,BCHYX,1,NO,,Mutual Fund,NASDAQ,NASDAQ,,APP_ONLY,American Century California High Yield Municipal Fund,VALID,OK,
836,ALTHX,1,NO,,Mutual Fund,Nasdaq,Nasdaq,,APP_ONLY,AB Municipal Income National A,VALID,OK,
837,UTAHX,1,NO,,Mutual Fund,Nasdaq,Nasdaq,,APP_ONLY,NYLI MacKay Utah Muni Class Z,VALID,OK,
838,FCAMX,1,NO,,Mutual Fund,NASDAQ,NASDAQ,,APP_ONLY,Franklin California High Yield Municipal Fund,VALID,OK,
839,PTXFX,1,NO,,Mutual Fund,Nasdaq,Nasdaq,,APP_ONLY,Pacific Capital T/F Securities Y,VALID,OK,
840,FAMTX,1,NO,,Mutual Fund,Nasdaq,Nasdaq,,APP_ONLY,Nuveen Minnesota Intermediate Muni Bd I,VALID,OK,
841,WMFAX,1,NO,,Mutual Fund,Nasdaq,Nasdaq,,APP_ONLY,Allspring Municipal Bond A,VALID,OK,
842,SAIC,1,NO,,Stock,NASDAQ,NASDAQ,,APP_ONLY,Science Applications International Corporation,VALID,OK,
843,COTFX,1,NO,,Mutual Fund,Nasdaq,Nasdaq,,APP_ONLY,NYLI MacKay Colorado Muni Class Z,VALID,OK,
844,TITIX,1,NO,,Mutual Fund,Nasdaq,Nasdaq,,APP_ONLY,Nuveen 5-15 Year Ldrd Tax Exm Bd R6,VALID,OK,
845,OWCAX,1,NO,,Mutual Fund,NASDAQ,NASDAQ,,APP_ONLY,"Old Westbury Funds, Inc. - California Municipal Bond Fund",VALID,OK,
846,FNTYX,1,NO,,Mutual Fund,Nasdaq,Nasdaq,,APP_ONLY,Nuveen Nebraska Municipal Bond I,VALID,OK,
847,FTAZX,1,NO,,Mutual Fund,Nasdaq,Nasdaq,,APP_ONLY,Franklin AZ Tax Free Income A1,VALID,OK,
848,FIMTX,1,NO,,Mutual Fund,Nasdaq,Nasdaq,,APP_ONLY,Federated Hermes Intermediate Muni A,VALID,OK,
849,GNMFX,1,NO,,Mutual Fund,NASDAQ,NASDAQ,,APP_ONLY,PIMCO Ntnl Muni Oppc Val Instl,VALID,OK,
850,KNTAX,1,NO,,Mutual Fund,NASDAQ,NASDAQ,,APP_ONLY,DWS New York Tax-Free Income A,VALID,OK,
851,SHORX,1,NO,,Mutual Fund,Nasdaq,Nasdaq,,APP_ONLY,Western Asset Oregon Municipals A,VALID,OK,
852,GCMFX,1,NO,,Mutual Fund,NASDAQ,NASDAQ,,APP_ONLY,PIMCO Ca Muni Oppc Val Instl,VALID,OK,
853,FMDTX,1,NO,,Mutual Fund,NASDAQ,NASDAQ,,APP_ONLY,Franklin MD Tax Free Income A1,VALID,OK,
854,WITAX,1,NO,,Mutual Fund,NASDAQ,NASDAQ,,APP_ONLY,Segall Bryant & Hamill Mun Opps Instl,VALID,OK,
855,AZTFX,1,NO,,Mutual Fund,Nasdaq,Nasdaq,,APP_ONLY,NYLI MacKay Arizona Muni Class Z,VALID,OK,
856,CBTAX,1,NO,,Mutual Fund,NASDAQ,NASDAQ,,APP_ONLY,Six Circles Tax Aware Bond,VALID,OK,
857,SRCMX,1,NO,,Mutual Fund,NASDAQ,NASDAQ,,APP_ONLY,Principal California Municipal A,VALID,OK,
858,MAPYX,1,NO,,Mutual Fund,NASDAQ,NASDAQ,,APP_ONLY,BlackRock Pennsylvania Municipal Bond Fund,VALID,OK,
859,NCMAX,1,NO,,Mutual Fund,NASDAQ,NASDAQ,,APP_ONLY,Columbia California Itmt Muncpl Bd Inst,VALID,OK,
860,FKYTX,1,NO,,Mutual Fund,Nasdaq,Nasdaq,,APP_ONLY,Nuveen KY Municipal Bond A,VALID,OK,
861,FWIAX,1,NO,,Mutual Fund,NASDAQ,NASDAQ,,APP_ONLY,Nuveen WI Municipal Bond A,VALID,OK,
862,ELFTX,1,NO,,Mutual Fund,NASDAQ,NASDAQ,,APP_ONLY,Elfun Tax Exempt Income Fund,VALID,OK,
863,FNYTX,1,NO,,Mutual Fund,NASDAQ,NASDAQ,,APP_ONLY,Franklin NY Tax Free Income A1,VALID,OK,
864,^IBEX,1,NO,,Index,MCE,MCE,Global,BOTH,IBEX 35,VALID,OK,
865,FSTGX,1,NO,,Mutual Fund,NASDAQ,NASDAQ,,APP_ONLY,Fidelity Intermediate Government Income,VALID,OK,
866,BIAMX,1,NO,,Mutual Fund,NASDAQ,NASDAQ,,APP_ONLY,Brown Advisory Maryland Bond Fund,VALID,OK,
867,FLAAX,1,NO,,Mutual Fund,NASDAQ,NASDAQ,,APP_ONLY,Nuveen All-American Municipal Bond A,VALID,OK,
868,NOITX,1,NO,,Mutual Fund,NASDAQ,NASDAQ,,APP_ONLY,Northern Intermediate Tax-Exempt,VALID,OK,
869,FSMNX,1,NO,,Mutual Fund,NASDAQ,NASDAQ,,APP_ONLY,Fidelity SAI Municipal Income,VALID,OK,
870,OWNYX,1,NO,,Mutual Fund,Nasdaq,Nasdaq,,APP_ONLY,"Old Westbury Funds, Inc. - New York Municipal Bond Fund",VALID,OK,
871,JNJ,1,NO,,Stock,NYSE,NYSE,US,BOTH,Johnson & Johnson,VALID,OK,
872,DOGMX,1,NO,,Mutual Fund,Nasdaq,Nasdaq,,APP_ONLY,DFA Oregon Municipal Bond Instl,VALID,OK,
873,FRVAX,1,NO,,Mutual Fund,NASDAQ,NASDAQ,,APP_ONLY,Franklin VA Tax Free Income A1,VALID,OK,
874,PYCRX,1,NO,,Mutual Fund,NASDAQ,NASDAQ,,APP_ONLY,Payden California Municipal Social Imp,VALID,OK,
875,^MXX,1,NO,,Index,Mexico,Mexico,Global,BOTH,IPC MEXICO,VALID,OK,
876,FUENX,1,NO,,Mutual Fund,Nasdaq,Nasdaq,,APP_ONLY,Fidelity Flex Municipal Income,VALID,OK,
877,NCITX,1,NO,,Mutual Fund,NASDAQ,NASDAQ,,APP_ONLY,Northern CA Intermediate Tax-Exempt,VALID,OK,
878,BBMUX,1,NO,,Mutual Fund,Nasdaq,Nasdaq,,APP_ONLY,Bridge Builder Municipal Bond Fund,VALID,OK,
879,MSTPX,1,NO,,Mutual Fund,Nasdaq,Nasdaq,,APP_ONLY,Morningstar Municipal Bond,VALID,OK,
880,PAMFX,1,NO,,Mutual Fund,Nasdaq,Nasdaq,,APP_ONLY,Federated Hermes PA Municipal Income A,VALID,OK,
881,FCOTX,1,NO,,Mutual Fund,NASDAQ,NASDAQ,,APP_ONLY,Nuveen CO Municipal Bond A,VALID,OK,
882,FLNCX,1,NO,,Mutual Fund,Nasdaq,Nasdaq,,APP_ONLY,Nuveen NC Municipal Bond A,VALID,OK,
883,BMQSX,1,NO,,Mutual Fund,Nasdaq,Nasdaq,,APP_ONLY,Baird Municipal Bond Investor,VALID,OK,
884,BSHIX,1,NO,,Mutual Fund,Nasdaq,Nasdaq,,APP_ONLY,Bishop Street Hawaii Municipal Bd Instl,VALID,OK,
885,MFSMX,1,NO,,Mutual Fund,Nasdaq,Nasdaq,,APP_ONLY,MFS MD Municipal Bond A,VALID,OK,
886,LCFIX,1,NO,,Mutual Fund,NASDAQ,NASDAQ,,APP_ONLY,Lord Abbett California Tax Free A,VALID,OK,
887,VTEAX,1,NO,,Mutual Fund,Nasdaq,Nasdaq,,APP_ONLY,Vanguard Tax-Exempt Bond Index Admiral,VALID,OK,
888,NYAAX,1,NO,,Mutual Fund,Nasdaq,Nasdaq,,APP_ONLY,American Funds Tax-Exempt Fund of NY A,VALID,OK,
889,HMKIX,1,NO,,Mutual Fund,Nasdaq,Nasdaq,,APP_ONLY,Hartford Sustainable Municipal Bond I,VALID,OK,
890,MMGAX,1,NO,,Mutual Fund,Nasdaq,Nasdaq,,APP_ONLY,MFS GA Municipal Bond A,VALID,OK,
891,SENJX,1,NO,,Mutual Fund,Nasdaq,Nasdaq,,APP_ONLY,SEI New Jersey Municipal Bond F (STET),VALID,OK,
892,NMTRX,1,NO,,Mutual Fund,Nasdaq,Nasdaq,,APP_ONLY,Nuveen Municipal Total Return Mgd Accts,VALID,OK,
893,GTFHX,1,NO,,Mutual Fund,Nasdaq,Nasdaq,,APP_ONLY,Madison Tax-Free National Y,VALID,OK,
894,AAMBX,1,NO,,Mutual Fund,NASDAQ,NASDAQ,,APP_ONLY,Thrivent Municipal Bond A,VALID,OK,
895,NMTFX,1,NO,,Mutual Fund,Nasdaq,Nasdaq,,APP_ONLY,Allspring Minnesota Tx-Fr A,VALID,OK,
896,FKSTX,1,NO,,Mutual Fund,Nasdaq,Nasdaq,,APP_ONLY,Nuveen KS Municipal Bond A,VALID,OK,
897,MDXBX,1,NO,,Mutual Fund,Nasdaq,Nasdaq,,APP_ONLY,T. Rowe Price Maryland Tax Free Bond Fund,VALID,OK,
898,^FTSE,1,NO,,Index,FTSE Index,FTSE Index,Global,BOTH,FTSE 100,VALID,OK,
899,GSMIX,1,NO,,Mutual Fund,Nasdaq,Nasdaq,,APP_ONLY,Goldman Sachs Dynamic Municipal Inc A,VALID,OK,
900,FASUX,1,NO,,Mutual Fund,Nasdaq,Nasdaq,,APP_ONLY,Fidelity Advisor Sust Interm Muni Inc I,VALID,OK,
901,FASVX,1,NO,,Mutual Fund,Nasdaq,Nasdaq,,APP_ONLY,Fidelity Advisor Sust Interm Muni Inc Z,VALID,OK,
902,FLTMX,1,NO,,Mutual Fund,NASDAQ,NASDAQ,,APP_ONLY,Fidelity Interm Muni Inc,VALID,OK,
903,FZITX,1,NO,,Mutual Fund,Nasdaq,Nasdaq,,APP_ONLY,Fidelity Advisor Interm Muni Inc M,VALID,OK,
904,MANJX,1,NO,,Mutual Fund,NASDAQ,NASDAQ,,APP_ONLY,BlackRock New Jersey Municipal Bond Fund,VALID,OK,
905,FZIAX,1,NO,,Mutual Fund,Nasdaq,Nasdaq,,APP_ONLY,Fidelity Advisor Interm Muni Inc A,VALID,OK,
906,FZICX,1,NO,,Mutual Fund,Nasdaq,Nasdaq,,APP_ONLY,Fidelity Advisor Interm Muni Inc C,VALID,OK,
907,FIQZX,1,NO,,Mutual Fund,Nasdaq,Nasdaq,,APP_ONLY,Fidelity Advisor Interm Muni Inc Z,VALID,OK,
908,EIBSX,1,NO,,Mutual Fund,Nasdaq,Nasdaq,,APP_ONLY,Parametric TABS Short-Term Muni Bd I,VALID,OK,
909,SEKSX,1,NO,,Mutual Fund,Nasdaq,Nasdaq,,APP_ONLY,Carret Kansas Tax Exempt Bond Fund Instl,VALID,OK,
910,SBDAX,1,NO,,Mutual Fund,NASDAQ,NASDAQ,,APP_ONLY,SEI California Municipal Bond F (STET),VALID,OK,
911,AMAYX,1,NO,,Mutual Fund,Nasdaq,Nasdaq,,APP_ONLY,AB Municipal Income II Massachusetts Adv,VALID,OK,
912,ORTFX,1,NO,,Mutual Fund,Nasdaq,Nasdaq,,APP_ONLY,NYLI MacKay Oregon Muni Class Z,VALID,OK,
913,NBB,1,NO,,Stock,NYSE,NYSE,,APP_ONLY,Nuveen Taxable Municipal Income Fund,VALID,OK,
914,AMAAX,1,NO,,Mutual Fund,Nasdaq,Nasdaq,,APP_ONLY,AB Municipal Income II Massachusetts A,VALID,OK,
915,OMIFX,1,NO,,Mutual Fund,Nasdaq,Nasdaq,,APP_ONLY,Federated Hermes OH Municipal Income F,VALID,OK,
916,BMNSX,1,NO,,Mutual Fund,Nasdaq,Nasdaq,,APP_ONLY,Baird Core Intermediate Municpl Bd Inv,VALID,OK,
917,SENYX,1,NO,,Mutual Fund,Nasdaq,Nasdaq,,APP_ONLY,SEI New York Municipal Bond F (STET),VALID,OK,
918,PMNPX,1,NO,,Mutual Fund,Nasdaq,Nasdaq,,APP_ONLY,PIMCO National Interm Muni Bond I2,VALID,OK,
919,PMNIX,1,NO,,Mutual Fund,NASDAQ,NASDAQ,,APP_ONLY,PIMCO National Interm Muni Bond Instl,VALID,OK,
920,BBIIX,1,NO,,Mutual Fund,Nasdaq,Nasdaq,,APP_ONLY,BBH Intermediate Municipal Bond Fund,VALID,OK,
921,MAMTX,1,NO,,Mutual Fund,NASDAQ,NASDAQ,,APP_ONLY,Blackrock Strategic Municipal Opportunities Fund Of Blackrock Municipal Series Trust,VALID,OK,
922,WTCOX,1,NO,,Mutual Fund,NASDAQ,NASDAQ,,APP_ONLY,Segall Bryant & Hamill ColoradoTaxFr Ret,VALID,OK,
923,BSNIX,1,NO,,Mutual Fund,NASDAQ,NASDAQ,,APP_ONLY,Baird Strategic Municipal Bond Instl,VALID,OK,
924,DCIBX,1,NO,,Mutual Fund,NASDAQ,NASDAQ,,APP_ONLY,DFA CA Intermediate-Term Muni Bd I,VALID,OK,
925,BSCIX,1,NO,,Mutual Fund,Nasdaq,Nasdaq,,APP_ONLY,Sterling Capital SC Interm Tax-Free I,VALID,OK,
926,FRORX,1,NO,,Mutual Fund,NASDAQ,NASDAQ,,APP_ONLY,Franklin OR Tax Free Income A1,VALID,OK,
927,LTEBX,1,NO,,Mutual Fund,Nasdaq,Nasdaq,,APP_ONLY,American Funds Limited Term Tx-Ex Bd A,VALID,OK,
928,FMOTX,1,NO,,Mutual Fund,NASDAQ,NASDAQ,,APP_ONLY,Nuveen MO Municipal Bond A,VALID,OK,
929,VKLMX,1,NO,,Mutual Fund,Nasdaq,Nasdaq,,APP_ONLY,Invesco Intermediate Term Muni Inc A,VALID,OK,
930,RTY=F,1,NO,,Future,CME,CME,,APP_ONLY,E-mini Russell 2000 Index Futur,VALID,OK,
931,SCTAX,1,NO,,Mutual Fund,NASDAQ,NASDAQ,,APP_ONLY,Allspring California Tax-Free A,VALID,OK,
932,AVAAX,1,NO,,Mutual Fund,Nasdaq,Nasdaq,,APP_ONLY,AB Municipal Income II Virginia A,VALID,OK,
933,EILBX,1,NO,,Mutual Fund,Nasdaq,Nasdaq,,APP_ONLY,Parametric TABS 1to10 Year Ldrd Mn Bd I,VALID,OK,
934,FTTMX,1,NO,,Mutual Fund,Nasdaq,Nasdaq,,APP_ONLY,Franklin MI Tax-Free Inc A1,VALID,OK,
935,FMITX,1,NO,,Mutual Fund,Nasdaq,Nasdaq,,APP_ONLY,Nuveen MI Municipal Bond A,VALID,OK,
936,SEPAX,1,NO,,Mutual Fund,Nasdaq,Nasdaq,,APP_ONLY,SEI Pennsylvania Municipal Bond F (STET),VALID,OK,
937,ALCAX,1,NO,,Mutual Fund,NASDAQ,NASDAQ,,APP_ONLY,AB Municipal Income California A,VALID,OK,
938,FMISX,1,NO,,Mutual Fund,Nasdaq,Nasdaq,,APP_ONLY,Franklin MA Tax-Free Income A1,VALID,OK,
939,MANKX,1,NO,,Mutual Fund,NASDAQ,NASDAQ,,APP_ONLY,BlackRock New York Municipal Opportunities Fund,VALID,OK,
940,NCATX,1,NO,,Mutual Fund,NASDAQ,NASDAQ,,APP_ONLY,Northern CA Tax-Exempt,VALID,OK,
941,FRCOX,1,NO,,Mutual Fund,Nasdaq,Nasdaq,,APP_ONLY,Franklin CO Tax Free Income A1,VALID,OK,
942,NMNJX,1,NO,,Mutual Fund,Nasdaq,Nasdaq,,APP_ONLY,Nuveen NJ Municipal Bond I,VALID,OK,
943,HULAX,1,NO,,Mutual Fund,Nasdaq,Nasdaq,,APP_ONLY,Hawaiian Tax-Free Trust A,VALID,OK,
944,CFNTX,1,NO,,Mutual Fund,NASDAQ,NASDAQ,,APP_ONLY,Green California Tax-Free Income Inv,VALID,OK,
945,ATTYX,1,NO,,Mutual Fund,Nasdaq,Nasdaq,,APP_ONLY,AB Tax-Aware Fixed Income Opps Adv,VALID,OK,
946,USNYX,1,NO,,Mutual Fund,NASDAQ,NASDAQ,,APP_ONLY,Victory New York Bond Fund,VALID,OK,
947,FCSHX,1,NO,,Mutual Fund,Nasdaq,Nasdaq,,APP_ONLY,Fidelity Advisor Ltd Term Muni Inc C,VALID,OK,
948,FSTFX,1,NO,,Mutual Fund,Nasdaq,Nasdaq,,APP_ONLY,Fidelity Advisor Ltd Term Muni Inc,VALID,OK,
949,FTSHX,1,NO,,Mutual Fund,Nasdaq,Nasdaq,,APP_ONLY,Fidelity Advisor Ltd Term Muni Inc M,VALID,OK,
950,VWAHX,1,NO,,Mutual Fund,NASDAQ,NASDAQ,,APP_ONLY,Vanguard High-Yield Tax-Exempt,VALID,OK,
951,VWALX,1,NO,,Mutual Fund,NASDAQ,NASDAQ,,APP_ONLY,Vanguard High-Yield Tax-Exempt Adm,VALID,OK,
952,FASHX,1,NO,,Mutual Fund,Nasdaq,Nasdaq,,APP_ONLY,Fidelity Limited Term Municipal Income Fund,VALID,OK,
953,FJMNX,1,NO,,Mutual Fund,NASDAQ,NASDAQ,,APP_ONLY,Nuveen Minnesota Municipal Bond A,VALID,OK,
954,PNYIX,1,NO,,Mutual Fund,NASDAQ,NASDAQ,,APP_ONLY,PIMCO NY Municipal Instl,VALID,OK,
955,TIMUX,1,NO,,Mutual Fund,Nasdaq,Nasdaq,,APP_ONLY,Transamerica Intermediate Muni I,VALID,OK,
956,VICI,1,NO,,Stock,NYSE,NYSE,US,BOTH,VICI Properties Inc.,VALID,OK,
957,EKVAX,1,NO,,Mutual Fund,Nasdaq,Nasdaq,,APP_ONLY,Allspring Pennsylvania Tax-Free Fund,VALID,OK,
958,DMUSX,1,NO,,Mutual Fund,NASDAQ,NASDAQ,,APP_ONLY,Nomura Tax-Free USA Intermediate A,VALID,OK,
959,TOHAX,1,NO,,Mutual Fund,Nasdaq,Nasdaq,,APP_ONLY,Touchstone Core Municipal Bond A,VALID,OK,
960,TWTIX,1,NO,,Mutual Fund,Nasdaq,Nasdaq,,APP_ONLY,American Century Intermediate-Term Tax-Free Bond Fund,VALID,OK,
961,FAFTX,1,NO,,Mutual Fund,NASDAQ,NASDAQ,,APP_ONLY,Franklin Federal Tax Free Income Adv,VALID,OK,
962,REGN,1,NO,,Stock,NasdaqGS,NasdaqGS,,APP_ONLY,"Regeneron Pharmaceuticals, Inc.",VALID,OK,
963,SWNTX,1,NO,,Mutual Fund,Nasdaq,Nasdaq,,APP_ONLY,Schwab Tax-Free Bond,VALID,OK,
964,FKNIX,1,NO,,Mutual Fund,Nasdaq,Nasdaq,,APP_ONLY,Franklin NY Intermediate T/F Income A1,VALID,OK,
965,WFTAX,1,NO,,Mutual Fund,Nasdaq,Nasdaq,,APP_ONLY,Allspring Intermediate Tax/AMT-Fr A,VALID,OK,
966,CGMU,1,NO,,ETF,NYSEArca,NYSEArca,,APP_ONLY,Capital Group Municipal Income ETF,VALID,OK,
967,FKCIX,1,NO,,Mutual Fund,NASDAQ,NASDAQ,,APP_ONLY,Franklin CA Interm-Term Tx-Fr Inc A1,VALID,OK,
968,SCMTX,1,NO,,Mutual Fund,Nasdaq,Nasdaq,,APP_ONLY,DWS Intermediate Tax-Free S,VALID,OK,
969,FLTDX,1,NO,,Mutual Fund,Nasdaq,Nasdaq,,APP_ONLY,Nuveen Limited Term Municipal Bond A,VALID,OK,
970,BVATX,1,NO,,Mutual Fund,Nasdaq,Nasdaq,,APP_ONLY,Sterling Capital VA Interm Tax-Free I,VALID,OK,
971,SISIX,1,NO,,Mutual Fund,Nasdaq,Nasdaq,,APP_ONLY,Virtus Newfleet Intermediate Muncpl Bd A,VALID,OK,
972,FICNX,1,NO,,Mutual Fund,NASDAQ,NASDAQ,,APP_ONLY,Fidelity Connecticut Municipal Income,VALID,OK,
973,NMUIX,1,NO,,Mutual Fund,Nasdaq,Nasdaq,,APP_ONLY,Neuberger Municipal Interm Bd Inv,VALID,OK,
974,PSA,1,NO,,Stock,NYSE,NYSE,US,BOTH,Public Storage,VALID,OK,
975,PRVAX,1,NO,,Mutual Fund,Nasdaq,Nasdaq,,APP_ONLY,T. Rowe Price Virginia Municipal Bond,VALID,OK,
976,MRK,1,NO,,Stock,NYSE,NYSE,,APP_ONLY,"Merck & Co., Inc.",VALID,OK,
977,WFCMX,1,NO,,Mutual Fund,Nasdaq,Nasdaq,,APP_ONLY,Allspring Managed Acct CoreBuilder M,VALID,OK,
978,HICOX,1,NO,,Mutual Fund,NASDAQ,NASDAQ,,APP_ONLY,Colorado BondShares A Tax-Exempt,VALID,OK,
979,FKITX,1,NO,,Mutual Fund,Nasdaq,Nasdaq,,APP_ONLY,Franklin Federal Interm-Term T/F Inc A1,VALID,OK,
980,VNJTX,1,NO,,Mutual Fund,Nasdaq,Nasdaq,,APP_ONLY,Vanguard NJ Long-Term Tax-Exempt Inv,VALID,OK,
981,VNJUX,1,NO,,Mutual Fund,NASDAQ,NASDAQ,,APP_ONLY,Vanguard NJ Long-Term Tax-Exempt Adm,VALID,OK,
982,PTIMX,1,NO,,Mutual Fund,Nasdaq,Nasdaq,,APP_ONLY,Performance Trust Municipal Bond Instl,VALID,OK,
983,EQR,1,NO,,Stock,NYSE,NYSE,,APP_ONLY,Equity Residential,VALID,OK,
984,PRSMX,1,NO,,Mutual Fund,Nasdaq,Nasdaq,,APP_ONLY,T. Rowe Price Intermediate Muncpl Bd Inv,VALID,OK,
985,BMBSX,1,NO,,Mutual Fund,Nasdaq,Nasdaq,,APP_ONLY,Baird Quality Intermediate Muni Bd Inv,VALID,OK,
986,FDMMX,1,NO,,Mutual Fund,NASDAQ,NASDAQ,,APP_ONLY,Fidelity Massachusetts Municipal Income,VALID,OK,
987,EMOIX,1,NO,,Mutual Fund,Nasdaq,Nasdaq,,APP_ONLY,Eaton Vance Municipal Opportunities Fund,VALID,OK,
988,VCADX,1,NO,,Mutual Fund,NASDAQ,NASDAQ,,APP_ONLY,Vanguard California Intermediate Term Tax Exempt Fund,VALID,OK,
989,VCAIX,1,NO,,Mutual Fund,NASDAQ,NASDAQ,,APP_ONLY,Vanguard California Intermediate Term Tax Exempt Fund,VALID,OK,
990,OWMBX,1,NO,,Mutual Fund,Nasdaq,Nasdaq,,APP_ONLY,"Old Westbury Funds, Inc. - Old Westbury Municipal Bond Fund",VALID,OK,
991,FJRLX,1,NO,,Mutual Fund,NASDAQ,NASDAQ,,APP_ONLY,Fidelity Limited Term Bond,VALID,OK,
992,GIJAX,1,NO,,Mutual Fund,Nasdaq,Nasdaq,,APP_ONLY,Guggenheim Municipal Income A,VALID,OK,
993,SHNJX,1,NO,,Mutual Fund,Nasdaq,Nasdaq,,APP_ONLY,Western Asset New Jersey Municipals A,VALID,OK,
994,FNJHX,1,NO,,Mutual Fund,NASDAQ,NASDAQ,,APP_ONLY,Fidelity New Jersey Municipal Income,VALID,OK,
995,CMBFX,1,NO,,Mutual Fund,Nasdaq,Nasdaq,,APP_ONLY,Columbia Oregon Itmt Muncpl Bd Inst,VALID,OK,
996,ZB=F,1,NO,,Future,CBOT,CBOT,Global; US,BOTH,"U.S. Treasury Bond Futures,Sep-",VALID,OK,
997,CPRT,1,NO,,Stock,NasdaqGS,NasdaqGS,,APP_ONLY,"Copart, Inc.",VALID,OK,
998,SBNYX,1,NO,,Mutual Fund,Nasdaq,Nasdaq,,APP_ONLY,Western Asset New York Municipals A,VALID,OK,
999,FXE,1,NO,,ETF,NYSEArca,NYSEArca,,APP_ONLY,Invesco CurrencyShares Euro Currency Trust,VALID,OK,
1000,MKCMX,1,NO,,Mutual Fund,Nasdaq,Nasdaq,,APP_ONLY,BlackRock California Munl Opps Inv K,VALID,OK,
1001,ETIIX,1,NO,,Mutual Fund,Nasdaq,Nasdaq,,APP_ONLY,Parametric TABS Interm-Term Muni Bd I,VALID,OK,
1002,THNYX,1,NO,,Mutual Fund,Nasdaq,Nasdaq,,APP_ONLY,Thornburg NY Intermediate Municipal A,VALID,OK,
1003,USTEX,1,NO,,Mutual Fund,NASDAQ,NASDAQ,,APP_ONLY,Victory Tax Exempt Long Term Fund,VALID,OK,
1004,PTEBX,1,NO,,Mutual Fund,Nasdaq,Nasdaq,,APP_ONLY,BNY Mellon Opportunistic Municipal Scs A,VALID,OK,
1005,FLTB,1,NO,,ETF,NYSEArca,NYSEArca,,APP_ONLY,Fidelity Limited Term Bond ETF,VALID,OK,
1006,FROGX,1,NO,,Mutual Fund,Nasdaq,Nasdaq,,APP_ONLY,Fidelity Advisor Municipal Income I,VALID,OK,
1007,PCMNX,1,NO,,Mutual Fund,Nasdaq,Nasdaq,,APP_ONLY,PACE Municipal Fixed Income P,VALID,OK,
1008,ES=F,1,NO,,Future,CME,CME,Global; US,BOTH,E-Mini S&P 500 Sep 26,VALID,OK,
1009,YM=F,1,NO,,Future,CBOT,CBOT,,APP_ONLY,Mini Dow Jones Indus.-$5 Sep 26,VALID,OK,
1010,DSIBX,1,NO,,Mutual Fund,Nasdaq,Nasdaq,,APP_ONLY,BNY Mellon Short Term Municipal Bond Fund,VALID,OK,
1011,FXB,1,NO,,ETF,NYSEArca,NYSEArca,,APP_ONLY,Invesco CurrencyShares British Pound Sterling Trust,VALID,OK,
1012,PTEAX,1,NO,,Mutual Fund,NASDAQ,NASDAQ,,APP_ONLY,Principal Tax-Exempt Bond A,VALID,OK,
1013,DIV,1,NO,,ETF,NYSEArca,NYSEArca,,APP_ONLY,Global X SuperDividend U.S. ETF,VALID,OK,
1014,SLQD,1,NO,,ETF,NasdaqGM,NasdaqGM,,APP_ONLY,iShares 0-5 Year Investment Grade Corporate Bond ETF,VALID,OK,
1015,DRCAX,1,NO,,Mutual Fund,NASDAQ,NASDAQ,,APP_ONLY,BNY MellonCalifornia AMT-Free Municipal Bond Fund,VALID,OK,
1016,LTMFX,1,NO,,Mutual Fund,Nasdaq,Nasdaq,,APP_ONLY,Thornburg Limited Term Municipal Fund,VALID,OK,
1017,FICO,1,NO,,Stock,NYSE,NYSE,,APP_ONLY,Fair Isaac Corporation,VALID,OK,
1018,SNDPX,1,NO,,Mutual Fund,Nasdaq,Nasdaq,,APP_ONLY,AB Diversified Municipal,VALID,OK,
1019,TSSIX,1,NO,,Mutual Fund,NASDAQ,NASDAQ,,APP_ONLY,Thornburg Strategic Municipal Income I,VALID,OK,
1020,PGR,1,NO,,Stock,NYSE,NYSE,,APP_ONLY,The Progressive Corporation,VALID,OK,
1021,DFCA,1,NO,,ETF,NYSEArca,NYSEArca,,APP_ONLY,Dimensional California Municipal Bond ETF,VALID,OK,
1022,SB=F,1,NO,,Future,ICE Futures,ICE Futures,Global,BOTH,Sugar #11 Oct 26,VALID,NONBLOCKING_METADATA_VARIANT,Source rows contain differing descriptive metadata; symbol itself is unchanged.
1023,LISDX,1,NO,,Mutual Fund,Nasdaq,Nasdaq,,APP_ONLY,Lord Abbett Short Duration Tax Free Fund,VALID,OK,
1024,SCMBX,1,NO,,Mutual Fund,NASDAQ,NASDAQ,,APP_ONLY,DWS Managed Municipal Bond S,VALID,OK,
1025,JMUNX,1,NO,,Mutual Fund,NASDAQ,NASDAQ,,APP_ONLY,Johnson Municipal Income,VALID,OK,
1026,FXF,1,NO,,ETF,NYSEArca,NYSEArca,,APP_ONLY,Invesco CurrencyShares Swiss Franc Trust,VALID,OK,
1027,IMNYX,1,NO,,Mutual Fund,Nasdaq,Nasdaq,,APP_ONLY,Western Asset Interm Maturity NY Muni A,VALID,OK,
1028,SHY,1,NO,,ETF,NasdaqGM,NasdaqGM,US,BOTH,iShares 1-3 Year Treasury Bond ETF,VALID,OK,
1029,PSDIX,1,NO,,Mutual Fund,Nasdaq,Nasdaq,,APP_ONLY,PIMCO Short Duration Muni Income Inst,VALID,OK,
1030,FSHBX,1,NO,,Mutual Fund,NASDAQ,NASDAQ,,APP_ONLY,Fidelity Short-Term Bond,VALID,OK,
1031,NTRS,1,NO,,Stock,NASDAQ,NASDAQ,,APP_ONLY,Northern Trust Corporation,VALID,OK,
1032,EZNAX,1,NO,,Mutual Fund,Nasdaq,Nasdaq,,APP_ONLY,Eaton Vance National Ltd Mat Muni Inc C,VALID,OK,
1033,VNDFX,1,NO,,Mutual Fund,Nasdaq,Nasdaq,,APP_ONLY,Viking Tax-Free for North Dakota A,VALID,OK,
1034,PCG,1,NO,,Stock,NYSE,NYSE,,APP_ONLY,PG&E Corporation,VALID,OK,
1035,VMPAX,1,NO,,Mutual Fund,Nasdaq,Nasdaq,,APP_ONLY,Allspring Strategic Municipal Bd A,VALID,OK,
1036,NG=F,1,NO,,Future,NY Mercantile,NY Mercantile,Global,BOTH,Natural Gas Sep 26,VALID,OK,
1037,NUV,1,NO,,Stock,NYSE,NYSE,US,BOTH,"Nuveen Municipal Value Fund, Inc.",VALID,OK,
1038,FONPX,1,NO,,Mutual Fund,Nasdaq,Nasdaq,,APP_ONLY,Tributary Nebraska Tax-Free Instl Plus,VALID,OK,
1039,AJG,1,NO,,Stock,NYSE,NYSE,,APP_ONLY,Arthur J. Gallagher & Co.,VALID,OK,
1040,MSTIX,1,NO,,Mutual Fund,Nasdaq,Nasdaq,,APP_ONLY,NYLI MacKay Short Term Muni Class I,VALID,OK,
1041,BIAEX,1,NO,,Mutual Fund,NASDAQ,NASDAQ,,APP_ONLY,Brown Advisory Tax Exempt Bond Fund,VALID,OK,
1042,TXRIX,1,NO,,Mutual Fund,Nasdaq,Nasdaq,,APP_ONLY,JPMorgan Tax Aware Real Return Fund,VALID,OK,
1043,OWVAX,1,NO,,Mutual Fund,Nasdaq,Nasdaq,,APP_ONLY,Sterling Capital WV Interm Tax-Free I,VALID,OK,
1044,DSSMX,1,NO,,Mutual Fund,Nasdaq,Nasdaq,,APP_ONLY,DFA Selective State Municipal Bond Instl,VALID,OK,
1045,PFG,1,NO,,Stock,NasdaqGS,NasdaqGS,,APP_ONLY,"Principal Financial Group, Inc.",VALID,OK,
1046,SEMAX,1,NO,,Mutual Fund,Nasdaq,Nasdaq,,APP_ONLY,Columbia Massachusetts Itmt MuncplBdInst,VALID,OK,
1047,VRSN,1,NO,,Stock,NasdaqGS,NasdaqGS,,APP_ONLY,"VeriSign, Inc.",VALID,OK,
1048,SMAIX,1,NO,,Mutual Fund,Nasdaq,Nasdaq,,APP_ONLY,Allspring Ultra Shrt-Term Muni IncInst,VALID,OK,
1049,PCDIX,1,NO,,Mutual Fund,NASDAQ,NASDAQ,,APP_ONLY,PIMCO CA Sh Dur Municipal Income Instl,VALID,OK,
1050,TEPAX,1,NO,,Mutual Fund,NASDAQ,NASDAQ,,APP_ONLY,American Funds Tax-Exempt Presv Port A,VALID,OK,
1051,FORCX,1,NO,,Mutual Fund,Nasdaq,Nasdaq,,APP_ONLY,Nuveen Oregon Intermediate Muni Bd I,VALID,OK,
1052,WSSCX,1,NO,,Mutual Fund,Nasdaq,Nasdaq,,APP_ONLY,Allspring Short-Term Municipal Bd C,VALID,OK,
1053,FSHYX,1,NO,,Mutual Fund,NASDAQ,NASDAQ,,APP_ONLY,Nuveen Short Term Municipal Bond I,VALID,OK,
1054,MGSMX,1,NO,,Mutual Fund,Nasdaq,Nasdaq,,APP_ONLY,DWS Short Term Municipal Bond Inst,VALID,OK,
1055,DMNBX,1,NO,,Mutual Fund,Nasdaq,Nasdaq,,APP_ONLY,DFA MN Municipal Bond Institutional,VALID,OK,
1056,PBCAX,1,NO,,Mutual Fund,NASDAQ,NASDAQ,,APP_ONLY,PGIM California Muni Income A,VALID,OK,
1057,MANLX,1,NO,,Mutual Fund,NASDAQ,NASDAQ,,APP_ONLY,BlackRock National Municipal Fund,VALID,OK,
1058,MALMX,1,NO,,Mutual Fund,Nasdaq,Nasdaq,,APP_ONLY,BlackRock Short Duration Muni Instl,VALID,OK,
1059,HMJIX,1,NO,,Mutual Fund,Nasdaq,Nasdaq,,APP_ONLY,Hartford Municipal Short Duration I,VALID,OK,
1060,PDSZX,1,NO,,Mutual Fund,Nasdaq,Nasdaq,,APP_ONLY,PGIM Short Duration Muni Fund,VALID,OK,
1061,TCCBX,1,NO,,Mutual Fund,Nasdaq,Nasdaq,,APP_ONLY,Fundvantage Trust - Ambrus Tax-Conscious California Bond Fund,VALID,OK,
1062,NSITX,1,NO,,Mutual Fund,Nasdaq,Nasdaq,,APP_ONLY,Northern Limited Term Tax-Exempt Fund,VALID,OK,
1063,BBNTX,1,NO,,Mutual Fund,Nasdaq,Nasdaq,,APP_ONLY,Sterling Capital North Carolina Intermediate Tax-Free Fund,VALID,OK,
1064,SUMAX,1,NO,,Mutual Fund,Nasdaq,Nasdaq,,APP_ONLY,SEI Tax Exempt Trust Short Duration Municipal Fund,VALID,OK,
1065,USMTX,1,NO,,Mutual Fund,Nasdaq,Nasdaq,,APP_ONLY,JPMorgan Ultra-Short Municipal I,VALID,OK,
1066,BTMSX,1,NO,,Mutual Fund,NASDAQ,NASDAQ,,APP_ONLY,Baird Short-Term Municipal Bond Investor,VALID,OK,
1067,ASTEX,1,NO,,Mutual Fund,Nasdaq,Nasdaq,,APP_ONLY,American Funds Shrt-Term Tx-Exmpt Bd A,VALID,OK,
1068,FSHIX,1,NO,,Mutual Fund,Nasdaq,Nasdaq,,APP_ONLY,Federated Hermes Short-Interm Muni IS,VALID,OK,
1069,DFTIX,1,NO,,Mutual Fund,Nasdaq,Nasdaq,,APP_ONLY,DFA Intermediate-Term Municipal Bd I,VALID,OK,
1070,DFMPX,1,NO,,Mutual Fund,Nasdaq,Nasdaq,,APP_ONLY,DFA Municipal Bond Institutional,VALID,OK,
1071,CCSTX,1,NO,,Mutual Fund,NASDAQ,NASDAQ,,APP_ONLY,Capital Group California Short-Term Municipal Fund,VALID,OK,
1072,OSTAX,1,NO,,Mutual Fund,Nasdaq,Nasdaq,,APP_ONLY,JPMorgan Short-Interm Muncpl Bd A,VALID,OK,
1073,USCBX,1,NO,,Mutual Fund,NASDAQ,NASDAQ,,APP_ONLY,Victory California Bond Fund,VALID,OK,
1074,DNYMX,1,NO,,Mutual Fund,Nasdaq,Nasdaq,,APP_ONLY,DFA NY Municipal Bond Portfolio,VALID,OK,
1075,NSMIX,1,NO,,Mutual Fund,Nasdaq,Nasdaq,,APP_ONLY,Columbia Short Dur Municipal Bond Inst,VALID,OK,
1076,DFCMX,1,NO,,Mutual Fund,NASDAQ,NASDAQ,,APP_ONLY,DFA CA Short-Term Municipal Bond I,VALID,OK,
1077,SFCIX,1,NO,,Mutual Fund,NASDAQ,NASDAQ,,APP_ONLY,Allspring California Limited-Term Tax-Free Fund,VALID,OK,
1078,BSNSX,1,NO,,Mutual Fund,NASDAQ,NASDAQ,,APP_ONLY,Baird Strategic Municipal Bond Investor,VALID,OK,
1079,USVAX,1,NO,,Mutual Fund,Nasdaq,Nasdaq,,APP_ONLY,Victory Virginia Bond Fund,VALID,OK,
1080,FFTFX,1,NO,,Mutual Fund,Nasdaq,Nasdaq,,APP_ONLY,Franklin Federal Lmtd-Term T/F Inc A1,VALID,OK,
1081,GSDUX,1,NO,,Mutual Fund,Nasdaq,Nasdaq,,APP_ONLY,Goldman Sachs Short Dur T/F Instl,VALID,OK,
1082,EXDVX,1,NO,,Mutual Fund,NASDAQ,NASDAQ,,APP_ONLY,Manning & Napier Diversified TE Series A,VALID,OK,
1083,OKMUX,1,NO,,Mutual Fund,Nasdaq,Nasdaq,,APP_ONLY,Oklahoma Municipal A,VALID,OK,
1084,FCSTX,1,NO,,Mutual Fund,NASDAQ,NASDAQ,,APP_ONLY,Fidelity California Ltd Trm Tax-Free Bd,VALID,OK,
1085,NMCO,1,NO,,Stock,NYSE,NYSE,,APP_ONLY,Nuveen Municipal Credit Opportunities Fund,VALID,OK,
1086,FIWAX,1,NO,,Mutual Fund,Nasdaq,Nasdaq,,APP_ONLY,Fidelity Advisor Ltd Term Muni Inc Z,VALID,OK,
1087,AITFX,1,NO,,Mutual Fund,Nasdaq,Nasdaq,,APP_ONLY,Invesco Limited Term Municipal Income A2,VALID,OK,
1088,VMLTX,1,NO,,Mutual Fund,Nasdaq,Nasdaq,,APP_ONLY,Vanguard Ltd-Term Tx-Ex,VALID,OK,
1089,VMLUX,1,NO,,Mutual Fund,Nasdaq,Nasdaq,,APP_ONLY,Vanguard Ltd-Term Tx-Ex Adm,VALID,OK,
1090,GNYTX,1,NO,,Mutual Fund,Nasdaq,Nasdaq,,APP_ONLY,Columbia New York Itmt Muncpl Bd Inst,VALID,OK,
1091,STE,1,NO,,Stock,NYSE,NYSE,,APP_ONLY,STERIS plc,VALID,OK,
1092,BCITX,1,NO,,Mutual Fund,NASDAQ,NASDAQ,,APP_ONLY,American Century California Intermediate-Term Tax-Free Bond Fund,VALID,OK,
1093,EXR,1,NO,,Stock,NYSE,NYSE,,APP_ONLY,Extra Space Storage Inc.,VALID,OK,
1094,DKL,1,NO,,Stock,NYSE,NYSE,,APP_ONLY,"Delek Logistics Partners, LP",VALID,OK,
1095,MECMX,1,NO,,Mutual Fund,Nasdaq,Nasdaq,,APP_ONLY,BlackRock California Muni Opps Inv A,VALID,OK,
1096,MACMX,1,NO,,Mutual Fund,Nasdaq,Nasdaq,,APP_ONLY,BlackRock California Municipal Opportunities Fund,VALID,OK,
1097,MDCMX,1,NO,,Mutual Fund,Nasdaq,Nasdaq,,APP_ONLY,BlackRock California Municipal Opportunities Fund,VALID,OK,
1098,MFCMX,1,NO,,Mutual Fund,Nasdaq,Nasdaq,,APP_ONLY,BlackRock California Muni Opps Inv C,VALID,OK,
1099,THNMX,1,NO,,Mutual Fund,Nasdaq,Nasdaq,,APP_ONLY,Thornburg NM Intermediate Municipal A,VALID,OK,
1100,USATX,1,NO,,Mutual Fund,NASDAQ,NASDAQ,,APP_ONLY,Victory Tax Exempt Intermediate Term Fund,VALID,OK,
1101,LTCAX,1,NO,,Mutual Fund,NASDAQ,NASDAQ,,APP_ONLY,Thornburg CA Limited-Term Muni A,VALID,OK,
1102,XEL,1,NO,,Stock,NasdaqGS,NasdaqGS,,APP_ONLY,Xcel Energy Inc.,VALID,OK,
1103,THIMX,1,NO,,Mutual Fund,NASDAQ,NASDAQ,,APP_ONLY,Thornburg Intermediate Municipal A,VALID,OK,
1104,T.TO,1,NO,,Stock,Toronto,Toronto,,APP_ONLY,TELUS Corporation,VALID,OK,
1105,CALI,1,NO,,ETF,NasdaqGM,NasdaqGM,,APP_ONLY,iShares Short-Term California Muni Active ETF,VALID,OK,
1106,PRNMX,1,NO,,Mutual Fund,Nasdaq,Nasdaq,,APP_ONLY,PGIM National Muni A,VALID,OK,
1107,TMUS,1,NO,,Stock,NasdaqGS,NasdaqGS,,APP_ONLY,"T-Mobile US, Inc.",VALID,NONBLOCKING_METADATA_VARIANT,Source rows contain differing descriptive metadata; symbol itself is unchanged.
1108,XLY,1,NO,,ETF,NYSEArca,NYSEArca,,APP_ONLY,State Street Consumer Discretionary Select Sector SPDR ETF,VALID,OK,
1109,MCO,1,NO,,Stock,NYSE,NYSE,,APP_ONLY,Moody's Corporation,VALID,OK,
1110,JKHY,1,NO,,Stock,NasdaqGS,NasdaqGS,,APP_ONLY,"Jack Henry & Associates, Inc.",VALID,OK,
1111,VWSTX,1,NO,,Mutual Fund,Nasdaq,Nasdaq,,APP_ONLY,Vanguard Ultra Short-Term Tx-Ex,VALID,OK,
1112,VWSUX,1,NO,,Mutual Fund,Nasdaq,Nasdaq,,APP_ONLY,Vanguard Ultra Short-Term Tx-Ex Adm,VALID,OK,
1113,ZM=F,1,NO,,Future,CBOT,CBOT,,APP_ONLY,Soybean Meal Futures,VALID,OK,
1114,ROP,1,NO,,Stock,NasdaqGS,NasdaqGS,,APP_ONLY,"Roper Technologies, Inc.",VALID,OK,
1115,SOBI.ST,1,NO,,Stock,Stockholm,Stockholm,,APP_ONLY,Swedish Orphan Biovitrum AB (publ),VALID,OK,
1116,STZ,1,NO,,Stock,NYSE,NYSE,,APP_ONLY,"Constellation Brands, Inc.",VALID,OK,
1117,HAS,1,NO,,Stock,NasdaqGS,NasdaqGS,,APP_ONLY,"Hasbro, Inc.",VALID,OK,
1118,MKTX,1,NO,,Stock,NasdaqGS,NasdaqGS,,APP_ONLY,MarketAxess Holdings Inc.,VALID,OK,
1119,ZN=F,1,NO,,Future,CBOT,CBOT,,APP_ONLY,"10-Year T-Note Futures,Jun-2025",VALID,OK,
1120,DIS,1,NO,,Stock,NYSE,NYSE,US,BOTH,The Walt Disney Company,VALID,OK,
1121,JPST,1,NO,,ETF,NYSEArca,NYSEArca,,APP_ONLY,JPMorgan Ultra-Short Income ETF,VALID,OK,
1122,GSK,1,NO,,Stock,NYSE,NYSE,,APP_ONLY,GSK plc,VALID,OK,
1123,TJX,1,NO,,Stock,NYSE,NYSE,,APP_ONLY,"The TJX Companies, Inc.",VALID,OK,
1124,SUNPHARMA.NS,1,NO,,Stock,NSE,NSE,Global,BOTH,Sun Pharmaceutical Industries Limited,VALID,OK,
1125,AEP,1,NO,,Stock,NasdaqGS,NasdaqGS,,APP_ONLY,"American Electric Power Company, Inc.",VALID,OK,
1126,MA,1,NO,,Stock,NYSE,NYSE,,APP_ONLY,Mastercard Incorporated,VALID,OK,
1127,RY.TO,1,NO,,Stock,Toronto,Toronto,Exchs; Global,BOTH,Royal Bank of Canada,VALID,OK,
1128,CB,1,NO,,Stock,NYSE,NYSE,,APP_ONLY,Chubb Limited,VALID,OK,
1129,EPR,1,NO,,Stock,NYSE,NYSE,,APP_ONLY,EPR Properties,VALID,OK,
1130,DX-Y.NYB,1,NO,,Index,NYBOT,NYBOT,,APP_ONLY,US Dollar Index,VALID,OK,
1131,ZF=F,1,NO,,Future,CBOT,CBOT,,APP_ONLY,"5-Year T-Note Futures,Sep-2026",VALID,OK,
1132,PTY,1,NO,,Stock,NYSE,NYSE,US,BOTH,PIMCO Corporate & Income Opportunity Fund,VALID,OK,
1133,AGNC,1,NO,,Stock,NASDAQ,NASDAQ,,APP_ONLY,AGNC Investment Corp.,VALID,OK,
1134,FMNDX,1,NO,,Mutual Fund,NASDAQ,NASDAQ,,APP_ONLY,Fidelity Conservative Inc Muni Bd Retl,VALID,OK,
1135,FCNVX,1,NO,,Mutual Fund,NASDAQ,NASDAQ,,APP_ONLY,Fidelity Conservative Income Bond,VALID,OK,
1136,FFRHX,1,NO,,Mutual Fund,NASDAQ,NASDAQ,,APP_ONLY,Fidelity Floating Rate High Income,VALID,OK,
1137,SPAXX,1,NO,,Money Market,NASDAQ,NASDAQ,,APP_ONLY,Fidelity Hereford Street Trust - Fidelity Government Money Market Fund,VALID,OK,
1138,UDN,1,NO,,ETF,NYSEArca,NYSEArca,,APP_ONLY,Invesco DB US Dollar Index Bearish Fund,VALID,OK,
1139,APUSX,1,NO,,Mutual Fund,NASDAQ,NASDAQ,,APP_ONLY,Cavanal Hill Ultra Short Tax-Free Income Fund,VALID,OK,
1140,ATOIX,1,NO,,Mutual Fund,Nasdaq,Nasdaq,,APP_ONLY,abrdn Ultra Short Municipal Inc Instl,VALID,OK,
1141,AUNYX,1,NO,,Mutual Fund,Nasdaq,Nasdaq,,APP_ONLY,AB Municipal Bond Inflation Strategy Adv,VALID,OK,
1142,DFABX,1,NO,,Mutual Fund,Nasdaq,Nasdaq,,APP_ONLY,DFA ST Slctv Stt Muncpl Bd Ptf Instl,VALID,OK,
1143,DFSMX,1,NO,,Mutual Fund,Nasdaq,Nasdaq,,APP_ONLY,DFA Short Term Municipal Bond I,VALID,OK,
1144,DUALX,1,NO,,Mutual Fund,Nasdaq,Nasdaq,,APP_ONLY,Dupree Alabama Tax Free Income Series Fund,VALID,OK,
1145,DUMSX,1,NO,,Mutual Fund,Nasdaq,Nasdaq,,APP_ONLY,Dupree Mississippi Tax-Free Income Series,VALID,OK,
1146,EXFLX,1,NO,,Mutual Fund,Nasdaq,Nasdaq,,APP_ONLY,Eaton Vance Ntnl Ultr Shrt Muni Inc A,VALID,OK,
1147,FGNSX,1,NO,,Mutual Fund,NASDAQ,NASDAQ,,APP_ONLY,Strategic Advisers Tx-Snstv Shrt Dur,VALID,OK,
1148,FHMIX,1,NO,,Mutual Fund,Nasdaq,Nasdaq,,APP_ONLY,Federated Hermes Cnsrvtv Mncpl Mcsht Ins,VALID,OK,
1149,FMUSX,1,NO,,Mutual Fund,Nasdaq,Nasdaq,,APP_ONLY,Federated Hermes Municipal Ultrashort IS,VALID,OK,
1150,FUEMX,1,NO,,Mutual Fund,Nasdaq,Nasdaq,,APP_ONLY,Fidelity Flex Cnsrv Inc Muni Bd,VALID,OK,
1151,KSMUX,1,NO,,Mutual Fund,Nasdaq,Nasdaq,,APP_ONLY,Kansas Municipal A,VALID,OK,
1152,KYTFX,1,NO,,Mutual Fund,Nasdaq,Nasdaq,,APP_ONLY,Dupree KY Tax-Free Income,VALID,OK,
1153,LTNYX,1,NO,,Mutual Fund,Nasdaq,Nasdaq,,APP_ONLY,Invesco Rochester Limited Term New York Municipal Fund,VALID,OK,
1154,NEARX,1,NO,,Mutual Fund,Nasdaq,Nasdaq,,APP_ONLY,US Global Investors Near-Term Tax Free,VALID,OK,
1155,NEMUX,1,NO,,Mutual Fund,Nasdaq,Nasdaq,,APP_ONLY,Nebraska Municipal A,VALID,OK,
1156,NTFIX,1,NO,,Mutual Fund,Nasdaq,Nasdaq,,APP_ONLY,Dupree North Carolina Tax-Free Income Series,VALID,OK,
1157,ORSYX,1,NO,,Mutual Fund,Nasdaq,Nasdaq,,APP_ONLY,Invesco Short Term Municipal Y,VALID,OK,
1158,PBMFX,1,NO,,Mutual Fund,NASDAQ,NASDAQ,,APP_ONLY,Victory Amt-Free Municipal Fund Class A,VALID,OK,
1159,PRFSX,1,NO,,Mutual Fund,Nasdaq,Nasdaq,,APP_ONLY,T. Rowe Price Short-Itmt Muncpl Bd,VALID,OK,
1160,PRMDX,1,NO,,Mutual Fund,NASDAQ,NASDAQ,,APP_ONLY,T. Rowe Price MD Short-Term Tax-Free,VALID,OK,
1161,SHDAX,1,NO,,Mutual Fund,Nasdaq,Nasdaq,,APP_ONLY,Western Asset Short Duration Muni Inc A,VALID,OK,
1162,TFCYX,1,NO,,Mutual Fund,Nasdaq,Nasdaq,,APP_ONLY,Sei Institutional Managed Trust - SIMT Tax-Free Conservative Income Fund,VALID,OK,
1163,TLMIX,1,NO,,Mutual Fund,NASDAQ,NASDAQ,,APP_ONLY,Thornburg Short Duration Municipal I,VALID,OK,
1164,TNTIX,1,NO,,Mutual Fund,Nasdaq,Nasdaq,,APP_ONLY,Dupree TN Tax-Free Income,VALID,OK,
1165,USMSX,1,NO,,Mutual Fund,Nasdaq,Nasdaq,,APP_ONLY,JPMorgan Ultra-Short Municipal A,VALID,OK,
1166,USSTX,1,NO,,Mutual Fund,Nasdaq,Nasdaq,,APP_ONLY,Victory Tax Exempt Short Term Fund,VALID,OK,
1167,VANTX,1,NO,,Mutual Fund,Nasdaq,Nasdaq,,APP_ONLY,JPMorgan New York Tax Free Bond Fund,VALID,OK,
1168,VMTTX,1,NO,,Mutual Fund,Nasdaq,Nasdaq,,APP_ONLY,Viking Tax-Free for Montana A,VALID,OK,
1169,DCARX,1,NO,,Mutual Fund,NASDAQ,NASDAQ,,APP_ONLY,DFA CA Municipal Real Return Instl,VALID,OK,
1170,JCBCX,1,NO,,Mutual Fund,NASDAQ,NASDAQ,,APP_ONLY,JPMorgan California Tax Free Bond Fund,VALID,OK,
1171,JPICX,1,NO,,Mutual Fund,NASDAQ,NASDAQ,,APP_ONLY,JPMorgan California Tax Free Bond I,VALID,OK,
1172,DTE,1,NO,,Stock,NYSE,NYSE,,APP_ONLY,DTE Energy Company,VALID,OK,
1173,NI,1,NO,,Stock,NYSE,NYSE,,APP_ONLY,NiSource Inc.,VALID,OK,
1174,VTR,1,NO,,Stock,NYSE,NYSE,,APP_ONLY,"Ventas, Inc.",VALID,OK,
1175,JEPI,1,NO,,ETF,NYSEArca,NYSEArca,,APP_ONLY,JPMorgan Equity Premium Income ETF,VALID,OK,
1176,JCBAX,1,NO,,Mutual Fund,NASDAQ,NASDAQ,,APP_ONLY,JPMorgan California Tax Free Bond Fund,VALID,OK,
1177,JQC,1,NO,,Stock,NYSE,NYSE,,APP_ONLY,Nuveen Credit Strategies Income Fund,VALID,OK,
1178,JPC,1,NO,,Stock,NYSE,NYSE,,APP_ONLY,Nuveen Preferred & Income Opportunities Fund,VALID,OK,
1179,SWTXX,1,NO,,Money Market,NASDAQ,NASDAQ,,APP_ONLY,The Charles Schwab Family of Funds - Schwab Municipal Money Fund,VALID,OK,
1180,SWVXX,1,NO,,Money Market,NASDAQ,NASDAQ,,APP_ONLY,The Charles Schwab Family of Funds - Schwab Value Advantage Money Fund,VALID,OK,
1181,KE=F,1,NO,,Future,CBOT,CBOT,,APP_ONLY,"KC HRW Wheat Futures,Sep-2026",VALID,OK,
1182,1177.HK,1,NO,,Stock,HKSE,HKSE,,APP_ONLY,Sino Biopharmaceutical Limited,VALID,OK,
1183,FDLXX,1,NO,,Money Market,NASDAQ,NASDAQ,,APP_ONLY,Fidelity Hereford Street Trust - Fidelity Treasury Only Money Market Fund,VALID,OK,
1184,VCTXX,1,NO,,Money Market,Nasdaq,Nasdaq,,APP_ONLY,Vanguard California Municipal Money Market Fund,VALID,OK,
1185,FSPXX,1,NO,,Money Market,Nasdaq,Nasdaq,,APP_ONLY,Fidelity California Municipal Trust II - Fidelity California AMT Tax-Free Money Market Fund,VALID,OK,
1186,^STI,1,NO,,Index,SES,SES,Global,BOTH,STI Index,VALID,OK,
1187,DUK,1,NO,,Stock,NYSE,NYSE,,APP_ONLY,Duke Energy Corporation,VALID,OK,
1188,ZT=F,1,NO,,Future,CBOT,CBOT,Global; US,BOTH,"2-Year T-Note Futures,Sep-2026",VALID,NONBLOCKING_METADATA_VARIANT,Source rows contain differing descriptive metadata; symbol itself is unchanged.
1189,CMS,1,NO,,Stock,NYSE,NYSE,,APP_ONLY,CMS Energy Corporation,VALID,OK,
1190,XLRE,1,NO,,ETF,NYSEArca,NYSEArca,,APP_ONLY,State Street Real Estate Select Sector SPDR ETF,VALID,OK,
1191,WEC,1,NO,,Stock,NYSE,NYSE,,APP_ONLY,"WEC Energy Group, Inc.",VALID,OK,
1192,UUP,1,NO,,ETF,NYSEArca,NYSEArca,US,BOTH,Invesco DB US Dollar Index Bullish Fund,VALID,OK,
1193,ZS=F,1,NO,,Future,CBOT,CBOT,Global,BOTH,"Soybean Futures,Nov-2026",VALID,OK,
1194,ALL,1,NO,,Stock,NYSE,NYSE,,APP_ONLY,The Allstate Corporation,VALID,OK,
1195,MEMUX,1,NO,,Mutual Fund,Nasdaq,Nasdaq,,APP_ONLY,Maine Municipal A,VALID,OK,
1196,BDX,1,NO,,Stock,NYSE,NYSE,,APP_ONLY,"Becton, Dickinson and Company",VALID,OK,
1197,ZC=F,1,NO,,Future,CBOT,CBOT,Global,BOTH,"Corn Futures,Dec-2026",VALID,OK,
1198,AEE,1,NO,,Stock,NYSE,NYSE,,APP_ONLY,Ameren Corporation,VALID,OK,
1199,^SPLK20LP,1,NO,,Index,SNP,SNP,,APP_ONLY,S&P Sri Lanka 20 Index (LKR),VALID,OK,
1200,PPL,1,NO,,Stock,NYSE,NYSE,,APP_ONLY,PPL Corporation,VALID,OK,
1201,^BVSP,1,NO,,Index,São Paulo,São Paulo,Global,BOTH,IBOVESPA,VALID,OK,
1202,^TWII,1,NO,,Index,Taiwan,Taiwan,Global,BOTH,TWSE Capitalization Weighted Stock Index,VALID,NONBLOCKING_METADATA_VARIANT,Source rows contain differing descriptive metadata; symbol itself is unchanged.
1203,KMI,1,NO,,Stock,NYSE,NYSE,,APP_ONLY,"Kinder Morgan, Inc.",VALID,OK,
1204,INVH,1,NO,,Stock,NYSE,NYSE,,APP_ONLY,Invitation Homes Inc.,VALID,OK,
1205,TECH,1,NO,,Stock,NASDAQ,NASDAQ,,APP_ONLY,Bio-Techne Corporation,VALID,NONBLOCKING_METADATA_VARIANT,Source rows contain differing descriptive metadata; symbol itself is unchanged.
1206,ZO=F,1,NO,,Future,CBOT,CBOT,,APP_ONLY,"Oat Futures,May-2025",VALID,OK,
1207,XLV,1,NO,,ETF,NYSEArca,NYSEArca,US,BOTH,State Street Health Care Select Sector SPDR ETF,VALID,OK,
1208,TEVA,1,NO,,Stock,NYSE,NYSE,Global; US,BOTH,Teva Pharmaceutical Industries Limited,VALID,OK,
1209,DOC,1,NO,,Stock,NYSE,NYSE,,APP_ONLY,"Healthpeak Properties, Inc.",VALID,OK,
1210,DMREX,1,NO,,Mutual Fund,NASDAQ,NASDAQ,,APP_ONLY,DFA Municipal Real Return Portfolio,VALID,OK,
1211,NQ=F,1,NO,,Future,CME,CME,Global; US,BOTH,Nasdaq 100 Sep 26,VALID,OK,
1212,GOF,1,NO,,Stock,NYSE,NYSE,US,BOTH,Guggenheim Strategic Opportunities Fund,VALID,OK,
1213,EA,1,NO,,Stock,NasdaqGS,NasdaqGS,,APP_ONLY,Electronic Arts Inc.,VALID,OK,
1214,NBIX,1,NO,,Stock,NasdaqGS,NasdaqGS,,APP_ONLY,"Neurocrine Biosciences, Inc.",VALID,OK,
1215,NPCT,1,NO,,Stock,NYSE,NYSE,,APP_ONLY,Nuveen Core Plus Impact Fund,VALID,OK,
1216,GL,1,NO,,Stock,NYSE,NYSE,,APP_ONLY,Globe Life Inc.,VALID,OK,
1217,4519.T,1,NO,,Stock,Tokyo,Tokyo,Global,BOTH,"Chugai Pharmaceutical Co., Ltd.",VALID,OK,
1218,ZL=F,1,NO,,Future,CBOT,CBOT,,APP_ONLY,"Soybean Oil Futures,Dec-2026",VALID,OK,
1219,PFL,1,NO,,Stock,NYSE,NYSE,,APP_ONLY,PIMCO Income Strategy Fund,VALID,OK,
1220,NLY,1,NO,,Stock,NYSE,NYSE,US,BOTH,"Annaly Capital Management, Inc.",VALID,OK,
1221,FRESX,1,NO,,Mutual Fund,Nasdaq,Nasdaq,Global; US,BOTH,Fidelity Real Estate Investment Port,VALID,NONBLOCKING_METADATA_VARIANT,Source rows contain differing descriptive metadata; symbol itself is unchanged.
1222,ATO,1,NO,,Stock,NYSE,NYSE,,APP_ONLY,Atmos Energy Corporation,VALID,OK,
1223,PSX,1,NO,,Stock,NYSE,NYSE,,APP_ONLY,Phillips 66,VALID,OK,
1224,SOLV,1,NO,,Stock,NYSE,NYSE,,APP_ONLY,Solventum Corporation,VALID,OK,
1225,MLPX,1,NO,,ETF,NYSEArca,NYSEArca,,APP_ONLY,Global X MLP & Energy Infrastructure ETF,VALID,OK,
1226,VNQ,1,NO,,ETF,NYSEArca,NYSEArca,,APP_ONLY,Vanguard Real Estate Index Fund ETF Shares,VALID,OK,
1227,BMN,1,NO,,Stock,NYSE,NYSE,,APP_ONLY,Blackrock 2037 Municipal Target Term Trust,VALID,OK,
1228,VRSK,1,NO,,Stock,NasdaqGS,NasdaqGS,,APP_ONLY,"Verisk Analytics, Inc.",VALID,OK,
1229,CF,1,NO,,Stock,NYSE,NYSE,,APP_ONLY,"CF Industries Holdings, Inc.",VALID,OK,
1230,NAZ,1,NO,,Stock,NYSE,NYSE,,APP_ONLY,Nuveen Arizona Quality Municipal Income Fund,VALID,OK,
1231,CTAS,1,NO,,Stock,NasdaqGS,NasdaqGS,,APP_ONLY,Cintas Corporation,VALID,OK,
1232,ZR=F,1,NO,,Future,CBOT,CBOT,,APP_ONLY,"Rough Rice Futures,Sep-2026",VALID,OK,
1233,MAA,1,NO,,Stock,NYSE,NYSE,,APP_ONLY,"Mid-America Apartment Communities, Inc.",VALID,OK,
1234,NMZ,1,NO,,Stock,NYSE,NYSE,,APP_ONLY,Nuveen Municipal High Income Opportunity Fund,VALID,OK,
1235,GKOS,1,NO,,Stock,NYSE,NYSE,,APP_ONLY,Glaukos Corporation,VALID,OK,
1236,AES,1,NO,,Stock,NYSE,NYSE,,APP_ONLY,The AES Corporation,VALID,OK,
1237,NMAI,1,NO,,Stock,NYSE,NYSE,,APP_ONLY,Nuveen Multi-Asset Income Fund,VALID,OK,
1238,FXC,1,NO,,ETF,NYSEArca,NYSEArca,,APP_ONLY,Invesco CurrencyShares Canadian Dollar Trust,VALID,OK,
1239,RLVSX,1,NO,,Mutual Fund,Nasdaq,Nasdaq,,APP_ONLY,Russell Inv Tax-Exempt Bond S,VALID,OK,
1240,L,1,NO,,Stock,NYSE,NYSE,,APP_ONLY,Loews Corporation,VALID,OK,
1241,ABBOTINDIA.NS,1,NO,,Stock,NSE,NSE,,APP_ONLY,Abbott India Limited,VALID,OK,
1242,PCN,1,NO,,Stock,NYSE,NYSE,,APP_ONLY,PIMCO Corporate & Income Strategy Fund,VALID,OK,
1243,NVS,1,NO,,Stock,NYSE,NYSE,,APP_ONLY,Novartis AG,VALID,OK,
1244,PM,1,NO,,Stock,NYSE,NYSE,,APP_ONLY,Philip Morris International Inc.,VALID,OK,
1245,BANB.SW,1,NO,,Stock,Swiss,Swiss,,APP_ONLY,Bachem Holding AG,VALID,OK,
1246,^BSESN,1,NO,,Index,BSE,BSE,Global,BOTH,S&P BSE SENSEX,VALID,OK,
1247,HG=F,1,NO,,Future,COMEX,COMEX,Global,BOTH,Copper Sep 26,VALID,OK,
1248,AON,1,NO,,Stock,NYSE,NYSE,,APP_ONLY,Aon plc,VALID,OK,
1249,MO,1,NO,,Stock,NYSE,NYSE,,APP_ONLY,"Altria Group, Inc.",VALID,OK,
1250,OBX.OL,1,NO,,Index,Oslo,Oslo,Global,BOTH,OBX Total Return Index,VALID,OK,
1251,PFN,1,NO,,Stock,NYSE,NYSE,,APP_ONLY,PIMCO Income Strategy Fund II,VALID,OK,
1252,PDO,1,NO,,Stock,NYSE,NYSE,,APP_ONLY,Pimco Dynamic Income Opportunities Fund,VALID,OK,
1253,FE,1,NO,,Stock,NYSE,NYSE,,APP_ONLY,FirstEnergy Corp.,VALID,OK,
1254,3692.HK,1,NO,,Stock,HKSE,HKSE,Global,BOTH,Hansoh Pharmaceutical Group Company Limited,VALID,OK,
1255,6N=F,1,NO,,Future,CME,CME,,APP_ONLY,"New Zealand Dollar Futures,Jun-",VALID,OK,
1256,4503.T,1,NO,,Stock,Tokyo,Tokyo,,APP_ONLY,Astellas Pharma Inc.,VALID,OK,
1257,KO,1,NO,,Stock,NYSE,NYSE,US,BOTH,The Coca-Cola Company,VALID,OK,
1258,KC=F,1,NO,,Future,ICE Futures,ICE Futures,Global,BOTH,Coffee Dec 26,VALID,NONBLOCKING_METADATA_VARIANT,Source rows contain differing descriptive metadata; symbol itself is unchanged.
1259,DG,1,NO,,Stock,NYSE,NYSE,,APP_ONLY,Dollar General Corporation,VALID,OK,
1260,UDR,1,NO,,Stock,NYSE,NYSE,,APP_ONLY,"UDR, Inc.",VALID,OK,
1261,PEP,1,NO,,Stock,NasdaqGS,NasdaqGS,,APP_ONLY,"PepsiCo, Inc.",VALID,OK,
1262,AIZ,1,NO,,Stock,NYSE,NYSE,,APP_ONLY,"Assurant, Inc.",VALID,OK,
1263,META,1,NO,,Stock,NasdaqGS,NasdaqGS,US,BOTH,"Meta Platforms, Inc.",VALID,NONBLOCKING_METADATA_VARIANT,Source rows contain differing descriptive metadata; symbol itself is unchanged.
1264,TORNTPHARM.NS,1,NO,,Stock,NSE,NSE,,APP_ONLY,Torrent Pharmaceuticals Limited,VALID,OK,
1265,PTFSX,1,NO,,Mutual Fund,Nasdaq,Nasdaq,,APP_ONLY,FundVantage Trust - Pacific Capital Tax-Free Short Intermediate Securities Fund,VALID,OK,
1266,NMI,1,NO,,Stock,NYSE,NYSE,,APP_ONLY,"Nuveen Municipal Income Fund, Inc.",VALID,OK,
1267,DXCM,1,NO,,Stock,NasdaqGS,NasdaqGS,,APP_ONLY,"DexCom, Inc.",VALID,OK,
1268,BWA,1,NO,,Stock,NYSE,NYSE,,APP_ONLY,BorgWarner Inc.,VALID,OK,
1269,PHK,1,NO,,Stock,NYSE,NYSE,,APP_ONLY,PIMCO High Income Fund,VALID,OK,
1270,A,1,NO,,Stock,NYSE,NYSE,,APP_ONLY,"Agilent Technologies, Inc.",VALID,OK,
1271,HST,1,NO,,Stock,NasdaqGS,NasdaqGS,,APP_ONLY,"Host Hotels & Resorts, Inc.",VALID,OK,
1272,PPH,1,NO,,ETF,NasdaqGM,NasdaqGM,,APP_ONLY,VanEck Pharmaceutical ETF,VALID,OK,
1273,PEG,1,NO,,Stock,NYSE,NYSE,,APP_ONLY,Public Service Enterprise Group Incorporated,VALID,OK,
1274,XLE,1,NO,,ETF,NYSEArca,NYSEArca,US,BOTH,State Street Energy Select Sector SPDR ETF,VALID,OK,
1275,ELAN,1,NO,,Stock,NYSE,NYSE,,APP_ONLY,Elanco Animal Health Incorporated,VALID,OK,
1276,MAR,1,NO,,Stock,NasdaqGS,NasdaqGS,,APP_ONLY,"Marriott International, Inc.",VALID,OK,
1277,RB=F,1,NO,,Future,NY Mercantile,NY Mercantile,,APP_ONLY,RBOB Gasoline Sep 26,VALID,OK,
1278,ABNB,1,NO,,Stock,NasdaqGS,NasdaqGS,,APP_ONLY,"Airbnb, Inc.",VALID,OK,
1279,PH,1,NO,,Stock,NYSE,NYSE,,APP_ONLY,Parker-Hannifin Corporation,VALID,OK,
1280,LLY,1,NO,,Stock,NYSE,NYSE,,APP_ONLY,Eli Lilly and Company,VALID,OK,
1281,MSCI,1,NO,,Stock,NYSE,NYSE,,APP_ONLY,MSCI Inc.,VALID,OK,
1282,JFR,1,NO,,Stock,NYSE,NYSE,,APP_ONLY,Nuveen Floating Rate Income Fund,VALID,OK,
1283,LULU,1,NO,,Stock,NasdaqGS,NasdaqGS,,APP_ONLY,lululemon athletica inc.,VALID,NONBLOCKING_METADATA_VARIANT,Source rows contain differing descriptive metadata; symbol itself is unchanged.
1284,WM,1,NO,,Stock,NYSE,NYSE,,APP_ONLY,"Waste Management, Inc.",VALID,OK,
1285,ABBV,1,NO,,Stock,NYSE,NYSE,,APP_ONLY,AbbVie Inc.,VALID,OK,
1286,MELI,1,NO,,Stock,NasdaqGS,NasdaqGS,,APP_ONLY,"MercadoLibre, Inc.",VALID,OK,
1287,NDAQ,1,NO,,Stock,NASDAQ,NASDAQ,,APP_ONLY,"Nasdaq, Inc.",VALID,OK,
1288,MTD,1,NO,,Stock,NYSE,NYSE,,APP_ONLY,Mettler-Toledo International Inc.,VALID,OK,
1289,MDT,1,NO,,Stock,NYSE,NYSE,,APP_ONLY,Medtronic plc,VALID,OK,
1290,XLU,1,NO,,ETF,NYSEArca,NYSEArca,US,BOTH,State Street Utilities Select Sector SPDR ETF,VALID,OK,
1291,RCS,1,NO,,Stock,NYSE,NYSE,,APP_ONLY,"PIMCO Strategic Income Fund, Inc.",VALID,OK,
1292,WTW,1,NO,,Stock,NasdaqGS,NasdaqGS,,APP_ONLY,Willis Towers Watson Public Limited Company,VALID,OK,
1293,MGC=F,1,NO,,Future,COMEX,COMEX,,APP_ONLY,"Micro Gold Futures,Jun-2026",VALID,OK,
1294,GC=F,1,NO,,Future,COMEX,COMEX,Global; US,BOTH,Gold Dec 26,VALID,NONBLOCKING_METADATA_VARIANT,Source rows contain differing descriptive metadata; symbol itself is unchanged.
1295,RL,1,NO,,Stock,NYSE,NYSE,,APP_ONLY,Ralph Lauren Corporation,VALID,OK,
1296,HIG,1,NO,,Stock,NYSE,NYSE,,APP_ONLY,"The Hartford Insurance Group, Inc.",VALID,OK,
1297,PSEI.PS,1,NO,,Index,Philippine,Philippine,,APP_ONLY,PSEi INDEX,VALID,OK,
1298,^HSI,1,NO,,Index,HKSE,HKSE,Global,BOTH,HANG SENG INDEX,VALID,OK,
1299,ALNY,1,NO,,Stock,NasdaqGS,NasdaqGS,,APP_ONLY,"Alnylam Pharmaceuticals, Inc.",VALID,OK,
1300,TRGP,1,NO,,Stock,NYSE,NYSE,,APP_ONLY,Targa Resources Corp.,VALID,OK,
1301,TU,1,NO,,Stock,NYSE,NYSE,,APP_ONLY,TELUS Corporation,VALID,OK,
1302,SNY,1,NO,,Stock,NasdaqGS,NasdaqGS,,APP_ONLY,Sanofi,VALID,OK,
1303,1099.HK,1,NO,,Stock,HKSE,HKSE,,APP_ONLY,Sinopharm Group Co. Ltd.,VALID,OK,
1304,BZ=F,1,NO,,Future,NY Mercantile,NY Mercantile,Global,BOTH,Brent Crude Oil Last Day Financ,VALID,OK,
1305,SUI,1,NO,,Stock,NYSE,NYSE,,APP_ONLY,"Sun Communities, Inc.",VALID,OK,
1306,COST,1,NO,,Stock,NasdaqGS,NasdaqGS,US,BOTH,Costco Wholesale Corporation,VALID,NONBLOCKING_METADATA_VARIANT,Source rows contain differing descriptive metadata; symbol itself is unchanged.
1307,WELL,1,NO,,Stock,NYSE,NYSE,US,BOTH,Welltower Inc.,VALID,OK,
1308,CL=F,1,NO,,Future,NY Mercantile,NY Mercantile,Global; US,BOTH,Crude Oil Sep 26,VALID,NONBLOCKING_METADATA_VARIANT,Source rows contain differing descriptive metadata; symbol itself is unchanged.
1309,EZNYX,1,NO,,Mutual Fund,Nasdaq,Nasdaq,,APP_ONLY,Eaton Vance Investment Trust - Eaton Vance New York Municipal Opportunities Fund,VALID,OK,
1310,OKE,1,NO,,Stock,NYSE,NYSE,,APP_ONLY,"ONEOK, Inc.",VALID,OK,
1311,FRT,1,NO,,Stock,NYSE,NYSE,,APP_ONLY,Federal Realty Investment Trust,VALID,OK,
1312,COR,1,NO,,Stock,NYSE,NYSE,,APP_ONLY,"Cencora, Inc.",VALID,OK,
1313,LONN.SW,1,NO,,Stock,Swiss,Swiss,Global,BOTH,Lonza Group AG,VALID,OK,
1314,OXY,1,NO,,Stock,NYSE,NYSE,,APP_ONLY,Occidental Petroleum Corporation,VALID,OK,
1315,UHS,1,NO,,Stock,NYSE,NYSE,,APP_ONLY,"Universal Health Services, Inc.",VALID,OK,
1316,MPWR,1,NO,,Stock,NasdaqGS,NasdaqGS,,APP_ONLY,"Monolithic Power Systems, Inc.",VALID,OK,
1317,PL=F,1,NO,,Future,NY Mercantile,NY Mercantile,,APP_ONLY,Platinum Oct 26,VALID,OK,
1318,^DJU,1,NO,,Index,DJI,DJI,,APP_ONLY,Dow Jones Utility Average,VALID,OK,
1319,4523.T,1,NO,,Stock,Tokyo,Tokyo,,APP_ONLY,"Eisai Co., Ltd.",VALID,OK,
1320,XOM,1,NO,,Stock,NYSE,NYSE,US,BOTH,ExxonMobil Holdings Corporation,VALID,NONBLOCKING_METADATA_VARIANT,Source rows contain differing descriptive metadata; symbol itself is unchanged.
1321,CSGP,1,NO,,Stock,NasdaqGS,NasdaqGS,,APP_ONLY,"CoStar Group, Inc.",VALID,NONBLOCKING_METADATA_VARIANT,Source rows contain differing descriptive metadata; symbol itself is unchanged.
1322,PA=F,1,NO,,Future,NY Mercantile,NY Mercantile,,APP_ONLY,Palladium Sep 26,VALID,OK,
1323,MRSH,1,NO,,Stock,NYSE,NYSE,,APP_ONLY,"Marsh & McLennan Companies, Inc.",VALID,OK,
1324,HLT,1,NO,,Stock,NYSE,NYSE,,APP_ONLY,Hilton Worldwide Holdings Inc.,VALID,OK,
1325,ROST,1,NO,,Stock,NasdaqGS,NasdaqGS,,APP_ONLY,"Ross Stores, Inc.",VALID,OK,
1326,KR,1,NO,,Stock,NYSE,NYSE,,APP_ONLY,The Kroger Co.,VALID,OK,
1327,AIV,1,NO,,Stock,NYSE,NYSE,,APP_ONLY,Apartment Investment and Management Company,VALID,OK,
1328,YUM,1,NO,,Stock,NYSE,NYSE,,APP_ONLY,"Yum! Brands, Inc.",VALID,OK,
1329,EG,1,NO,,Stock,NYSE,NYSE,,APP_ONLY,"Everest Group, Ltd.",VALID,OK,
1330,MFA,1,NO,,Stock,NYSE,NYSE,,APP_ONLY,"MFA Financial, Inc.",VALID,OK,
1331,WYNN,1,NO,,Stock,NasdaqGS,NasdaqGS,,APP_ONLY,"Wynn Resorts, Limited",VALID,OK,
1332,JRI,1,NO,,Stock,NYSE,NYSE,,APP_ONLY,Nuveen Real Asset Income and Growth Fund,VALID,OK,
1333,WPC,1,NO,,Stock,NYSE,NYSE,,APP_ONLY,W. P. Carey Inc.,VALID,OK,
1334,JRS,1,NO,,Stock,NYSE,NYSE,,APP_ONLY,Nuveen Real Estate Income Fund,VALID,OK,
1335,DRI,1,NO,,Stock,NYSE,NYSE,,APP_ONLY,"Darden Restaurants, Inc.",VALID,OK,
1336,CNP,1,NO,,Stock,NYSE,NYSE,,APP_ONLY,"CenterPoint Energy, Inc.",VALID,OK,
1337,2222.SR,1,NO,,Stock,Saudi,Saudi,Global,BOTH,Saudi Arabian Oil Company,VALID,NONBLOCKING_METADATA_VARIANT,Source rows contain differing descriptive metadata; symbol itself is unchanged.
1338,TDG,1,NO,,Stock,NYSE,NYSE,,APP_ONLY,TransDigm Group Incorporated,VALID,OK,
1339,TGT,1,NO,,Stock,NYSE,NYSE,,APP_ONLY,Target Corporation,VALID,OK,
1340,BRO,1,NO,,Stock,NYSE,NYSE,,APP_ONLY,"Brown & Brown, Inc.",VALID,OK,
1341,LNT,1,NO,,Stock,NasdaqGS,NasdaqGS,,APP_ONLY,Alliant Energy Corporation,VALID,OK,
1342,CAH,1,NO,,Stock,NYSE,NYSE,,APP_ONLY,"Cardinal Health, Inc.",VALID,OK,
1343,HII,1,NO,,Stock,NYSE,NYSE,,APP_ONLY,"Huntington Ingalls Industries, Inc.",VALID,OK,
1344,T,1,NO,,Stock,NYSE,NYSE,US,BOTH,AT&T Inc.,VALID,OK,
1345,SPGI,1,NO,,Stock,NYSE,NYSE,,APP_ONLY,S&P Global Inc.,VALID,OK,
1346,CVS,1,NO,,Stock,NYSE,NYSE,,APP_ONLY,CVS Health Corporation,VALID,OK,
1347,SI=F,1,NO,,Future,COMEX,COMEX,Global,BOTH,Silver Sep 26,VALID,OK,
1348,O,1,NO,,Stock,NYSE,NYSE,US,BOTH,Realty Income Corporation,VALID,OK,
1349,RSG,1,NO,,Stock,NYSE,NYSE,,APP_ONLY,"Republic Services, Inc.",VALID,OK,
1350,SIL=F,1,NO,,Future,COMEX,COMEX,,APP_ONLY,"Micro Silver Futures,Sep-2026",VALID,OK,
1351,XHS,1,NO,,ETF,NYSEArca,NYSEArca,,APP_ONLY,State Street SPDR S&P Health Care Services ETF,VALID,OK,
1352,WRB,1,NO,,Stock,NYSE,NYSE,,APP_ONLY,W. R. Berkley Corporation,VALID,OK,
1353,BNTX,1,NO,,Stock,NasdaqGS,NasdaqGS,,APP_ONLY,BioNTech SE,VALID,OK,
1354,CIPLA.NS,1,NO,,Stock,NSE,NSE,Global,BOTH,Cipla Limited,VALID,OK,
1355,ICLR,1,NO,,Stock,NasdaqGS,NasdaqGS,,APP_ONLY,ICON Public Limited Company,VALID,OK,
1356,ROL,1,NO,,Stock,NYSE,NYSE,,APP_ONLY,"Rollins, Inc.",VALID,OK,
1357,VZ,1,NO,,Stock,NYSE,NYSE,,APP_ONLY,Verizon Communications Inc.,VALID,OK,
1358,HO=F,1,NO,,Future,NY Mercantile,NY Mercantile,,APP_ONLY,Heating Oil Sep 26,VALID,OK,
1359,COP,1,NO,,Stock,NYSE,NYSE,,APP_ONLY,ConocoPhillips,VALID,OK,
1360,GLP,1,NO,,Stock,NYSE,NYSE,,APP_ONLY,Global Partners LP,VALID,OK,
1361,EIX,1,NO,,Stock,NYSE,NYSE,,APP_ONLY,Edison International,VALID,OK,
1362,REG,1,NO,,Stock,NASDAQ,NASDAQ,,APP_ONLY,Regency Centers Corporation,VALID,OK,
1363,CASY,1,NO,,Stock,NasdaqGS,NasdaqGS,,APP_ONLY,"Casey's General Stores, Inc.",VALID,OK,
1364,FIUIX,1,NO,,Mutual Fund,NASDAQ,NASDAQ,,APP_ONLY,Fidelity Telecom and Utilities,VALID,OK,
1365,WBD,1,NO,,Stock,NasdaqGS,NasdaqGS,,APP_ONLY,"Warner Bros. Discovery, Inc.",VALID,NONBLOCKING_METADATA_VARIANT,Source rows contain differing descriptive metadata; symbol itself is unchanged.
1366,FIS,1,NO,,Stock,NYSE,NYSE,,APP_ONLY,"Fidelity National Information Services, Inc.",VALID,OK,
1367,DVN,1,NO,,Stock,NYSE,NYSE,,APP_ONLY,Devon Energy Corporation,VALID,OK,
1368,MLPI,1,NO,,ETF,Cboe US,Cboe US,,APP_ONLY,Neos Mlp & Energy Infrastructure High Income ETF,VALID,OK,
1369,VSNT,1,NO,,Stock,NasdaqGS,NasdaqGS,,APP_ONLY,"Versant Media Group, Inc.",VALID,OK,
1370,ZBH,1,NO,,Stock,NYSE,NYSE,,APP_ONLY,"Zimmer Biomet Holdings, Inc.",VALID,OK,
1371,SRE,1,NO,,Stock,NYSE,NYSE,,APP_ONLY,Sempra,VALID,OK,
1372,AFL,1,NO,,Stock,NYSE,NYSE,,APP_ONLY,Aflac Incorporated,VALID,OK,
1373,ELV,1,NO,,Stock,NYSE,NYSE,,APP_ONLY,"Elevance Health, Inc.",VALID,OK,
1374,^TNX,1,NO,,Index,Cboe Indices,Cboe Indices,US,BOTH,CBOE Interest Rate 10 Year T No,VALID,OK,
1375,ENB,1,NO,,Stock,NYSE,NYSE,,APP_ONLY,Enbridge Inc.,VALID,OK,
1376,4528.T,1,NO,,Stock,Tokyo,Tokyo,,APP_ONLY,"Ono Pharmaceutical Co., Ltd.",VALID,OK,
1377,F,1,NO,,Stock,NYSE,NYSE,US,BOTH,Ford Motor Company,VALID,OK,
1378,BLMN,1,NO,,Stock,NASDAQ,NASDAQ,,APP_ONLY,"Bloomin' Brands, Inc.",VALID,OK,
1379,CME,1,NO,,Stock,NasdaqGS,NasdaqGS,,APP_ONLY,CME Group Inc.,VALID,OK,
1380,XOP,1,NO,,ETF,NYSEArca,NYSEArca,,APP_ONLY,State Street SPDR S&P Oil & Gas Exploration & Production ETF,VALID,OK,
1381,SHEL,1,NO,,Stock,NYSE,NYSE,,APP_ONLY,Shell plc,VALID,OK,
1382,CT=F,1,NO,,,NYB,NYB,,APP_ONLY,Cotton Mar 26,VALID,MISSING_SECURITY_TYPE,Source security-type field is blank; symbol retained unchanged.
1383,ZTS,1,NO,,Stock,NYSE,NYSE,,APP_ONLY,Zoetis Inc.,VALID,OK,
1384,DHR,1,NO,,Stock,NYSE,NYSE,,APP_ONLY,Danaher Corporation,VALID,OK,
1385,FSUTX,1,NO,,Mutual Fund,NASDAQ,NASDAQ,,APP_ONLY,Fidelity Select Utilities,VALID,OK,
1386,SPG,1,NO,,Stock,NYSE,NYSE,US,BOTH,"Simon Property Group, Inc.",VALID,OK,
1387,CVX,1,NO,,Stock,NYSE,NYSE,,APP_ONLY,Chevron Corporation,VALID,OK,
1388,EPRT,1,NO,,Stock,NYSE,NYSE,,APP_ONLY,"Essential Properties Realty Trust, Inc.",VALID,OK,
1389,HCA,1,NO,,Stock,NYSE,NYSE,,APP_ONLY,"HCA Healthcare, Inc.",VALID,OK,
1390,TSN,1,NO,,Stock,NYSE,NYSE,,APP_ONLY,"Tyson Foods, Inc.",VALID,OK,
1391,OJ=F,1,NO,,Future,NYB,NYB,,APP_ONLY,Orange Juice Sep 26,VALID,OK,
1392,EQT,1,NO,,Stock,NYSE,NYSE,,APP_ONLY,EQT Corporation,VALID,OK,
1393,EOG,1,NO,,Stock,NYSE,NYSE,,APP_ONLY,"EOG Resources, Inc.",VALID,OK,
1394,AZN,1,NO,,Stock,NYSE,NYSE,US,BOTH,AstraZeneca PLC,VALID,NONBLOCKING_METADATA_VARIANT,Source rows contain differing descriptive metadata; symbol itself is unchanged.
1395,^FVX,1,NO,,Index,Chicago Board Options Exchange,Chicago Board Options Exchange,,APP_ONLY,Treasury Yield 5 Years,VALID,OK,
1396,SYK,1,NO,,Stock,NYSE,NYSE,,APP_ONLY,Stryker Corporation,VALID,OK,
1397,ABT,1,NO,,Stock,NYSE,NYSE,,APP_ONLY,Abbott Laboratories,VALID,OK,
1398,KIM,1,NO,,Stock,NYSE,NYSE,,APP_ONLY,Kimco Realty Corporation,VALID,OK,
1399,KMX,1,NO,,Stock,NYSE,NYSE,,APP_ONLY,"CarMax, Inc.",VALID,OK,
1400,ACGL,1,NO,,Stock,NasdaqGS,NasdaqGS,,APP_ONLY,Arch Capital Group Ltd.,VALID,OK,
1401,TAK,1,NO,,Stock,NYSE,NYSE,,APP_ONLY,Takeda Pharmaceutical Company Limited,VALID,OK,
1402,TMO,1,NO,,Stock,NYSE,NYSE,,APP_ONLY,Thermo Fisher Scientific Inc.,VALID,OK,
1403,LION,1,NO,,Stock,NYSE,NYSE,,APP_ONLY,Lionsgate Studios Corp.,VALID,OK,
1404,EXE,1,NO,,Stock,NasdaqGS,NasdaqGS,,APP_ONLY,Expand Energy Corporation,VALID,OK,
1405,PODD,1,NO,,Stock,NasdaqGS,NasdaqGS,,APP_ONLY,Insulet Corporation,VALID,OK,
1406,ICE,1,NO,,Stock,NYSE,NYSE,,APP_ONLY,"Intercontinental Exchange, Inc.",VALID,OK,
1407,ALKEM.NS,1,NO,,Stock,NSE,NSE,,APP_ONLY,Alkem Laboratories Limited,VALID,OK,
1408,MOH,1,NO,,Stock,NYSE,NYSE,,APP_ONLY,"Molina Healthcare, Inc.",VALID,OK,
1409,MANKIND.NS,1,NO,,Stock,NSE,NSE,,APP_ONLY,Mankind Pharma Limited,VALID,OK,
1410,EQNR,1,NO,,Stock,NYSE,NYSE,,APP_ONLY,Equinor ASA,VALID,OK,
1411,UNH,1,NO,,Stock,NYSE,NYSE,,APP_ONLY,UnitedHealth Group Incorporated,VALID,OK,
1412,ISRG,1,NO,,Stock,NasdaqGS,NasdaqGS,,APP_ONLY,"Intuitive Surgical, Inc.",VALID,OK,
1413,CCEP,1,NO,,Stock,NasdaqGS,NasdaqGS,,APP_ONLY,Coca-Cola Europacific Partners PLC,VALID,OK,
1414,CMI,1,NO,,Stock,NYSE,NYSE,,APP_ONLY,Cummins Inc.,VALID,OK,
1415,TTWO,1,NO,,Stock,NasdaqGS,NasdaqGS,,APP_ONLY,"Take-Two Interactive Software, Inc.",VALID,OK,
1416,LVS,1,NO,,Stock,NYSE,NYSE,,APP_ONLY,Las Vegas Sands Corp.,VALID,OK,
1417,EQNR.OL,1,NO,,Stock,Oslo,Oslo,,APP_ONLY,Equinor ASA,VALID,OK,
1418,BALL,1,NO,,Stock,NYSE,NYSE,,APP_ONLY,Ball Corporation,VALID,OK,
1419,LBR=F,1,NO,,Future,CME,CME,,APP_ONLY,"Lumber Futures,Sep-2026",VALID,OK,
1420,IQV,1,NO,,Stock,NYSE,NYSE,,APP_ONLY,IQVIA Holdings Inc.,VALID,OK,
1421,AMZN,1,NO,,Stock,NasdaqGS,NasdaqGS,US,BOTH,"Amazon.com, Inc.",VALID,NONBLOCKING_METADATA_VARIANT,Source rows contain differing descriptive metadata; symbol itself is unchanged.
1422,CEG,1,NO,,Stock,NasdaqGS,NasdaqGS,,APP_ONLY,Constellation Energy Corporation,VALID,OK,
1423,DIVISLAB.NS,1,NO,,Stock,NSE,NSE,,APP_ONLY,Divi's Laboratories Limited,VALID,OK,
1424,DVA,1,NO,,Stock,NYSE,NYSE,,APP_ONLY,DaVita Inc.,VALID,OK,
1425,4151.T,1,NO,,Stock,Tokyo,Tokyo,,APP_ONLY,"Kyowa Kirin Co., Ltd.",VALID,OK,
1426,SYY,1,NO,,Stock,NYSE,NYSE,,APP_ONLY,Sysco Corporation,VALID,OK,
1427,NKE,1,NO,,Stock,NYSE,NYSE,,APP_ONLY,"NIKE, Inc.",VALID,OK,
1428,^MERV,1,NO,,Index,Buenos Aires,Buenos Aires,,APP_ONLY,MERVAL,VALID,OK,
1429,TPL,1,NO,,Stock,NYSE,NYSE,,APP_ONLY,Texas Pacific Land Corporation,VALID,OK,
1430,4568.T,1,NO,,Stock,Tokyo,Tokyo,Global,BOTH,"Daiichi Sankyo Company, Limited",VALID,OK,
1431,CI,1,NO,,Stock,NYSE,NYSE,,APP_ONLY,The Cigna Group,VALID,OK,
1432,APA,1,NO,,Stock,NasdaqGS,NasdaqGS,,APP_ONLY,APA Corporation,VALID,OK,
1433,BRSP,1,NO,,Stock,NYSE,NYSE,,APP_ONLY,"BrightSpire Capital, Inc.",VALID,OK,
1434,CBOE,1,NO,,Stock,Cboe US,Cboe US,,APP_ONLY,"Cboe Global Markets, Inc.",VALID,OK,
1435,HUM,1,NO,,Stock,NYSE,NYSE,,APP_ONLY,Humana Inc.,VALID,OK,
1436,RVTY,1,NO,,Stock,NYSE,NYSE,,APP_ONLY,"Revvity, Inc.",VALID,OK,
1437,FANG,1,NO,,Stock,NasdaqGS,NasdaqGS,,APP_ONLY,"Diamondback Energy, Inc.",VALID,OK,
1438,PLD,1,NO,,Stock,NYSE,NYSE,US,BOTH,"Prologis, Inc.",VALID,OK,
1439,SU.TO,1,NO,,Stock,Toronto,Toronto,Global,BOTH,Suncor Energy Inc.,VALID,OK,
1440,BP,1,NO,,Stock,NYSE,NYSE,US,BOTH,BP p.l.c.,VALID,OK,
1441,4507.T,1,NO,,Stock,Tokyo,Tokyo,,APP_ONLY,"Shionogi & Co., Ltd.",VALID,OK,
1442,BP.L,1,NO,,Stock,LSE,LSE,Global,BOTH,BP p.l.c.,VALID,OK,
1443,GWW,1,NO,,Stock,NYSE,NYSE,,APP_ONLY,"W.W. Grainger, Inc.",VALID,OK,
1444,NXRT,1,NO,,Stock,NYSE,NYSE,,APP_ONLY,"NexPoint Residential Trust, Inc.",VALID,OK,
1445,AMC,1,NO,,Stock,NYSE,NYSE,,APP_ONLY,"AMC Entertainment Holdings, Inc.",VALID,OK,
1446,NVO,1,NO,,Stock,NYSE,NYSE,US,BOTH,Novo Nordisk A/S,VALID,OK,
1447,ROK,1,NO,,Stock,NYSE,NYSE,,APP_ONLY,"Rockwell Automation, Inc.",VALID,OK,
1448,ARE,1,NO,,Stock,NYSE,NYSE,,APP_ONLY,"Alexandria Real Estate Equities, Inc.",VALID,OK,
1449,VST,1,NO,,Stock,NYSE,NYSE,,APP_ONLY,Vistra Corp.,VALID,OK,
1450,CMG,1,NO,,Stock,NYSE,NYSE,,APP_ONLY,"Chipotle Mexican Grill, Inc.",VALID,OK,
1451,NRG,1,NO,,Stock,NYSE,NYSE,,APP_ONLY,"NRG Energy, Inc.",VALID,OK,
1452,APTV,1,NO,,Stock,NYSE,NYSE,,APP_ONLY,Aptiv PLC,VALID,OK,
1453,JPY=X,1,NO,,Currency,CCY,CCY,Global,EXCHANGE_ONLY,USD/JPY,VALID,OK,
1454,CAD=X,1,NO,,Currency,CCY,CCY,Global,EXCHANGE_ONLY,USD/CAD,VALID,OK,
1455,CHF=X,1,NO,,Currency,CCY,CCY,Global,EXCHANGE_ONLY,USD/CHF,VALID,OK,
1456,BTC-USD,1,NO,,Cryptocurrency,CCC,CCC,Exchs; Global,EXCHANGE_ONLY,Bitcoin USD,VALID,OK,
1457,USDT-USD,1,NO,,Cryptocurrency,CCC,CCC,Global,EXCHANGE_ONLY,Tether USDt USD,VALID,OK,
1458,ETH-USD,1,NO,,Cryptocurrency,CCC,CCC,Global,EXCHANGE_ONLY,Ethereum USD,VALID,OK,
1459,SOL-USD,1,NO,,Cryptocurrency,CCC,CCC,Global,EXCHANGE_ONLY,Solana USD,VALID,OK,
1460,XRP-USD,1,NO,,Cryptocurrency,CCC,CCC,Global,EXCHANGE_ONLY,XRP USD,VALID,OK,
1461,DOGE-USD,1,NO,,Cryptocurrency,CCC,CCC,Global,EXCHANGE_ONLY,Dogecoin USD,VALID,OK,
1462,CNY=X,1,NO,,Currency,CCY,CCY,Global,EXCHANGE_ONLY,USD/CNY,VALID,OK,
1463,EURUSD=X,1,NO,,Currency,CCY,CCY,Global,EXCHANGE_ONLY,EUR/USD,VALID,OK,
1464,GBPUSD=X,1,NO,,Currency,CCY,CCY,Global,EXCHANGE_ONLY,GBP/USD,VALID,OK,
1465,AUDUSD=X,1,NO,,Currency,CCY,CCY,Global,EXCHANGE_ONLY,AUD/USD,VALID,OK,
1466,NZDUSD=X,1,NO,,Currency,CCY,CCY,Global,EXCHANGE_ONLY,NZD/USD,VALID,OK,
1467,3033.HK,1,NO,,ETF,HKSE,HKSE,Global,EXCHANGE_ONLY,CSOP ETF Series - CSOP Hang Seng TECH Index ETF,VALID,OK,
1468,2800.HK,1,NO,,ETF,HKSE,HKSE,Global,EXCHANGE_ONLY,Tracker Fund Of Hong Kong,VALID,OK,
1469,0700.HK,1,NO,,Stock,HKSE,HKSE,Exchs,EXCHANGE_ONLY,Tencent Holdings Limited,VALID,OK,
1470,7203.T,1,NO,,Stock,Tokyo,Tokyo,Exchs,EXCHANGE_ONLY,Toyota Motor Corporation,VALID,OK,
1471,1321.T,1,NO,,ETF,Tokyo,Tokyo,Global,EXCHANGE_ONLY,NEXT FUNDS Nikkei 225 Exchange Traded Fund,VALID,OK,
1472,1306.T,1,NO,,ETF,Tokyo,Tokyo,Global,EXCHANGE_ONLY,NEXT FUNDS TOPIX Exchange Traded Fund,VALID,OK,
1473,005930.KS,1,NO,,Stock,KSE,KSE,Global,EXCHANGE_ONLY,"Samsung Electronics Co., Ltd.",VALID,OK,
1474,2317.TW,1,NO,,Stock,Taiwan,Taiwan,Global,EXCHANGE_ONLY,"Hon Hai Precision Industry Co., Ltd.",VALID,OK,
1475,BHP.AX,1,NO,,Stock,ASX,ASX,Exchs; Global,EXCHANGE_ONLY,BHP Group Limited,VALID,OK,
1476,2330.TW,1,NO,,Stock,Taiwan,Taiwan,Global,EXCHANGE_ONLY,Taiwan Semiconductor Manufacturing Company Limited,VALID,OK,
1477,VAS.AX,1,NO,,ETF,ASX,ASX,Global,EXCHANGE_ONLY,Vanguard Australian Shares Index ETF,VALID,OK,
1478,STW.AX,1,NO,,ETF,ASX,ASX,Global,EXCHANGE_ONLY,SPDR ETFs Australia - State Street SPDR S&P/ASX 200 ETF,VALID,OK,
1479,VTSAX,1,NO,,Mutual Fund,Nasdaq,Nasdaq,Global; US,EXCHANGE_ONLY,Vanguard Morn Total Stk Mkt Idx Admiral,VALID,OK,
1480,VFIAX,1,NO,,Mutual Fund,Nasdaq,Nasdaq,US,EXCHANGE_ONLY,Vanguard 500 Index Fund,VALID,OK,
1481,VBTLX,1,NO,,Mutual Fund,Nasdaq,Nasdaq,US,EXCHANGE_ONLY,Vanguard Total Bond Market Index Fund,VALID,OK,
1482,VTIAX,1,NO,,Mutual Fund,Nasdaq,Nasdaq,US,EXCHANGE_ONLY,Vanguard Total Intl Stock Index Admiral,VALID,OK,
1483,PETR4.SA,1,NO,,Stock,São Paulo,São Paulo,Global,EXCHANGE_ONLY,Petróleo Brasileiro S.A. - Petrobras,VALID,OK,
1484,VALE3.SA,1,NO,,Stock,São Paulo,São Paulo,Exchs; Global,EXCHANGE_ONLY,Vale S.A.,VALID,OK,
1485,MPLX,1,NO,,Stock,NYSE,NYSE,US,EXCHANGE_ONLY,MPLX LP,VALID,OK,
1486,BIP,1,NO,,Stock,NYSE,NYSE,US,EXCHANGE_ONLY,Brookfield Infrastructure Partners L.P.,VALID,OK,
1487,HEI-A,1,NO,,Stock,NYSE,NYSE,US,EXCHANGE_ONLY,HEICO Corporation,VALID,OK,
1488,BST,1,NO,,Stock,NYSE,NYSE,US,EXCHANGE_ONLY,BlackRock Science and Technology Trust,VALID,OK,
1489,CWEN,1,NO,,Stock,NYSE,NYSE,US,EXCHANGE_ONLY,"Clearway Energy, Inc.",VALID,OK,
1490,SAP,1,NO,,Stock,NYSE,NYSE,US,EXCHANGE_ONLY,SAP SE,VALID,OK,
1491,TM,1,NO,,Stock,NYSE,NYSE,US,EXCHANGE_ONLY,Toyota Motor Corporation,VALID,OK,
1492,BSM,1,NO,,Stock,NYSE,NYSE,US,EXCHANGE_ONLY,"Black Stone Minerals, L.P.",VALID,OK,
1493,PBR-A,1,NO,,Stock,NYSE,NYSE,US,EXCHANGE_ONLY,Petróleo Brasileiro S.A. - Petrobras,VALID,OK,
1494,UTF,1,NO,,Stock,NYSE,NYSE,US,EXCHANGE_ONLY,"Cohen & Steers Infrastructure Fund, Inc",VALID,OK,
1495,PAA,1,NO,,Stock,NasdaqGS,NasdaqGS,US,EXCHANGE_ONLY,"Plains All American Pipeline, L.P.",VALID,OK,
1496,TLT,1,NO,,ETF,NasdaqGM,NasdaqGM,US,EXCHANGE_ONLY,iShares 20+ Year Treasury Bond ETF,VALID,OK,
1497,IEF,1,NO,,ETF,NasdaqGM,NasdaqGM,US,EXCHANGE_ONLY,iShares 7-10 Year Treasury Bond ETF,VALID,OK,
1498,BND,1,NO,,ETF,NasdaqGM,NasdaqGM,US,EXCHANGE_ONLY,Vanguard Total Bond Market Index Fund,VALID,OK,
1499,SQQQ,1,NO,,ETF,NasdaqGM,NasdaqGM,US,EXCHANGE_ONLY,ProShares UltraPro Short QQQ,VALID,OK,
1500,USAS,1,NO,,Stock,NYSE American,NYSE American,US,EXCHANGE_ONLY,Americas Gold and Silver Corporation,VALID,OK,
1501,DNN,1,NO,,Stock,NYSE American,NYSE American,US,EXCHANGE_ONLY,Denison Mines Corp.,VALID,OK,
1502,SENS,1,NO,,Stock,NasdaqGS,NasdaqGS,US,EXCHANGE_ONLY,"Senseonics Holdings, Inc.",VALID,OK,
1503,UUUU,1,NO,,Stock,NYSE American,NYSE American,US,EXCHANGE_ONLY,Energy Fuels Inc.,VALID,OK,
1504,IWM,1,NO,,ETF,NYSEArca,NYSEArca,US,EXCHANGE_ONLY,iShares Russell 2000 ETF,VALID,OK,
1505,DIA,1,NO,,ETF,NYSEArca,NYSEArca,US,EXCHANGE_ONLY,State Street SPDR Dow Jones Industrial Average ETF Trust,VALID,OK,
1506,VTI,1,NO,,ETF,NYSEArca,NYSEArca,US,EXCHANGE_ONLY,Vanguard Morningstar Total Stock Market ETF,VALID,OK,
1507,RSP,1,NO,,ETF,NYSEArca,NYSEArca,US,EXCHANGE_ONLY,Invesco S&P 500 Equal Weight ETF,VALID,OK,
1508,HYG,1,NO,,ETF,NYSEArca,NYSEArca,US,EXCHANGE_ONLY,iShares iBoxx $ High Yield Corporate Bond ETF,VALID,OK,
1509,LQD,1,NO,,ETF,NYSEArca,NYSEArca,US,EXCHANGE_ONLY,iShares iBoxx $ Investment Grade Corporate Bond ETF,VALID,OK,
1510,GLD,1,NO,,ETF,NYSEArca,NYSEArca,US,EXCHANGE_ONLY,SPDR Gold Shares,VALID,OK,
1511,SLV,1,NO,,ETF,NYSEArca,NYSEArca,US,EXCHANGE_ONLY,iShares Silver Trust,VALID,OK,
1512,USO,1,NO,,ETF,NYSEArca,NYSEArca,US,EXCHANGE_ONLY,"United States Oil Fund, LP",VALID,OK,
1513,ARKK,1,NO,,ETF,Cboe US,Cboe US,US,EXCHANGE_ONLY,ARK Innovation ETF,VALID,OK,
1514,UTG,1,NO,,Stock,NYSE,NYSE,US,EXCHANGE_ONLY,Reaves Utility Income Fund,VALID,OK,
1515,XIU.TO,1,NO,,ETF,Toronto,Toronto,Global,EXCHANGE_ONLY,iShares S&P/TSX 60 Index ETF,VALID,OK,
1516,ZCN.TO,1,NO,,ETF,Toronto,Toronto,Global,EXCHANGE_ONLY,BMO S&P/TSX Capped Composite Index ETF,VALID,OK,
1517,HSBA.L,1,NO,,Stock,LSE,LSE,Exchs,EXCHANGE_ONLY,HSBC Holdings plc,VALID,OK,
1518,SAN.MC,1,NO,,Stock,MCE,MCE,Global,EXCHANGE_ONLY,"Banco Santander, S.A.",VALID,OK,
1519,IBE.MC,1,NO,,Stock,MCE,MCE,Global,EXCHANGE_ONLY,"Iberdrola, S.A.",VALID,OK,
1520,ENI.MI,1,NO,,Stock,Milan,Milan,Global,EXCHANGE_ONLY,Eni S.p.A.,VALID,OK,
1521,SAP.DE,1,NO,,Stock,XETRA,XETRA,Exchs,EXCHANGE_ONLY,SAP SE,VALID,OK,
1522,INGA.AS,1,NO,,Stock,Amsterdam,Amsterdam,Exchs; Global,EXCHANGE_ONLY,ING Groep N.V.,VALID,OK,
1523,ASML.AS,1,NO,,Stock,Amsterdam,Amsterdam,Global,EXCHANGE_ONLY,ASML Holding N.V.,VALID,OK,
1524,AIR.PA,1,NO,,Stock,Paris,Paris,Exchs; Global,EXCHANGE_ONLY,Airbus SE,VALID,OK,
1525,EUNL.DE,1,NO,,ETF,XETRA,XETRA,Global,EXCHANGE_ONLY,iShares Core MSCI World UCITS ETF USD (Acc),VALID,OK,
1526,EXS1.DE,1,NO,,ETF,XETRA,XETRA,Global,EXCHANGE_ONLY,iShares Core DAX UCITS ETF (DE) EUR (Acc),VALID,OK,
1527,VUSA.L,1,NO,,ETF,LSE,LSE,Global,EXCHANGE_ONLY,Vanguard S&P 500 UCITS ETF,VALID,OK,
1528,ISF.L,1,NO,,ETF,LSE,LSE,Global,EXCHANGE_ONLY,iShares Core FTSE 100 UCITS ETF GBP (Dist),VALID,OK,
1529,NESN.SW,1,NO,,Stock,Swiss,Swiss,Exchs,EXCHANGE_ONLY,Nestlé S.A.,VALID,OK,
1530,NPN.JO,1,NO,,Stock,Johannesburg,Johannesburg,Global,EXCHANGE_ONLY,Naspers Limited,VALID,OK,
1531,1120.SR,1,NO,,Stock,Saudi,Saudi,Global,EXCHANGE_ONLY,Al Rajhi Banking and Investment Corporation,VALID,OK,
1532,BANKBEES.NS,1,NO,,Stock,NSE,NSE,Global,EXCHANGE_ONLY,Nippon India ETF Nifty Bank BeES,VALID,OK,
1533,NIFTYBEES.NS,1,NO,,Stock,NSE,NSE,Global,EXCHANGE_ONLY,Nippon India ETF Nifty 50 BeES,VALID,OK,
1534,RELIANCE.NS,1,NO,,Stock,NSE,NSE,Exchs,EXCHANGE_ONLY,Reliance Industries Limited,VALID,OK,
1535,000333.SZ,1,NO,,Stock,Shenzhen,Shenzhen,Global,EXCHANGE_ONLY,"Midea Group Co., Ltd.",VALID,OK,
1536,000858.SZ,1,NO,,Stock,Shenzhen,Shenzhen,Global,EXCHANGE_ONLY,"Wuliangye Yibin Co.,Ltd.",VALID,OK,
1537,601318.SS,1,NO,,Stock,Shanghai,Shanghai,Global,EXCHANGE_ONLY,"Ping An Insurance (Group) Company of China, Ltd.",VALID,OK,
1538,AAPL,2,YES,US stock control,Stock,NasdaqGS,NasdaqGS,Exchs; Global; US,BOTH,Apple Inc.,VALID,NONBLOCKING_METADATA_VARIANT,Intentional second occurrence appended after all unique symbols.
1539,SPY,2,YES,US ETF control,ETF,NYSEArca,NYSEArca,Global; US,BOTH,State Street SPDR S&P 500 ETF Trust,VALID,NONBLOCKING_METADATA_VARIANT,Intentional second occurrence appended after all unique symbols.
1540,PDI,2,YES,Closed-end fund control,Stock,NYSE,NYSE,Global; US,BOTH,PIMCO Dynamic Income Fund,VALID,OK,Intentional second occurrence appended after all unique symbols.
1541,VTSAX,2,YES,Mutual fund control,Mutual Fund,Nasdaq,Nasdaq,Global; US,EXCHANGE_ONLY,Vanguard Morn Total Stk Mkt Idx Admiral,VALID,OK,Intentional second occurrence appended after all unique symbols.
1542,^GSPC,2,YES,Index and caret-character control,Index,SNP,SNP,Global; US,BOTH,S&P 500,VALID,NONBLOCKING_METADATA_VARIANT,Intentional second occurrence appended after all unique symbols.
1543,GC=F,2,YES,Future and equals-sign control,Future,COMEX,COMEX,Global; US,BOTH,Gold Dec 26,VALID,NONBLOCKING_METADATA_VARIANT,Intentional second occurrence appended after all unique symbols.
1544,EURUSD=X,2,YES,Currency-pair control,Currency,CCY,CCY,Global,EXCHANGE_ONLY,EUR/USD,VALID,OK,Intentional second occurrence appended after all unique symbols.
1545,BTC-USD,2,YES,Cryptocurrency and hyphen control,Cryptocurrency,CCC,CCC,Exchs; Global,EXCHANGE_ONLY,Bitcoin USD,VALID,OK,Intentional second occurrence appended after all unique symbols.
1546,RY.TO,2,YES,Canadian exchange-suffix control,Stock,Toronto,Toronto,Exchs; Global,BOTH,Royal Bank of Canada,VALID,OK,Intentional second occurrence appended after all unique symbols.
1547,INGA.AS,2,YES,European exchange-suffix control,Stock,Amsterdam,Amsterdam,Exchs; Global,EXCHANGE_ONLY,ING Groep N.V.,VALID,OK,Intentional second occurrence appended after all unique symbols.
