sequence,symbol,project_security_type,exchange_code,exchange_name,exchange_groups,source_membership,app_watchlists,exchange_watchlists,name,currency,canonical_metadata_source,symbol_syntax,review_status,review_notes
1,PLTR,Stock,NasdaqGS,NasdaqGS,,APP_ONLY,NASDAQ 100-8; S&P 500-7,,Palantir Technologies Inc.,USD,APP_CURRENT,VALID,OK,
2,ZBRA,Stock,NasdaqGS,NasdaqGS,,APP_ONLY,S&P 500-7,,Zebra Technologies Corporation,USD,APP_CURRENT,VALID,OK,
3,IT,Stock,NYSE,NYSE,,APP_ONLY,S&P 500-7,,"Gartner, Inc.",USD,APP_CURRENT,VALID,OK,
4,ARM,Stock,NasdaqGS,NasdaqGS,,APP_ONLY,NASDAQ 100-8,,Arm Holdings plc,USD,APP_CURRENT,VALID,OK,
5,MRVL,Stock,NasdaqGS,NasdaqGS,,APP_ONLY,Chips; NASDAQ 100-8,,"Marvell Technology, Inc.",USD,APP_CURRENT,VALID,NONBLOCKING_METADATA_VARIANT,Source rows contain differing descriptive metadata; symbol itself is unchanged.
6,COHR,Stock,NYSE,NYSE,,APP_ONLY,S&P 500-7,,Coherent Corp.,USD,APP_CURRENT,VALID,OK,
7,2359.HK,Stock,HKSE,HKSE,Global,BOTH,Drugs,Global,"WuXi AppTec Co., Ltd.",HKD,ALL_EXCHANGES,VALID,OK,
8,SNDK,Stock,NASDAQ,NASDAQ,,APP_ONLY,Chips; NASDAQ 100-8; S&P 500-7,,Sandisk Corporation,USD,APP_CURRENT,VALID,OK,
9,INTC,Stock,NasdaqGS,NasdaqGS,US,BOTH,Chips; DOW -; NASDAQ 100-8; S&P 500-7,US,Intel Corporation,USD,ALL_EXCHANGES,VALID,NONBLOCKING_METADATA_VARIANT,Source rows contain differing descriptive metadata; symbol itself is unchanged.
10,SMCI,Stock,NasdaqGS,NasdaqGS,,APP_ONLY,S&P 500-7,,"Super Micro Computer, Inc.",USD,APP_CURRENT,VALID,OK,
11,UMC,Stock,NYSE,NYSE,,APP_ONLY,Chips,,United Microelectronics Corporation,USD,APP_CURRENT,VALID,OK,
12,TER,Stock,NasdaqGS,NasdaqGS,,APP_ONLY,S&P 500-7,,"Teradyne, Inc.",USD,APP_CURRENT,VALID,OK,
13,LDOS,Stock,NYSE,NYSE,,APP_ONLY,Defense; S&P 500-7; SOLD,,"Leidos Holdings, Inc.",USD,APP_CURRENT,VALID,OK,
14,SPCX,Stock,NASDAQ,NASDAQ,,APP_ONLY,NASDAQ Mag8; Top 10,,Space Exploration Technologies Corp. Class A Common Stock,USD,APP_CURRENT,VALID,OK,
15,QBTS,Stock,NYSE,NYSE,US,BOTH,Quantums,US,D-Wave Quantum Inc.,USD,ALL_EXCHANGES,VALID,OK,
16,GLW,Stock,NYSE,NYSE,,APP_ONLY,S&P 500-7,,Corning Incorporated,USD,APP_CURRENT,VALID,OK,
17,SWKS,Stock,NasdaqGS,NasdaqGS,,APP_ONLY,Chips; S&P 500-7,,"Skyworks Solutions, Inc.",USD,APP_CURRENT,VALID,NONBLOCKING_METADATA_VARIANT,Source rows contain differing descriptive metadata; symbol itself is unchanged.
18,RGTI,Stock,NasdaqCM,NasdaqCM,US,BOTH,Quantums,US,"Rigetti Computing, Inc.",USD,ALL_EXCHANGES,VALID,NONBLOCKING_METADATA_VARIANT,Source rows contain differing descriptive metadata; symbol itself is unchanged.
19,LITE,Stock,NasdaqGS,NasdaqGS,,APP_ONLY,NASDAQ 100-8; S&P 500-7,,Lumentum Holdings Inc.,USD,APP_CURRENT,VALID,OK,
20,DELL,Stock,NYSE,NYSE,,APP_ONLY,S&P 500-7,,Dell Technologies Inc.,USD,APP_CURRENT,VALID,OK,
21,GNRC,Stock,NYSE,NYSE,,APP_ONLY,S&P 500-7,,Generac Holdings Inc.,USD,APP_CURRENT,VALID,OK,
22,LRCX,Stock,NasdaqGS,NasdaqGS,,APP_ONLY,Chips; NASDAQ 100-8; S&P 500-7,,Lam Research Corporation,USD,APP_CURRENT,VALID,NONBLOCKING_METADATA_VARIANT,Source rows contain differing descriptive metadata; symbol itself is unchanged.
23,MU,Stock,NasdaqGS,NasdaqGS,,APP_ONLY,Chips; NASDAQ 100-8; S&P 500-7,,"Micron Technology, Inc.",USD,APP_CURRENT,VALID,NONBLOCKING_METADATA_VARIANT,Source rows contain differing descriptive metadata; symbol itself is unchanged.
24,TRI,Stock,NasdaqGS,NasdaqGS,,APP_ONLY,NASDAQ 100-8,,Thomson Reuters Corporation,USD,APP_CURRENT,VALID,OK,
25,IONQ,Stock,NYSE,NYSE,US,BOTH,Quantums,US,"IonQ, Inc.",USD,ALL_EXCHANGES,VALID,OK,
26,QCOM,Stock,NasdaqGS,NasdaqGS,US,BOTH,Chips; NASDAQ 100-8; S&P 500-7,US,QUALCOMM Incorporated,USD,ALL_EXCHANGES,VALID,NONBLOCKING_METADATA_VARIANT,Source rows contain differing descriptive metadata; symbol itself is unchanged.
27,MCHP,Stock,NasdaqGS,NasdaqGS,,APP_ONLY,NASDAQ 100-8; S&P 500-7,,Microchip Technology Incorporated,USD,APP_CURRENT,VALID,OK,
28,BR,Stock,NYSE,NYSE,,APP_ONLY,S&P 500-7,,"Broadridge Financial Solutions, Inc.",USD,APP_CURRENT,VALID,OK,
29,AMD,Stock,NasdaqGS,NasdaqGS,US,BOTH,Chips; NASDAQ 100-8; S&P 500-7; SOLD,US,"Advanced Micro Devices, Inc.",USD,ALL_EXCHANGES,VALID,NONBLOCKING_METADATA_VARIANT,Source rows contain differing descriptive metadata; symbol itself is unchanged.
30,KLAC,Stock,NasdaqGS,NasdaqGS,,APP_ONLY,Chips; NASDAQ 100-8; S&P 500-7,,KLA Corporation,USD,APP_CURRENT,VALID,NONBLOCKING_METADATA_VARIANT,Source rows contain differing descriptive metadata; symbol itself is unchanged.
31,JBL,Stock,NYSE,NYSE,,APP_ONLY,S&P 500-7,,Jabil Inc.,USD,APP_CURRENT,VALID,OK,
32,SFTBY,Stock,OTC Markets,OTC Markets,,APP_ONLY,Chips,,SoftBank Group Corp.,USD,APP_CURRENT,VALID,OK,
33,AVGO,Stock,NasdaqGS,NasdaqGS,US,BOTH,Chips; NASDAQ 100-8; S&P 500-7; Top 10,US,Broadcom Inc.,USD,ALL_EXCHANGES,VALID,NONBLOCKING_METADATA_VARIANT,Source rows contain differing descriptive metadata; symbol itself is unchanged.
34,QS,Stock,NYSE,NYSE,,APP_ONLY,Possible,,QuantumScape Corporation,USD,APP_CURRENT,VALID,OK,
35,^SOX,Index,Nasdaq GIDS,Nasdaq GIDS,,APP_ONLY,US Indices,,PHLX Semiconductor,USD,APP_CURRENT,VALID,OK,
36,CLX,Stock,NYSE,NYSE,,APP_ONLY,Div Aristocrats; S&P 500-7,,The Clorox Company,USD,APP_CURRENT,VALID,OK,
37,EXPD,Stock,NYSE,NYSE,,APP_ONLY,Div Aristocrats; S&P 500-7,,"Expeditors International of Washington, Inc.",USD,APP_CURRENT,VALID,OK,
38,TEAM,Stock,NasdaqGS,NasdaqGS,,APP_ONLY,NASDAQ 100 -,,Atlassian Corporation,USD,APP_CURRENT,VALID,OK,
39,Q,Stock,NYSE,NYSE,,APP_ONLY,S&P 500-7,,"Qnity Electronics, Inc.",USD,APP_CURRENT,VALID,OK,
40,HPQ,Stock,NYSE,NYSE,,APP_ONLY,S&P 500-7,,HP Inc.,USD,APP_CURRENT,VALID,OK,
41,CHTR,Stock,NasdaqGS,NasdaqGS,,APP_ONLY,Comm; NASDAQ 100-8; S&P 500-7,,"Charter Communications, Inc.",USD,APP_CURRENT,VALID,NONBLOCKING_METADATA_VARIANT,Source rows contain differing descriptive metadata; symbol itself is unchanged.
42,QRVO,Stock,NASDAQ,NASDAQ,,APP_ONLY,Chips,,"Qorvo, Inc.",USD,APP_CURRENT,VALID,OK,
43,PILL,ETF,NYSEArca,NYSEArca,,APP_ONLY,ETFs - Drugs,,Direxion Daily Pharmaceutical & Medical Bull 3X Shares ETF,USD,APP_CURRENT,VALID,OK,
44,MDB,Stock,NasdaqGM,NasdaqGM,,APP_ONLY,NASDAQ 100 -,,"MongoDB, Inc.",USD,APP_CURRENT,VALID,OK,
45,ENPH,Stock,NASDAQ,NASDAQ,,APP_ONLY,S&P 500 -,,"Enphase Energy, Inc.",USD,APP_CURRENT,VALID,OK,
46,XSD,ETF,NYSEArca,NYSEArca,,APP_ONLY,ETFs - Sectors,,State Street SPDR S&P Semiconductor ETF,USD,APP_CURRENT,VALID,OK,
47,RVMD,Stock,NasdaqGS,NasdaqGS,,APP_ONLY,Drugs,,"Revolution Medicines, Inc.",USD,APP_CURRENT,VALID,OK,
48,KEYS,Stock,NYSE,NYSE,,APP_ONLY,S&P 500-7,,"Keysight Technologies, Inc.",USD,APP_CURRENT,VALID,OK,
49,NXPI,Stock,NasdaqGS,NasdaqGS,,APP_ONLY,Chips; NASDAQ 100-8; S&P 500-7,,NXP Semiconductors N.V.,USD,APP_CURRENT,VALID,NONBLOCKING_METADATA_VARIANT,Source rows contain differing descriptive metadata; symbol itself is unchanged.
50,RPD,Stock,NGM,NGM,,APP_ONLY,Cyber,,"Rapid7, Inc.",USD,APP_CURRENT,VALID,OK,
51,TEL,Stock,NYSE,NYSE,,APP_ONLY,S&P 500-7,,TE Connectivity plc,USD,APP_CURRENT,VALID,OK,
52,FCX,Stock,NYSE,NYSE,,APP_ONLY,S&P 500-7,,Freeport-McMoRan Inc.,USD,APP_CURRENT,VALID,OK,
53,WAT,Stock,NYSE,NYSE,,APP_ONLY,S&P 500-7,,Waters Corporation,USD,APP_CURRENT,VALID,OK,
54,TTD,Stock,NasdaqGM,NasdaqGM,,APP_ONLY,NASDAQ 100 -; S&P 500-7,,"The Trade Desk, Inc.",USD,APP_CURRENT,VALID,NONBLOCKING_METADATA_VARIANT,Source rows contain differing descriptive metadata; symbol itself is unchanged.
55,ZS,Stock,NasdaqGS,NasdaqGS,,APP_ONLY,NASDAQ 100-8,,"Zscaler, Inc.",USD,APP_CURRENT,VALID,OK,
56,OSK,Stock,NYSE,NYSE,,APP_ONLY,Defense,,Oshkosh Corporation,USD,APP_CURRENT,VALID,OK,
57,QUBT,Stock,NasdaqCM,NasdaqCM,US,BOTH,Quantums,US,Quantum Computing Inc.,USD,ALL_EXCHANGES,VALID,NONBLOCKING_METADATA_VARIANT,Source rows contain differing descriptive metadata; symbol itself is unchanged.
58,CAT,Stock,NYSE,NYSE,US,BOTH,DOW-4; DOWa; Div Aristocrats; S&P 500-7,US,Caterpillar Inc.,USD,ALL_EXCHANGES,VALID,OK,
59,PANW,Stock,NASDAQ,NASDAQ,,APP_ONLY,Cyber; NASDAQ 100-8; S&P 500-7,,"Palo Alto Networks, Inc.",USD,APP_CURRENT,VALID,NONBLOCKING_METADATA_VARIANT,Source rows contain differing descriptive metadata; symbol itself is unchanged.
60,HUBB,Stock,NYSE,NYSE,,APP_ONLY,S&P 500-7,,Hubbell Incorporated,USD,APP_CURRENT,VALID,OK,
61,AMAT,Stock,NasdaqGS,NasdaqGS,,APP_ONLY,Chips; NASDAQ 100-8; S&P 500-7,,"Applied Materials, Inc.",USD,APP_CURRENT,VALID,NONBLOCKING_METADATA_VARIANT,Source rows contain differing descriptive metadata; symbol itself is unchanged.
62,AXON,Stock,NasdaqGS,NasdaqGS,,APP_ONLY,NASDAQ 100-8; S&P 500-7,,"Axon Enterprise, Inc.",USD,APP_CURRENT,VALID,OK,
63,TXN,Stock,NasdaqGS,NasdaqGS,,APP_ONLY,Chips; NASDAQ 100-8; S&P 500-7,,Texas Instruments Incorporated,USD,APP_CURRENT,VALID,NONBLOCKING_METADATA_VARIANT,Source rows contain differing descriptive metadata; symbol itself is unchanged.
64,SHOP,Stock,NasdaqGS,NasdaqGS,,APP_ONLY,NASDAQ 100-8,,Shopify Inc.,USD,APP_CURRENT,VALID,OK,
65,DDOG,Stock,NasdaqGS,NasdaqGS,,APP_ONLY,NASDAQ 100-8; S&P 500-7,,"Datadog, Inc.",USD,APP_CURRENT,VALID,OK,
66,MDGL,Stock,NasdaqGS,NasdaqGS,,APP_ONLY,Drugs,,"Madrigal Pharmaceuticals, Inc.",USD,APP_CURRENT,VALID,OK,
67,CHRW,Stock,NasdaqGS,NasdaqGS,,APP_ONLY,Div Aristocrats; S&P 500-7,,"C.H. Robinson Worldwide, Inc.",USD,APP_CURRENT,VALID,OK,
68,CIEN,Stock,NYSE,NYSE,,APP_ONLY,S&P 500-7,,Ciena Corporation,USD,APP_CURRENT,VALID,OK,
69,ADI,Stock,NasdaqGS,NasdaqGS,,APP_ONLY,Chips; NASDAQ 100-8; S&P 500-7,,"Analog Devices, Inc.",USD,APP_CURRENT,VALID,NONBLOCKING_METADATA_VARIANT,Source rows contain differing descriptive metadata; symbol itself is unchanged.
70,CSCO,Stock,NasdaqGS,NasdaqGS,,APP_ONLY,Cyber; DOW-4; DOWa; NASDAQ 100-8; S&P 500-7,,"Cisco Systems, Inc.",USD,APP_CURRENT,VALID,NONBLOCKING_METADATA_VARIANT,Source rows contain differing descriptive metadata; symbol itself is unchanged.
71,XLK,ETF,NYSEArca,NYSEArca,US,BOTH,ETFs - Sectors,US,State Street Technology Select Sector SPDR ETF,USD,ALL_EXCHANGES,VALID,OK,
72,JCI,Stock,NYSE,NYSE,,APP_ONLY,S&P 500-7,,Johnson Controls International plc,USD,APP_CURRENT,VALID,OK,
73,APH,Stock,NYSE,NYSE,,APP_ONLY,S&P 500-7,,Amphenol Corporation,USD,APP_CURRENT,VALID,OK,
74,NUE,Stock,NYSE,NYSE,,APP_ONLY,Div Aristocrats; S&P 500-7,,Nucor Corporation,USD,APP_CURRENT,VALID,OK,
75,LKQ,Stock,NASDAQ,NASDAQ,,APP_ONLY,S&P 500 -,,LKQ Corporation,USD,APP_CURRENT,VALID,OK,
76,EXPE,Stock,NasdaqGS,NasdaqGS,,APP_ONLY,S&P 500-7,,"Expedia Group, Inc.",USD,APP_CURRENT,VALID,OK,
77,FSLR,Stock,NasdaqGS,NasdaqGS,,APP_ONLY,S&P 500-7,,"First Solar, Inc.",USD,APP_CURRENT,VALID,OK,
78,RDWR,Stock,NMS,NMS,,APP_ONLY,Cyber,,Radware Ltd.,USD,APP_CURRENT,VALID,OK,
79,SBAC,Stock,NasdaqGS,NasdaqGS,,APP_ONLY,S&P 500-7,,SBA Communications Corporation,USD,APP_CURRENT,VALID,OK,
80,AKAM,Stock,NasdaqGS,NasdaqGS,,APP_ONLY,S&P 500-7,,"Akamai Technologies, Inc.",USD,APP_CURRENT,VALID,OK,
81,XME,ETF,NYSEArca,NYSEArca,,APP_ONLY,ETFs - Sectors,,State Street SPDR S&P Metals & Mining ETF,USD,APP_CURRENT,VALID,OK,
82,LEG,Stock,NYSE,NYSE,,APP_ONLY,Possible,,"Leggett & Platt, Incorporated",USD,APP_CURRENT,VALID,OK,
83,4578.T,Stock,Tokyo,Tokyo,,APP_ONLY,Drugs,,"Otsuka Holdings Co., Ltd.",JPY,APP_CURRENT,VALID,OK,
84,EPAM,Stock,NYSE,NYSE,,APP_ONLY,S&P 500 -,,"EPAM Systems, Inc.",USD,APP_CURRENT,VALID,OK,
85,SWK,Stock,NYSE,NYSE,,APP_ONLY,Div Aristocrats; S&P 500-7,,"Stanley Black & Decker, Inc.",USD,APP_CURRENT,VALID,OK,
86,AOS,Stock,NYSE,NYSE,,APP_ONLY,Div Aristocrats; S&P 500-7,,A. O. Smith Corporation,USD,APP_CURRENT,VALID,OK,
87,CIBR,ETF,NIM,NIM,,APP_ONLY,Cyber,,First Trust NASDAQ Cybersecurity ETF,USD,APP_CURRENT,VALID,OK,
88,CRWD,Stock,NasdaqGS,NasdaqGS,,APP_ONLY,NASDAQ 100-8; S&P 500-7,,"CrowdStrike Holdings, Inc.",USD,APP_CURRENT,VALID,OK,
89,HPE,Stock,NYSE,NYSE,,APP_ONLY,S&P 500-7,,Hewlett Packard Enterprise Company,USD,APP_CURRENT,VALID,OK,
90,CDW,Stock,NasdaqGS,NasdaqGS,,APP_ONLY,NASDAQ 100 -; S&P 500-7,,CDW Corporation,USD,APP_CURRENT,VALID,NONBLOCKING_METADATA_VARIANT,Source rows contain differing descriptive metadata; symbol itself is unchanged.
91,ASML,Stock,NasdaqGS,NasdaqGS,US,BOTH,Chips; NASDAQ 100-8,US,ASML Holding N.V.,USD,ALL_EXCHANGES,VALID,NONBLOCKING_METADATA_VARIANT,Source rows contain differing descriptive metadata; symbol itself is unchanged.
92,AME,Stock,NYSE,NYSE,,APP_ONLY,S&P 500-7,,"AMETEK, Inc.",USD,APP_CURRENT,VALID,OK,
93,MOS,Stock,NYSE,NYSE,,APP_ONLY,S&P 500-7,,The Mosaic Company,USD,APP_CURRENT,VALID,OK,
94,NTAP,Stock,NASDAQ,NASDAQ,,APP_ONLY,S&P 500-7,,"NetApp, Inc.",USD,APP_CURRENT,VALID,OK,
95,TTC,Stock,NYSE,NYSE,,APP_ONLY,Possible,,The Toro Company,USD,APP_CURRENT,VALID,OK,
96,WDC,Stock,NasdaqGS,NasdaqGS,,APP_ONLY,NASDAQ 100-8; S&P 500-7,,Western Digital Corporation,USD,APP_CURRENT,VALID,OK,
97,^VIX,Index,Cboe Indices,Cboe Indices,US,BOTH,"VIX, $, Int",US,CBOE Volatility Index,USD,ALL_EXCHANGES,VALID,NONBLOCKING_METADATA_VARIANT,Source rows contain differing descriptive metadata; symbol itself is unchanged.
98,LUMN,Stock,NYSE,NYSE,,APP_ONLY,Comm,,"Lumen Technologies, Inc.",USD,APP_CURRENT,VALID,OK,
99,HACK,ETF,PCX,PCX,,APP_ONLY,Cyber,,Amplify Cybersecurity ETF,USD,APP_CURRENT,VALID,OK,
100,GFS,Stock,NasdaqGS,NasdaqGS,,APP_ONLY,Chips; NASDAQ 100 -,,GlobalFoundries Inc.,USD,APP_CURRENT,VALID,NONBLOCKING_METADATA_VARIANT,Source rows contain differing descriptive metadata; symbol itself is unchanged.
101,POOL,Stock,NASDAQ,NASDAQ,,APP_ONLY,S&P 500-7,,Pool Corporation,USD,APP_CURRENT,VALID,OK,
102,SPMO,ETF,NYSEArca,NYSEArca,,APP_ONLY,US Indices,,Invesco S&P 500 Momentum ETF,USD,APP_CURRENT,VALID,OK,
103,JAZZ,Stock,NasdaqGS,NasdaqGS,,APP_ONLY,Drugs,,Jazz Pharmaceuticals plc,USD,APP_CURRENT,VALID,OK,
104,CARR,Stock,NYSE,NYSE,,APP_ONLY,S&P 500-7,,Carrier Global Corporation,USD,APP_CURRENT,VALID,OK,
105,BLDR,Stock,NYSE,NYSE,,APP_ONLY,S&P 500-7,,"Builders FirstSource, Inc.",USD,APP_CURRENT,VALID,OK,
106,QLYS,Stock,NMS,NMS,,APP_ONLY,Cyber,,"Qualys, Inc.",USD,APP_CURRENT,VALID,OK,
107,XTL,ETF,NYSEArca,NYSEArca,,APP_ONLY,ETFs - Sectors,,State Street SPDR S&P Telecom ETF,USD,APP_CURRENT,VALID,OK,
108,PAYC,Stock,NYSE,NYSE,,APP_ONLY,S&P 500 -; S&P 500-7,,"Paycom Software, Inc.",USD,APP_CURRENT,VALID,OK,
109,IBM,Stock,NYSE,NYSE,US,BOTH,DOW-4; DOWa; Div Aristocrats; S&P 500-7,US,International Business Machines Corporation,USD,ALL_EXCHANGES,VALID,OK,
110,PLUG,Stock,NASDAQ,NASDAQ,,APP_ONLY,Possible,,Plug Power Inc.,USD,APP_CURRENT,VALID,OK,
111,MTUM,ETF,NYSE,NYSE,,APP_ONLY,US Indices,,iShares MSCI USA Momentum Factor ETF,USD,APP_CURRENT,VALID,OK,
112,ROIV,Stock,NasdaqGS,NasdaqGS,,APP_ONLY,Drugs,,Roivant Sciences Ltd.,USD,APP_CURRENT,VALID,OK,
113,WSM,Stock,NYSE,NYSE,,APP_ONLY,S&P 500-7,,"Williams-Sonoma, Inc.",USD,APP_CURRENT,VALID,OK,
114,ZEAL.CO,Stock,Copenhagen,Copenhagen,,APP_ONLY,Drugs,,Zealand Pharma A/S,DKK,APP_CURRENT,VALID,OK,
115,WDAY,Stock,NasdaqGS,NasdaqGS,,APP_ONLY,NASDAQ 100-8; S&P 500-7,,"Workday, Inc.",USD,APP_CURRENT,VALID,OK,
116,KMB,Stock,NASDAQ,NASDAQ,,APP_ONLY,Div Aristocrats; S&P 500-7,,Kimberly-Clark Corporation,USD,APP_CURRENT,VALID,NONBLOCKING_METADATA_VARIANT,Source rows contain differing descriptive metadata; symbol itself is unchanged.
117,STLA,Stock,NYSE,NYSE,,APP_ONLY,Possible,,Stellantis N.V.,USD,APP_CURRENT,VALID,OK,
118,RMD,Stock,NYSE,NYSE,,APP_ONLY,S&P 500-7,,ResMed Inc.,USD,APP_CURRENT,VALID,OK,
119,ODFL,Stock,NasdaqGS,NasdaqGS,,APP_ONLY,NASDAQ 100-8; S&P 500-7,,"Old Dominion Freight Line, Inc.",USD,APP_CURRENT,VALID,OK,
120,CSL.AX,Stock,ASX,ASX,Global,BOTH,Drugs,Global,CSL Limited,AUD,ALL_EXCHANGES,VALID,OK,
121,IDXX,Stock,NasdaqGS,NasdaqGS,,APP_ONLY,NASDAQ 100-8; S&P 500-7,,"IDEXX Laboratories, Inc.",USD,APP_CURRENT,VALID,OK,
122,IVZ,Stock,NYSE,NYSE,,APP_ONLY,S&P 500-7,,Invesco Ltd.,USD,APP_CURRENT,VALID,OK,
123,HOOD,Stock,NasdaqGS,NasdaqGS,,APP_ONLY,S&P 500-7,,"Robinhood Markets, Inc.",USD,APP_CURRENT,VALID,OK,
124,SW,Stock,NYSE,NYSE,,APP_ONLY,S&P 500-7,,Smurfit Westrock Plc,USD,APP_CURRENT,VALID,OK,
125,TRMB,Stock,NasdaqGS,NasdaqGS,,APP_ONLY,S&P 500-7,,Trimble Inc.,USD,APP_CURRENT,VALID,OK,
126,LUV,Stock,NYSE,NYSE,,APP_ONLY,S&P 500-7,,Southwest Airlines Co.,USD,APP_CURRENT,VALID,OK,
127,NOW,Stock,NYSE,NYSE,,APP_ONLY,S&P 500-7,,"ServiceNow, Inc.",USD,APP_CURRENT,VALID,OK,
128,FSK,Stock,NYSE,NYSE,,APP_ONLY,BDCs,,FS KKR Capital Corp.,USD,APP_CURRENT,VALID,OK,
129,QQQ,ETF,NasdaqGM,NasdaqGM,US,BOTH,Div Aristocrats,US,Invesco QQQ Trust,USD,ALL_EXCHANGES,VALID,NONBLOCKING_METADATA_VARIANT,Source rows contain differing descriptive metadata; symbol itself is unchanged.
130,MRNA,Stock,NasdaqGS,NasdaqGS,,APP_ONLY,Drugs; S&P 500-7,,"Moderna, Inc.",USD,APP_CURRENT,VALID,OK,
131,APP,Stock,NasdaqGS,NasdaqGS,,APP_ONLY,NASDAQ 100-8; S&P 500-7,,AppLovin Corporation,USD,APP_CURRENT,VALID,OK,
132,FAST,Stock,NasdaqGS,NasdaqGS,,APP_ONLY,Div Aristocrats; NASDAQ 100-8; S&P 500-7,,Fastenal Company,USD,APP_CURRENT,VALID,OK,
133,PPG,Stock,NYSE,NYSE,,APP_ONLY,Div Aristocrats; S&P 500-7,,"PPG Industries, Inc.",USD,APP_CURRENT,VALID,OK,
134,^NDX,Index,Nasdaq GIDS,Nasdaq GIDS,Global,BOTH,US Indices,Global,NASDAQ-100,USD,ALL_EXCHANGES,VALID,NONBLOCKING_METADATA_VARIANT,Source rows contain differing descriptive metadata; symbol itself is unchanged.
135,DJT,Stock,NASDAQ,NASDAQ,,APP_ONLY,Media,,Trump Media & Technology Group Corp.,USD,APP_CURRENT,VALID,OK,
136,UAL,Stock,NasdaqGS,NasdaqGS,,APP_ONLY,S&P 500-7,,"United Airlines Holdings, Inc.",USD,APP_CURRENT,VALID,OK,
137,BIIB,Stock,NasdaqGS,NasdaqGS,,APP_ONLY,Drugs; NASDAQ 100 -; S&P 500-7,,Biogen Inc.,USD,APP_CURRENT,VALID,NONBLOCKING_METADATA_VARIANT,Source rows contain differing descriptive metadata; symbol itself is unchanged.
138,CSWC,Stock,NasdaqGS,NasdaqGS,,APP_ONLY,Finance,,Capital Southwest Corporation,USD,APP_CURRENT,VALID,OK,
139,399001.SZ,Index,Shenzhen,Shenzhen,,APP_ONLY,Asian Indices,,Shenzhen Index,CNY,APP_CURRENT,VALID,OK,
140,ERIE,Stock,NasdaqGS,NasdaqGS,,APP_ONLY,S&P 500-7,,Erie Indemnity Company,USD,APP_CURRENT,VALID,OK,
141,SRPT,Stock,NasdaqGS,NasdaqGS,,APP_ONLY,Drugs,,"Sarepta Therapeutics, Inc.",USD,APP_CURRENT,VALID,OK,
142,OMC,Stock,NYSE,NYSE,,APP_ONLY,S&P 500-7,,Omnicom Group Inc.,USD,APP_CURRENT,VALID,OK,
143,^SPTSEM,Index,Toronto,Toronto,,APP_ONLY,Americas Indices,,S&P/TSX Completion Index,CAD,APP_CURRENT,VALID,OK,
144,TXT,Stock,NYSE,NYSE,,APP_ONLY,S&P 500-7,,Textron Inc.,USD,APP_CURRENT,VALID,OK,
145,TSCO,Stock,NASDAQ,NASDAQ,,APP_ONLY,S&P 500-7,,Tractor Supply Company,USD,APP_CURRENT,VALID,OK,
146,MAS,Stock,NYSE,NYSE,,APP_ONLY,S&P 500-7,,Masco Corporation,USD,APP_CURRENT,VALID,OK,
147,GPC,Stock,NYSE,NYSE,,APP_ONLY,Div Aristocrats; S&P 500-7,,Genuine Parts Company,USD,APP_CURRENT,VALID,OK,
148,ARES,Stock,NYSE,NYSE,,APP_ONLY,S&P 500-7,,Ares Management Corporation,USD,APP_CURRENT,VALID,OK,
149,GILD,Stock,NasdaqGS,NasdaqGS,,APP_ONLY,Drugs; NASDAQ 100-8; S&P 500-7,,"Gilead Sciences, Inc.",USD,APP_CURRENT,VALID,OK,
150,FTNT,Stock,NasdaqGS,NasdaqGS,,APP_ONLY,Cyber; NASDAQ 100-8; S&P 500-7,,"Fortinet, Inc.",USD,APP_CURRENT,VALID,NONBLOCKING_METADATA_VARIANT,Source rows contain differing descriptive metadata; symbol itself is unchanged.
151,XYZ,Stock,NYSE,NYSE,,APP_ONLY,S&P 500-7,,"Block, Inc.",USD,APP_CURRENT,VALID,OK,
152,XBI,ETF,NYSEArca,NYSEArca,,APP_ONLY,ETFs - Sectors,,State Street SPDR S&P Biotech ETF,USD,APP_CURRENT,VALID,OK,
153,XAR,ETF,NYSEArca,NYSEArca,,APP_ONLY,Defense; ETFs - Sectors,,State Street SPDR S&P Aerospace & Defense ETF,USD,APP_CURRENT,VALID,OK,
154,URI,Stock,NYSE,NYSE,,APP_ONLY,S&P 500-7,,"United Rentals, Inc.",USD,APP_CURRENT,VALID,OK,
155,XHB,ETF,NYSEArca,NYSEArca,,APP_ONLY,ETFs - Sectors,,State Street SPDR S&P Homebuilders ETF,USD,APP_CURRENT,VALID,OK,
156,XES,ETF,NYSEArca,NYSEArca,,APP_ONLY,ETFs - Sectors,,State Street SPDR S&P Oil & Gas Equipment & Services ETF,USD,APP_CURRENT,VALID,OK,
157,SLB,Stock,NYSE,NYSE,,APP_ONLY,S&P 500-7,,Schlumberger Limited,USD,APP_CURRENT,VALID,OK,
158,ANET,Stock,NYSE,NYSE,,APP_ONLY,S&P 500-7,,Arista Networks Inc,USD,APP_CURRENT,VALID,OK,
159,WXXWY,Stock,OTC Markets OTCPK,OTC Markets OTCPK,,APP_ONLY,Drugs,,WuXi Biologics (Cayman) Inc.,USD,APP_CURRENT,VALID,OK,
160,SNPS,Stock,NasdaqGS,NasdaqGS,,APP_ONLY,NASDAQ 100-8; S&P 500-7,,"Synopsys, Inc.",USD,APP_CURRENT,VALID,OK,
161,HSIC,Stock,NasdaqGS,NasdaqGS,,APP_ONLY,S&P 500-7,,"Henry Schein, Inc.",USD,APP_CURRENT,VALID,OK,
162,XTN,ETF,NYSEArca,NYSEArca,,APP_ONLY,ETFs - Sectors,,State Street SPDR S&P Transportation ETF,USD,APP_CURRENT,VALID,OK,
163,CHD,Stock,NYSE,NYSE,,APP_ONLY,Div Aristocrats; S&P 500-7,,"Church & Dwight Co., Inc.",USD,APP_CURRENT,VALID,OK,
164,CTVA,Stock,NYSE,NYSE,,APP_ONLY,S&P 500-7,,"Corteva, Inc.",USD,APP_CURRENT,VALID,OK,
165,CCL,Stock,NYSE,NYSE,,APP_ONLY,S&P 500-7,,Carnival Corporation & plc,USD,APP_CURRENT,VALID,OK,
166,PCAR,Stock,NasdaqGS,NasdaqGS,,APP_ONLY,NASDAQ 100-8; S&P 500-7,,PACCAR Inc,USD,APP_CURRENT,VALID,OK,
167,CL,Stock,NYSE,NYSE,,APP_ONLY,Div Aristocrats; S&P 500-7,,Colgate-Palmolive Company,USD,APP_CURRENT,VALID,OK,
168,AMGN,Stock,NasdaqGS,NasdaqGS,US,BOTH,DOW-4; DOWa; Drugs; NASDAQ 100-8; S&P 500-7,US,Amgen Inc.,USD,ALL_EXCHANGES,VALID,NONBLOCKING_METADATA_VARIANT,Source rows contain differing descriptive metadata; symbol itself is unchanged.
169,MSTR,Stock,NasdaqGS,NasdaqGS,,APP_ONLY,NASDAQ 100-8,,Strategy Incorporated,USD,APP_CURRENT,VALID,OK,
170,NWS,Stock,NasdaqGS,NasdaqGS,US,BOTH,S&P 500-7,US,News Corporation,USD,ALL_EXCHANGES,VALID,OK,
171,APO,Stock,NYSE,NYSE,,APP_ONLY,S&P 500-7,,"Apollo Global Management, Inc.",USD,APP_CURRENT,VALID,OK,
172,COIN,Stock,NasdaqGS,NasdaqGS,,APP_ONLY,S&P 500-7,,"Coinbase Global, Inc.",USD,APP_CURRENT,VALID,OK,
173,CVNA,Stock,NYSE,NYSE,,APP_ONLY,S&P 500-7,,Carvana Co.,USD,APP_CURRENT,VALID,OK,
174,J,Stock,NYSE,NYSE,,APP_ONLY,S&P 500-7,,Jacobs Solutions Inc.,USD,APP_CURRENT,VALID,OK,
175,KVUE,Stock,NYSE,NYSE,,APP_ONLY,Div Aristocrats; S&P 500-7,,Kenvue Inc.,USD,APP_CURRENT,VALID,OK,
176,LOW,Stock,NYSE,NYSE,US,BOTH,Div Aristocrats; S&P 500-7,US,"Lowe's Companies, Inc.",USD,ALL_EXCHANGES,VALID,OK,
177,JBHT,Stock,NasdaqGS,NasdaqGS,,APP_ONLY,S&P 500-7,,"J.B. Hunt Transport Services, Inc.",USD,APP_CURRENT,VALID,OK,
178,CYTK,Stock,NasdaqGS,NasdaqGS,,APP_ONLY,Drugs,,"Cytokinetics, Incorporated",USD,APP_CURRENT,VALID,OK,
179,ACN,Stock,NYSE,NYSE,,APP_ONLY,S&P 500-7,,Accenture plc,USD,APP_CURRENT,VALID,OK,
180,CC=F,Future,NYB,NYB,,APP_ONLY,Commodities,,Cocoa Dec 26,USD,APP_CURRENT,VALID,OK,
181,CPAY,Stock,NYSE,NYSE,,APP_ONLY,S&P 500-7,,"Corpay, Inc.",USD,APP_CURRENT,VALID,OK,
182,MS,Stock,NYSE,NYSE,,APP_ONLY,S&P 500-7; XLF Top 10,,Morgan Stanley,USD,APP_CURRENT,VALID,OK,
183,ORCL,Stock,NYSE,NYSE,,APP_ONLY,Chips; S&P 500-7,,Oracle Corporation,USD,APP_CURRENT,VALID,OK,
184,MGM,Stock,NYSE,NYSE,,APP_ONLY,S&P 500-7,,MGM Resorts International,USD,APP_CURRENT,VALID,OK,
185,MRK.DE,Stock,XETRA,XETRA,Global,BOTH,Drugs,Global,Merck KGaA,EUR,ALL_EXCHANGES,VALID,OK,
186,TSM,Stock,NYSE,NYSE,US,BOTH,Chips; Top 10,US,Taiwan Semiconductor Manufacturing Company Limited,USD,ALL_EXCHANGES,VALID,OK,
187,VEEV,Stock,NYSE,NYSE,,APP_ONLY,S&P 500-7,,Veeva Systems Inc.,USD,APP_CURRENT,VALID,OK,
188,MHK,Stock,NYSE,NYSE,,APP_ONLY,S&P 500 -,,"Mohawk Industries, Inc.",USD,APP_CURRENT,VALID,OK,
189,CRM,Stock,NYSE,NYSE,,APP_ONLY,DOW-4; DOWa; S&P 500-7,,"Salesforce, Inc.",USD,APP_CURRENT,VALID,OK,
190,EL,Stock,NYSE,NYSE,,APP_ONLY,S&P 500-7,,The Estée Lauder Companies Inc.,USD,APP_CURRENT,VALID,OK,
191,LII,Stock,NYSE,NYSE,,APP_ONLY,S&P 500-7,,Lennox International Inc.,USD,APP_CURRENT,VALID,OK,
192,LHX,Stock,NYSE,NYSE,,APP_ONLY,Defense; S&P 500-7,,"L3Harris Technologies, Inc.",USD,APP_CURRENT,VALID,OK,
193,GRFS,Stock,NasdaqGS,NasdaqGS,,APP_ONLY,Drugs,,"Grifols, S.A.",USD,APP_CURRENT,VALID,OK,
194,GPIQ,ETF,NASDAQ,NASDAQ,,APP_ONLY,Div Aristocrats,,Goldman Sachs Nasdaq-100 Premium Income ETF,USD,APP_CURRENT,VALID,OK,
195,EMN,Stock,NYSE,NYSE,,APP_ONLY,S&P 500 -,,Eastman Chemical Company,USD,APP_CURRENT,VALID,OK,
196,FDXF,Stock,NYSE,NYSE,,APP_ONLY,S&P 500-7,,"FedEx Freight Holding Company, Inc.",USD,APP_CURRENT,VALID,OK,
197,FISV,Stock,NASDAQ,NASDAQ,,APP_ONLY,S&P 500-7,,"Fiserv, Inc.",USD,APP_CURRENT,VALID,OK,
198,VRT,Stock,NYSE,NYSE,,APP_ONLY,S&P 500-7,,Vertiv Holdings Co,USD,APP_CURRENT,VALID,OK,
199,EEM,ETF,NYSEArca,NYSEArca,,APP_ONLY,ETFs - Currency,,iShares MSCI Emerging Markets ETF,USD,APP_CURRENT,VALID,OK,
200,STLD,Stock,NASDAQ,NASDAQ,,APP_ONLY,S&P 500-7,,"Steel Dynamics, Inc.",USD,APP_CURRENT,VALID,OK,
201,XYL,Stock,NYSE,NYSE,,APP_ONLY,S&P 500-7,,Xylem Inc.,USD,APP_CURRENT,VALID,OK,
202,^IXIC,Index,Nasdaq GIDS,Nasdaq GIDS,Global; US,BOTH,US Indices,Global; US,NASDAQ Composite,USD,ALL_EXCHANGES,VALID,OK,
203,^DJT,Index,DJI,DJI,,APP_ONLY,US Indices,,Dow Jones Transportation Averag,USD,APP_CURRENT,VALID,OK,
204,EMR,Stock,NYSE,NYSE,,APP_ONLY,Div Aristocrats; S&P 500-7,,Emerson Electric Co.,USD,APP_CURRENT,VALID,OK,
205,NVDA,Stock,NasdaqGS,NasdaqGS,US,BOTH,Chips; DOW Mag5; DOWa; NASDAQ Mag8; Top 10,US,NVIDIA Corporation,USD,ALL_EXCHANGES,VALID,NONBLOCKING_METADATA_VARIANT,Source rows contain differing descriptive metadata; symbol itself is unchanged.
206,TYL,Stock,NYSE,NYSE,,APP_ONLY,S&P 500-7,,"Tyler Technologies, Inc.",USD,APP_CURRENT,VALID,OK,
207,ALLE,Stock,NYSE,NYSE,,APP_ONLY,S&P 500-7,,Allegion plc,USD,APP_CURRENT,VALID,OK,
208,DHI,Stock,NYSE,NYSE,,APP_ONLY,Possible; S&P 500-7,,"D.R. Horton, Inc.",USD,APP_CURRENT,VALID,OK,
209,GS,Stock,NYSE,NYSE,,APP_ONLY,DOW-4; DOWa; S&P 500-7; XLF Top 10,,"The Goldman Sachs Group, Inc.",USD,APP_CURRENT,VALID,OK,
210,MAIN,Stock,NYSE,NYSE,US,BOTH,BDCs,US,Main Street Capital Corporation,USD,ALL_EXCHANGES,VALID,OK,
211,ATEN,Stock,NYQ,NYQ,,APP_ONLY,Cyber,,"A10 Networks, Inc.",USD,APP_CURRENT,VALID,OK,
212,ARCC,Stock,NasdaqGS,NasdaqGS,US,BOTH,Div Aristocrats,US,Ares Capital Corporation,USD,ALL_EXCHANGES,VALID,OK,
213,MLM,Stock,NYSE,NYSE,,APP_ONLY,S&P 500-7,,"Martin Marietta Materials, Inc.",USD,APP_CURRENT,VALID,OK,
214,IPN.PA,Stock,Paris,Paris,Global,BOTH,Drugs,Global,Ipsen S.A.,EUR,ALL_EXCHANGES,VALID,OK,
215,NEM,Stock,NYSE,NYSE,,APP_ONLY,S&P 500-7,,Newmont Corporation,USD,APP_CURRENT,VALID,OK,
216,C,Stock,NYSE,NYSE,,APP_ONLY,S&P 500-7; XLF Top 10,,Citigroup Inc.,USD,APP_CURRENT,VALID,OK,
217,PPA,ETF,NYSEArca,NYSEArca,,APP_ONLY,Defense; ETFs - Sectors,,Invesco Aerospace & Defense ETF,USD,APP_CURRENT,VALID,OK,
218,QQQI,ETF,NasdaqGM,NasdaqGM,Global,BOTH,Div Aristocrats; ON DECK,Global,NEOS NASDAQ-100(R) High Income ETF,USD,ALL_EXCHANGES,VALID,NONBLOCKING_METADATA_VARIANT,Source rows contain differing descriptive metadata; symbol itself is unchanged.
219,ILMN,Stock,NASDAQ,NASDAQ,,APP_ONLY,Genes,,"Illumina, Inc.",USD,APP_CURRENT,VALID,OK,
220,ADBE,Stock,NasdaqGS,NasdaqGS,,APP_ONLY,NASDAQ 100-8; S&P 500-7,,Adobe Inc.,USD,APP_CURRENT,VALID,OK,
221,QQA,ETF,NASDAQ,NASDAQ,,APP_ONLY,Div Aristocrats,,Invesco QQQ Income Advantage ETF,USD,APP_CURRENT,VALID,OK,
222,AMCR,Stock,NYSE,NYSE,,APP_ONLY,Div Aristocrats; S&P 500-7,,Amcor plc,USD,APP_CURRENT,VALID,OK,
223,HD,Stock,NYSE,NYSE,,APP_ONLY,DOW-4; DOWa; S&P 500-7,,"The Home Depot, Inc.",USD,APP_CURRENT,VALID,OK,
224,CSX,Stock,NasdaqGS,NasdaqGS,,APP_ONLY,NASDAQ 100-8; S&P 500-7,,CSX Corporation,USD,APP_CURRENT,VALID,OK,
225,BAYN.DE,Stock,XETRA,XETRA,Global,BOTH,Drugs,Global,Bayer Aktiengesellschaft,EUR,ALL_EXCHANGES,VALID,OK,
226,XCNY,ETF,NASDAQ,NASDAQ,,APP_ONLY,ETFs - Sectors,,State Street SPDR S&P Emerging Markets ex-China ETF,USD,APP_CURRENT,VALID,OK,
227,TT,Stock,NYSE,NYSE,,APP_ONLY,S&P 500-7,,Trane Technologies plc,USD,APP_CURRENT,VALID,OK,
228,GPN,Stock,NYSE,NYSE,,APP_ONLY,S&P 500-7,,Global Payments Inc.,USD,APP_CURRENT,VALID,OK,
229,MMM,Stock,NYSE,NYSE,,APP_ONLY,DOW-4; DOWa; Possible; S&P 500-7,,3M Company,USD,APP_CURRENT,VALID,OK,
230,WY,Stock,NYSE,NYSE,,APP_ONLY,S&P 500-7,,Weyerhaeuser Company,USD,APP_CURRENT,VALID,OK,
231,BF-B,Stock,NYSE,NYSE,US,BOTH,Div Aristocrats; S&P 500-7,US,Brown-Forman Corporation,USD,ALL_EXCHANGES,VALID,OK,
232,NDSN,Stock,NASDAQ,NASDAQ,,APP_ONLY,Div Aristocrats; S&P 500-7,,Nordson Corporation,USD,APP_CURRENT,VALID,NONBLOCKING_METADATA_VARIANT,Source rows contain differing descriptive metadata; symbol itself is unchanged.
233,NWSA,Stock,NasdaqGS,NasdaqGS,,APP_ONLY,S&P 500-7,,News Corporation,USD,APP_CURRENT,VALID,OK,
234,PJFZX,Mutual Fund,Nasdaq,Nasdaq,,APP_ONLY,MUNIs 407,,PGIM Jennison Growth Z,USD,APP_CURRENT,VALID,OK,
235,ADM,Stock,NYSE,NYSE,,APP_ONLY,Div Aristocrats; S&P 500-7,,Archer-Daniels-Midland Company,USD,APP_CURRENT,VALID,OK,
236,EBAY,Stock,NasdaqGS,NasdaqGS,,APP_ONLY,S&P 500-7,,eBay Inc.,USD,APP_CURRENT,VALID,OK,
237,VUG,ETF,NYSEArca,NYSEArca,,APP_ONLY,Possible,,Vanguard Morningstar Growth ETF,USD,APP_CURRENT,VALID,OK,
238,ORLY,Stock,NasdaqGS,NasdaqGS,,APP_ONLY,NASDAQ 100-8; S&P 500-7,,"O'Reilly Automotive, Inc.",USD,APP_CURRENT,VALID,OK,
239,XPH,ETF,NYSEArca,NYSEArca,,APP_ONLY,ETFs - Drugs,,State Street SPDR S&P Pharmaceuticals ETF,USD,APP_CURRENT,VALID,OK,
240,^JN0U.JO,Index,Johannesburg,Johannesburg,Global,BOTH,Americas Indices,Global,Top 40 USD Net TRI Index,USD,ALL_EXCHANGES,VALID,OK,
241,ITW,Stock,NYSE,NYSE,,APP_ONLY,Div Aristocrats; S&P 500-7,,Illinois Tool Works Inc.,USD,APP_CURRENT,VALID,OK,
242,^SPTSES,Index,Toronto,Toronto,Global,BOTH,Americas Indices,Global,S&P/TSX SmallCap Index,CAD,ALL_EXCHANGES,VALID,OK,
243,GE,Stock,NYSE,NYSE,US,BOTH,S&P 500-7,US,GE Aerospace,USD,ALL_EXCHANGES,VALID,OK,
244,IEX,Stock,NYSE,NYSE,,APP_ONLY,S&P 500-7,,IDEX Corporation,USD,APP_CURRENT,VALID,OK,
245,KURE,ETF,NYSEArca,NYSEArca,,APP_ONLY,ETFs - Drugs,,KraneShares MSCI All China Health Care Index ETF,USD,APP_CURRENT,VALID,OK,
246,^SMLF-IV,Index,NYSE American,NYSE American,,APP_ONLY,US Indices,,ISHARES U.S. SMALLA CAP EQUITY,USD,APP_CURRENT,VALID,OK,
247,SNA,Stock,NYSE,NYSE,,APP_ONLY,S&P 500-7,,Snap-on Incorporated,USD,APP_CURRENT,VALID,OK,
248,QDVO,ETF,NYSEArca,NYSEArca,,APP_ONLY,Div Aristocrats,,Amplify CWP Growth & Income ETF,USD,APP_CURRENT,VALID,OK,
249,PCVX,Stock,NasdaqGS,NasdaqGS,,APP_ONLY,Drugs,,"Vaxcyte, Inc.",USD,APP_CURRENT,VALID,OK,
250,XLSR,ETF,NYSEArca,NYSEArca,,APP_ONLY,ETFs - Sectors,,State Street US Sector Rotation ETF,USD,APP_CURRENT,VALID,OK,
251,LEN,Stock,NYSE,NYSE,,APP_ONLY,Possible; S&P 500-7,,Lennar Corporation,USD,APP_CURRENT,VALID,OK,
252,TDY,Stock,NYSE,NYSE,,APP_ONLY,S&P 500-7,,Teledyne Technologies Incorporated,USD,APP_CURRENT,VALID,OK,
253,PNR,Stock,NYSE,NYSE,,APP_ONLY,Div Aristocrats; S&P 500-7,,Pentair plc,USD,APP_CURRENT,VALID,OK,
254,PG,Stock,NYSE,NYSE,US,BOTH,DOW-4; DOWa; Div Aristocrats; S&P 500-7,US,The Procter & Gamble Company,USD,ALL_EXCHANGES,VALID,OK,
255,UPS,Stock,NYSE,NYSE,,APP_ONLY,S&P 500-7,,"United Parcel Service, Inc.",USD,APP_CURRENT,VALID,OK,
256,JEPQ,ETF,NASDAQ,NASDAQ,,APP_ONLY,Div Aristocrats; ON DECK,,JPMorgan Nasdaq Equity Premium Income ETF,USD,APP_CURRENT,VALID,NONBLOCKING_METADATA_VARIANT,Source rows contain differing descriptive metadata; symbol itself is unchanged.
257,MDEGX,Mutual Fund,NASDAQ,NASDAQ,,APP_ONLY,SOLD,,BlackRock Unconstrained Equity Fund,USD,APP_CURRENT,VALID,OK,
258,SHW,Stock,NYSE,NYSE,,APP_ONLY,DOW-4; DOWa; Div Aristocrats; S&P 500-7,,The Sherwin-Williams Company,USD,APP_CURRENT,VALID,OK,
259,IP,Stock,NYSE,NYSE,,APP_ONLY,S&P 500-7,,International Paper Company,USD,APP_CURRENT,VALID,OK,
260,SOLS,Stock,NasdaqGS,NasdaqGS,,APP_ONLY,NASDAQ 100 -; S&P 500 -,,"Solstice Advanced Materials, Inc.",USD,APP_CURRENT,VALID,OK,
261,XU100.IS,Index,Istanbul,Istanbul,,APP_ONLY,Europe Indices,,BIST 100,TRY,APP_CURRENT,VALID,OK,
262,AWK,Stock,NYSE,NYSE,,APP_ONLY,S&P 500-7,,"American Water Works Company, Inc.",USD,APP_CURRENT,VALID,OK,
263,DOV,Stock,NYSE,NYSE,,APP_ONLY,Div Aristocrats; S&P 500-7,,Dover Corporation,USD,APP_CURRENT,VALID,OK,
264,DE,Stock,NYSE,NYSE,,APP_ONLY,Dividends; S&P 500-7,,Deere & Company,USD,APP_CURRENT,VALID,OK,
265,TROW,Stock,NASDAQ,NASDAQ,,APP_ONLY,Div Aristocrats; S&P 500-7,,"T. Rowe Price Group, Inc.",USD,APP_CURRENT,VALID,NONBLOCKING_METADATA_VARIANT,Source rows contain differing descriptive metadata; symbol itself is unchanged.
266,OTIS,Stock,NYSE,NYSE,,APP_ONLY,S&P 500-7,,Otis Worldwide Corporation,USD,APP_CURRENT,VALID,OK,
267,AUROPHARMA.NS,Stock,NSE,NSE,,APP_ONLY,Drugs,,Aurobindo Pharma Limited,INR,APP_CURRENT,VALID,OK,
268,FTEK,Stock,NasdaqCM,NasdaqCM,,APP_ONLY,Energy,,"Fuel Tech, Inc.",USD,APP_CURRENT,VALID,OK,
269,068270.KS,Stock,KSE,KSE,Global,BOTH,Drugs,Global,"Celltrion, Inc.",KRW,ALL_EXCHANGES,VALID,OK,
270,AAPL,Stock,NasdaqGS,NasdaqGS,Exchs; Global; US,BOTH,DOW Mag5; DOWa; Media; NASDAQ Mag8; Top 10,Exchs; Global; US,Apple Inc.,USD,ALL_EXCHANGES,VALID,NONBLOCKING_METADATA_VARIANT,Source rows contain differing descriptive metadata; symbol itself is unchanged.
271,EQIX,Stock,NasdaqGS,NasdaqGS,US,BOTH,S&P 500-7,US,"Equinix, Inc.",USD,ALL_EXCHANGES,VALID,OK,
272,PSKY,Stock,NasdaqGS,NasdaqGS,,APP_ONLY,Media; ON DECK; S&P 500-7,,Paramount Skydance Corporation,USD,APP_CURRENT,VALID,NONBLOCKING_METADATA_VARIANT,Source rows contain differing descriptive metadata; symbol itself is unchanged.
273,COF,Stock,NYSE,NYSE,,APP_ONLY,S&P 500-7,,Capital One Financial Corporation,USD,APP_CURRENT,VALID,OK,
274,XLB,ETF,NYSEArca,NYSEArca,,APP_ONLY,ETFs - Sectors,,State Street Materials Select Sector SPDR ETF,USD,APP_CURRENT,VALID,OK,
275,IR,Stock,NYSE,NYSE,,APP_ONLY,S&P 500-7,,Ingersoll Rand Inc.,USD,APP_CURRENT,VALID,OK,
276,BA.L,Stock,LSE,LSE,Global,BOTH,Defense,Global,BAE Systems plc,GBX,ALL_EXCHANGES,VALID,NONBLOCKING_METADATA_VARIANT,Source rows contain differing descriptive metadata; symbol itself is unchanged.
277,QQQX,Stock,NasdaqGM,NasdaqGM,,APP_ONLY,Nuveen,,Nuveen Nasdaq 100 Dynamic Overwrite Fund,USD,APP_CURRENT,VALID,OK,
278,PWR,Stock,NYSE,NYSE,,APP_ONLY,S&P 500-7,,"Quanta Services, Inc.",USD,APP_CURRENT,VALID,OK,
279,BX,Stock,NYSE,NYSE,,APP_ONLY,Possible; S&P 500-7,,Blackstone Inc.,USD,APP_CURRENT,VALID,OK,
280,NVDY,ETF,NYSEArca,NYSEArca,,APP_ONLY,Possible,,YieldMax NVDA Option Income Strategy ETF,USD,APP_CURRENT,VALID,OK,
281,CWT,Stock,NYSE,NYSE,,APP_ONLY,Possible,,California Water Service Group,USD,APP_CURRENT,VALID,OK,
282,ITA,ETF,BATS,BATS,,APP_ONLY,Defense; ETFs - Sectors,,iShares U.S. Aerospace & Defense ETF,USD,APP_CURRENT,VALID,OK,
283,PHM,Stock,NYSE,NYSE,,APP_ONLY,S&P 500-7,,"PulteGroup, Inc.",USD,APP_CURRENT,VALID,OK,
284,^RUT,Index,Chicago Options,Chicago Options,US,BOTH,US Indices,US,Russell 2000 Index,USD,ALL_EXCHANGES,VALID,OK,
285,INCY,Stock,NasdaqGS,NasdaqGS,,APP_ONLY,Drugs; S&P 500-7,,Incyte Corporation,USD,APP_CURRENT,VALID,OK,
286,^OEX,Index,Chicago Options,Chicago Options,,APP_ONLY,US Indices,,^OEX,USD,APP_CURRENT,VALID,OK,
287,OBDC,Stock,NYSE,NYSE,US,BOTH,BDCs,US,Blue Owl Capital Corporation,USD,ALL_EXCHANGES,VALID,OK,
288,MPC,Stock,NYSE,NYSE,,APP_ONLY,S&P 500-7,,Marathon Petroleum Corporation,USD,APP_CURRENT,VALID,OK,
289,^AXSO,Index,ASX,ASX,,APP_ONLY,NZ & Aus Indices,,S&P/ASX SMALL ORDINARIES,AUD,APP_CURRENT,VALID,OK,
290,SPY,ETF,NYSEArca,NYSEArca,Global; US,BOTH,US Indices,Global; US,State Street SPDR S&P 500 ETF Trust,USD,ALL_EXCHANGES,VALID,NONBLOCKING_METADATA_VARIANT,Source rows contain differing descriptive metadata; symbol itself is unchanged.
291,^GSPC,Index,SNP,SNP,Global; US,BOTH,US Indices,Global; US,S&P 500,USD,ALL_EXCHANGES,VALID,NONBLOCKING_METADATA_VARIANT,Source rows contain differing descriptive metadata; symbol itself is unchanged.
292,^MID,Index,NYSE,NYSE,,APP_ONLY,US Indices,,S&P 400,USD,APP_CURRENT,VALID,OK,
293,^SPSUPX,Index,NYSE,NYSE,,APP_ONLY,US Indices,,S&P Composite 1500,USD,APP_CURRENT,VALID,OK,
294,FDS,Stock,NYSE,NYSE,,APP_ONLY,S&P 500-7,,FactSet Research Systems Inc.,USD,APP_CURRENT,VALID,OK,
295,ALB,Stock,NYSE,NYSE,,APP_ONLY,Div Aristocrats; S&P 500-7,,Albemarle Corporation,USD,APP_CURRENT,VALID,OK,
296,BCE.TO,Stock,Toronto,Toronto,,APP_ONLY,Comm,,BCE Inc.,CAD,APP_CURRENT,VALID,OK,
297,PCM,Stock,NYSE,NYSE,,APP_ONLY,PIMCO,,PCM Fund Inc.,USD,APP_CURRENT,VALID,OK,
298,XLI,ETF,NYSEArca,NYSEArca,US,BOTH,ETFs - Sectors,US,State Street Industrial Select Sector SPDR ETF,USD,ALL_EXCHANGES,VALID,OK,
299,ULTA,Stock,NasdaqGS,NasdaqGS,,APP_ONLY,S&P 500-7,,"Ulta Beauty, Inc.",USD,APP_CURRENT,VALID,OK,
300,FTV,Stock,NYSE,NYSE,,APP_ONLY,S&P 500-7,,Fortive Corporation,USD,APP_CURRENT,VALID,OK,
301,CBRE,Stock,NYSE,NYSE,,APP_ONLY,S&P 500-7,,"CBRE Group, Inc.",USD,APP_CURRENT,VALID,OK,
302,UNP,Stock,NYSE,NYSE,,APP_ONLY,S&P 500-7,,Union Pacific Corporation,USD,APP_CURRENT,VALID,OK,
303,PKG,Stock,NYSE,NYSE,,APP_ONLY,S&P 500-7,,Packaging Corporation of America,USD,APP_CURRENT,VALID,OK,
304,CPB,Stock,NasdaqGS,NasdaqGS,,APP_ONLY,Div Aristocrats; ON DECK; S&P 500-7,,The Campbell's Company,USD,APP_CURRENT,VALID,NONBLOCKING_METADATA_VARIANT,Source rows contain differing descriptive metadata; symbol itself is unchanged.
305,CTSH,Stock,NasdaqGS,NasdaqGS,,APP_ONLY,NASDAQ 100-8; S&P 500-7,,Cognizant Technology Solutions Corporation,USD,APP_CURRENT,VALID,OK,
306,EFX,Stock,NYSE,NYSE,,APP_ONLY,S&P 500-7,,Equifax Inc.,USD,APP_CURRENT,VALID,OK,
307,MTCH,Stock,NASDAQ,NASDAQ,,APP_ONLY,S&P 500 -,,"Match Group, Inc.",USD,APP_CURRENT,VALID,OK,
308,STX,Stock,NASDAQ,NASDAQ,,APP_ONLY,NASDAQ 100-8; S&P 500-7,,Seagate Technology Holdings plc,USD,APP_CURRENT,VALID,NONBLOCKING_METADATA_VARIANT,Source rows contain differing descriptive metadata; symbol itself is unchanged.
309,VLTO,Stock,NYSE,NYSE,,APP_ONLY,S&P 500-7,,Veralto Corporation,USD,APP_CURRENT,VALID,OK,
310,EXEL,Stock,NasdaqGS,NasdaqGS,,APP_ONLY,Drugs,,"Exelixis, Inc.",USD,APP_CURRENT,VALID,OK,
311,^DJI,Index,DJI,DJI,Global; US,BOTH,US Indices,Global; US,Dow Jones Industrial Average,USD,ALL_EXCHANGES,VALID,OK,
312,ACWI,ETF,NASDAQ,NASDAQ,,APP_ONLY,ETFs - Sectors,,iShares MSCI ACWI ETF,USD,APP_CURRENT,VALID,OK,
313,VRTX,Stock,NasdaqGS,NasdaqGS,,APP_ONLY,Drugs; NASDAQ 100-8; S&P 500-7,,Vertex Pharmaceuticals Incorporated,USD,APP_CURRENT,VALID,OK,
314,^DJA,Index,DJI,DJI,,APP_ONLY,US Indices,,Dow Jones Composite Average,USD,APP_CURRENT,VALID,OK,
315,ARGX,Stock,NasdaqGS,NasdaqGS,,APP_ONLY,Drugs,,argenx SE,USD,APP_CURRENT,VALID,OK,
316,^AXMD,Index,ASX,ASX,,APP_ONLY,NZ & Aus Indices,,S&P/ASX MIDCAP50,AUD,APP_CURRENT,VALID,OK,
317,INTU,Stock,NasdaqGS,NasdaqGS,,APP_ONLY,NASDAQ 100-8; S&P 500-7,,Intuit Inc.,USD,APP_CURRENT,VALID,OK,
318,TSLA,Stock,NasdaqGS,NasdaqGS,US,BOTH,NASDAQ Mag8; Top 10,US,"Tesla, Inc.",USD,ALL_EXCHANGES,VALID,NONBLOCKING_METADATA_VARIANT,Source rows contain differing descriptive metadata; symbol itself is unchanged.
319,^SPTSECP3,Index,Toronto,Toronto,,APP_ONLY,Americas Indices,,S&P/TSX Capped Composite Index,CAD,APP_CURRENT,VALID,OK,
320,^GSPTSE,Index,Toronto,Toronto,Global,BOTH,Americas Indices,Global,S&P/TSX Composite index,CAD,ALL_EXCHANGES,VALID,OK,
321,PGP,Stock,NYSE,NYSE,,APP_ONLY,PIMCO,,PIMCO Global StocksPLUS & Income Fund,USD,APP_CURRENT,VALID,OK,
322,^KS11,Index,KSE,KSE,Global,BOTH,Asian Indices,Global,KOSPI Composite Index,KRW,ALL_EXCHANGES,VALID,OK,
323,LH,Stock,NYSE,NYSE,,APP_ONLY,Drugs; S&P 500-7,,Labcorp Holdings Inc.,USD,APP_CURRENT,VALID,OK,
324,SYF,Stock,NYSE,NYSE,,APP_ONLY,S&P 500-7,,Synchrony Financial,USD,APP_CURRENT,VALID,OK,
325,^VIXEQ,Index,WCB,WCB,,APP_ONLY,US Indices,,Cboe S&P 500 Constituent Volati,USD,APP_CURRENT,VALID,OK,
326,BA,Stock,NYSE,NYSE,US,BOTH,DOW-4; DOWa; Defense; S&P 500-7,US,The Boeing Company,USD,ALL_EXCHANGES,VALID,OK,
327,NCLH,Stock,NYSE,NYSE,,APP_ONLY,S&P 500-7,,Norwegian Cruise Line Holdings Ltd.,USD,APP_CURRENT,VALID,OK,
328,FPURX,Mutual Fund,NASDAQ,NASDAQ,,APP_ONLY,Fidelity Funds,,Fidelity Puritan,USD,APP_CURRENT,VALID,OK,
329,KKR,Stock,NYSE,NYSE,,APP_ONLY,S&P 500-7,,KKR & Co. Inc.,USD,APP_CURRENT,VALID,OK,
330,SBUX,Stock,NasdaqGS,NasdaqGS,,APP_ONLY,NASDAQ 100-8; S&P 500-7,,Starbucks Corporation,USD,APP_CURRENT,VALID,OK,
331,MOV,Stock,NYSE,NYSE,,APP_ONLY,Dividends,,"Movado Group, Inc.",USD,APP_CURRENT,VALID,OK,
332,WMB,Stock,NYSE,NYSE,,APP_ONLY,Dividends; S&P 500-7,,"The Williams Companies, Inc.",USD,APP_CURRENT,VALID,OK,
333,FITB,Stock,NasdaqGS,NasdaqGS,,APP_ONLY,S&P 500-7,,Fifth Third Bancorp,USD,APP_CURRENT,VALID,OK,
334,DE000SL0KV47.SG,Index,Stuttgart,Stuttgart,,APP_ONLY,"VIX, $, Int",,Solactive Silver Spot London Close Index,EUR,APP_CURRENT,VALID,OK,
335,PFE,Stock,NYSE,NYSE,,APP_ONLY,DOW -; Div Aristocrats; Drugs; S&P 500-7,,Pfizer Inc.,USD,APP_CURRENT,VALID,OK,
336,BKR,Stock,NasdaqGS,NasdaqGS,,APP_ONLY,NASDAQ 100-8; S&P 500-7,,Baker Hughes Company,USD,APP_CURRENT,VALID,OK,
337,FDVV,ETF,NYSEArca,NYSEArca,,APP_ONLY,Div Aristocrats,,Fidelity High Dividend ETF,USD,APP_CURRENT,VALID,OK,
338,CMCSA,Stock,NasdaqGS,NasdaqGS,,APP_ONLY,Media; NASDAQ 100-8; S&P 500-7,,Comcast Corporation,USD,APP_CURRENT,VALID,NONBLOCKING_METADATA_VARIANT,Source rows contain differing descriptive metadata; symbol itself is unchanged.
339,BEN,Stock,NYSE,NYSE,,APP_ONLY,Div Aristocrats; S&P 500-7,,"Franklin Resources, Inc.",USD,APP_CURRENT,VALID,OK,
340,JCE,Stock,NYSE,NYSE,,APP_ONLY,Nuveen,,Nuveen Core Equity Alpha Fund,USD,APP_CURRENT,VALID,OK,
341,RF,Stock,NYSE,NYSE,,APP_ONLY,S&P 500-7,,Regions Financial Corporation,USD,APP_CURRENT,VALID,OK,
342,ETN,Stock,NYSE,NYSE,,APP_ONLY,S&P 500-7,,Eaton Corporation plc,USD,APP_CURRENT,VALID,OK,
343,HAL,Stock,NYSE,NYSE,,APP_ONLY,S&P 500-7,,Halliburton Company,USD,APP_CURRENT,VALID,OK,
344,DOW,Stock,NYSE,NYSE,,APP_ONLY,DOW -; Dividends; Possible; S&P 500-7,,Dow Inc.,USD,APP_CURRENT,VALID,OK,
345,^AORD,Index,ASX,ASX,,APP_ONLY,NZ & Aus Indices,,ALL ORDINARIES,AUD,APP_CURRENT,VALID,OK,
346,FFIV,Stock,NasdaqGS,NasdaqGS,,APP_ONLY,S&P 500-7,,"F5, Inc.",USD,APP_CURRENT,VALID,OK,
347,PDI,Stock,NYSE,NYSE,Global; US,BOTH,ON DECK; PIMCO,Global; US,PIMCO Dynamic Income Fund,USD,ALL_EXCHANGES,VALID,OK,
348,SAR,Stock,NYSE,NYSE,,APP_ONLY,Dividends,,Saratoga Investment Corp.,USD,APP_CURRENT,VALID,OK,
349,MTB,Stock,NYSE,NYSE,,APP_ONLY,S&P 500-7,,M&T Bank Corporation,USD,APP_CURRENT,VALID,OK,
350,TFC,Stock,NYSE,NYSE,,APP_ONLY,S&P 500-7,,Truist Financial Corporation,USD,APP_CURRENT,VALID,OK,
351,^AXKO,Index,ASX,ASX,,APP_ONLY,NZ & Aus Indices,,S&P/ASX 300,AUD,APP_CURRENT,VALID,OK,
352,SJM,Stock,NYSE,NYSE,,APP_ONLY,Div Aristocrats; S&P 500-7,,The J. M. Smucker Company,USD,APP_CURRENT,VALID,OK,
353,^SPXEW,Index,NYSE,NYSE,,APP_ONLY,US Indices,,S&P 500 EQUAL WEIGHTED,USD,APP_CURRENT,VALID,OK,
354,PACB,Stock,NASDAQ,NASDAQ,,APP_ONLY,Genes,,"Pacific Biosciences of California, Inc.",USD,APP_CURRENT,VALID,OK,
355,CRL,Stock,NYSE,NYSE,,APP_ONLY,S&P 500-7,,"Charles River Laboratories International, Inc.",USD,APP_CURRENT,VALID,OK,
356,^AXJO,Index,ASX,ASX,Global,BOTH,NZ & Aus Indices,Global,S&P/ASX 200,AUD,ALL_EXCHANGES,VALID,OK,
357,DLR,Stock,NYSE,NYSE,,APP_ONLY,S&P 500-7,,"Digital Realty Trust, Inc.",USD,APP_CURRENT,VALID,OK,
358,NZF,Stock,NYSE,NYSE,,APP_ONLY,Nuveen,,Nuveen Municipal Credit Income Fund,USD,APP_CURRENT,VALID,OK,
359,PCQ,Stock,NYSE,NYSE,,APP_ONLY,PIMCO,,PIMCO California Municipal Income Fund,USD,APP_CURRENT,VALID,OK,
360,JPM,Stock,NYSE,NYSE,US,BOTH,DOW-4; DOWa; S&P 500-7; XLF Top 10,US,JPMorgan Chase & Co.,USD,ALL_EXCHANGES,VALID,OK,
361,DE000SL0KKF1.SG,Index,Stuttgart,Stuttgart,,APP_ONLY,"VIX, $, Int",,Solactive Gold Spot London Close Index,EUR,APP_CURRENT,VALID,OK,
362,^ATOI,Index,ASX,ASX,,APP_ONLY,NZ & Aus Indices,,S&P/ASX 100,AUD,APP_CURRENT,VALID,OK,
363,AFB,Stock,NYSE,NYSE,,APP_ONLY,MUNIs 407,,"AllianceBernstein National Municipal Income Fund, Inc.",USD,APP_CURRENT,VALID,OK,
364,NSC,Stock,NYSE,NYSE,,APP_ONLY,S&P 500-7,,Norfolk Southern Corporation,USD,APP_CURRENT,VALID,OK,
365,VFWPX,Mutual Fund,Nasdaq,Nasdaq,Global,BOTH,SOLD,Global,Vanguard FTSE All-World ex-US Index Fund,USD,ALL_EXCHANGES,VALID,NONBLOCKING_METADATA_VARIANT,Source rows contain differing descriptive metadata; symbol itself is unchanged.
366,^JKSE,Index,Jakarta,Jakarta,Global,BOTH,Asian Indices,Global,IDX COMPOSITE,IDR,ALL_EXCHANGES,VALID,OK,
367,BSX,Stock,NYSE,NYSE,,APP_ONLY,S&P 500-7,,Boston Scientific Corporation,USD,APP_CURRENT,VALID,OK,
368,^OMXSPI,Index,Stockholm,Stockholm,Global,BOTH,Europe Indices,Global,OMX Stockholm_PI,SEK,ALL_EXCHANGES,VALID,OK,
369,CFG,Stock,NYSE,NYSE,,APP_ONLY,S&P 500-7,,"Citizens Financial Group, Inc.",USD,APP_CURRENT,VALID,OK,
370,^AFLI,Index,ASX,ASX,,APP_ONLY,NZ & Aus Indices,,S&P/ASX 50,AUD,APP_CURRENT,VALID,OK,
371,GLQ,Stock,NYSE,NYSE,US,BOTH,Dividends,US,Clough Global Equity Fund,USD,ALL_EXCHANGES,VALID,NONBLOCKING_METADATA_VARIANT,Source rows contain differing descriptive metadata; symbol itself is unchanged.
372,CDNS,Stock,NasdaqGS,NasdaqGS,,APP_ONLY,NASDAQ 100-8; S&P 500-7,,"Cadence Design Systems, Inc.",USD,APP_CURRENT,VALID,OK,
373,ECL,Stock,NYSE,NYSE,,APP_ONLY,Div Aristocrats; S&P 500-7,,Ecolab Inc.,USD,APP_CURRENT,VALID,OK,
374,FDX,Stock,NYSE,NYSE,,APP_ONLY,S&P 500-7,,FedEx Corporation,USD,APP_CURRENT,VALID,OK,
375,FSTCX,Mutual Fund,NASDAQ,NASDAQ,,APP_ONLY,Fidelity Funds,,Fidelity Select Telecommunications Port,USD,APP_CURRENT,VALID,OK,
376,^ATLI,Index,ASX,ASX,,APP_ONLY,NZ & Aus Indices,,S&P/ASX 20,AUD,APP_CURRENT,VALID,OK,
377,CZR,Stock,NasdaqGS,NasdaqGS,,APP_ONLY,S&P 500 -,,"Caesars Entertainment, Inc.",USD,APP_CURRENT,VALID,OK,
378,PTC,Stock,NASDAQ,NASDAQ,,APP_ONLY,S&P 500-7,,PTC Inc.,USD,APP_CURRENT,VALID,OK,
379,AMT,Stock,NYSE,NYSE,US,BOTH,S&P 500-7,US,American Tower Corporation,USD,ALL_EXCHANGES,VALID,OK,
380,MSI,Stock,NYSE,NYSE,,APP_ONLY,S&P 500-7,,"Motorola Solutions, Inc.",USD,APP_CURRENT,VALID,OK,
381,BBY,Stock,NYSE,NYSE,,APP_ONLY,S&P 500-7,,"Best Buy Co., Inc.",USD,APP_CURRENT,VALID,OK,
382,DAL,Stock,NYSE,NYSE,,APP_ONLY,S&P 500-7,,"Delta Air Lines, Inc.",USD,APP_CURRENT,VALID,OK,
383,KEY,Stock,NYSE,NYSE,,APP_ONLY,S&P 500-7; XLF Top 10,,KeyCorp,USD,APP_CURRENT,VALID,OK,
384,AZO,Stock,NYSE,NYSE,,APP_ONLY,S&P 500-7,,"AutoZone, Inc.",USD,APP_CURRENT,VALID,OK,
385,ORNAV.HE,Stock,Helsinki,Helsinki,,APP_ONLY,Drugs,,Orion Oyj,EUR,APP_CURRENT,VALID,OK,
386,BG,Stock,NYSE,NYSE,,APP_ONLY,S&P 500-7,,Bunge Global SA,USD,APP_CURRENT,VALID,OK,
387,AD,Stock,NYSE,NYSE,,APP_ONLY,Comm,,"Array Digital Infrastructure, I",USD,APP_CURRENT,VALID,OK,
388,XHE,ETF,NYSEArca,NYSEArca,,APP_ONLY,ETFs - Sectors,,State Street SPDR S&P Health Care Equipment ETF,USD,APP_CURRENT,VALID,OK,
389,EFA,ETF,NYSEArca,NYSEArca,,APP_ONLY,ETFs - Currency,,iShares MSCI EAFE ETF,USD,APP_CURRENT,VALID,OK,
390,FBALX,Mutual Fund,Nasdaq,Nasdaq,Global; US,BOTH,Fidelity Funds,Global; US,Fidelity Balanced Fund,USD,ALL_EXCHANGES,VALID,NONBLOCKING_METADATA_VARIANT,Source rows contain differing descriptive metadata; symbol itself is unchanged.
391,^XAX,Index,NYSE,NYSE,,APP_ONLY,US Indices,,NYSE American Composite Index,USD,APP_CURRENT,VALID,OK,
392,VWILX,Mutual Fund,Nasdaq,Nasdaq,Global,BOTH,SOLD,Global,Vanguard International Growth Adm,USD,ALL_EXCHANGES,VALID,NONBLOCKING_METADATA_VARIANT,Source rows contain differing descriptive metadata; symbol itself is unchanged.
393,BMRN,Stock,NasdaqGS,NasdaqGS,,APP_ONLY,Drugs,,BioMarin Pharmaceutical Inc.,USD,APP_CURRENT,VALID,OK,
394,NAC,Stock,NYSE,NYSE,Global; US,BOTH,MUNIs CA 70; Nuveen; ON DECK; Taxes,Global; US,Nuveen California Quality Municipal Income Fund,USD,ALL_EXCHANGES,VALID,OK,
395,CCI,Stock,NYSE,NYSE,US,BOTH,Dividends; S&P 500-7,US,Crown Castle Inc.,USD,ALL_EXCHANGES,VALID,OK,
396,GMAB,Stock,NasdaqGS,NasdaqGS,,APP_ONLY,Drugs,,Genmab A/S,USD,APP_CURRENT,VALID,OK,
397,CNI,Stock,NYSE,NYSE,,APP_ONLY,Dividends,,Canadian National Railway Company,USD,APP_CURRENT,VALID,OK,
398,RMI,Stock,NYSE,NYSE,,APP_ONLY,MUNIs 407,,"RiverNorth Opportunistic Municipal Income Fund, Inc.",USD,APP_CURRENT,VALID,OK,
399,MCD,Stock,NYSE,NYSE,,APP_ONLY,DOW-4; DOWa; Div Aristocrats; S&P 500-7,,McDonald's Corporation,USD,APP_CURRENT,VALID,OK,
400,GEV,Stock,NYSE,NYSE,,APP_ONLY,S&P 500-7,,GE Vernova Inc.,USD,APP_CURRENT,VALID,OK,
401,UCB.VI,Stock,Vienna,Vienna,,APP_ONLY,Drugs,,UCB SA,EUR,APP_CURRENT,VALID,OK,
402,DD,Stock,NYSE,NYSE,,APP_ONLY,S&P 500-7,,"DuPont de Nemours, Inc.",USD,APP_CURRENT,VALID,OK,
403,HALO,Stock,NasdaqGS,NasdaqGS,,APP_ONLY,Drugs,,"Halozyme Therapeutics, Inc.",USD,APP_CURRENT,VALID,OK,
404,PYPL,Stock,NasdaqGS,NasdaqGS,,APP_ONLY,NASDAQ 100-8; S&P 500-7,,"PayPal Holdings, Inc.",USD,APP_CURRENT,VALID,OK,
405,IRM,Stock,NYSE,NYSE,,APP_ONLY,Possible; S&P 500-7,,Iron Mountain Incorporated,USD,APP_CURRENT,VALID,OK,
406,HBAN,Stock,NasdaqGS,NasdaqGS,,APP_ONLY,S&P 500-7,,Huntington Bancshares Incorporated,USD,APP_CURRENT,VALID,OK,
407,PCITX,Mutual Fund,Nasdaq,Nasdaq,,APP_ONLY,MUNIs 407,,Victory Pioneer International Equ C,USD,APP_CURRENT,VALID,OK,
408,^ATX,Index,Vienna,Vienna,Global,BOTH,Europe Indices,Global,ATX,EUR,ALL_EXCHANGES,VALID,OK,
409,NCA,Stock,NYSE,NYSE,,APP_ONLY,MUNIs CA 70; Nuveen; ON DECK; Taxes,,Nuveen California Municipal Value Fund,USD,APP_CURRENT,VALID,OK,
410,^FTT1X,Index,FTSE Index,FTSE Index,,APP_ONLY,Europe Indices,,FTSE techMARK Focus Index,GBP,APP_CURRENT,VALID,OK,
411,GOOGL,Stock,NasdaqGS,NasdaqGS,US,BOTH,DOW Mag5; DOW-4; DOWa; NASDAQ Mag8; Quantums; Top 10,US,Alphabet Inc.,USD,ALL_EXCHANGES,VALID,NONBLOCKING_METADATA_VARIANT,Source rows contain differing descriptive metadata; symbol itself is unchanged.
412,IVE,ETF,NYSEArca,NYSEArca,,APP_ONLY,US Indices,,iShares S&P 500 Value ETF,USD,APP_CURRENT,VALID,OK,
413,LYV,Stock,NYSE,NYSE,,APP_ONLY,S&P 500-7,,"Live Nation Entertainment, Inc.",USD,APP_CURRENT,VALID,OK,
414,NIM,Stock,NYSE,NYSE,,APP_ONLY,Nuveen,,Nuveen Select Maturities Municipal Fund,USD,APP_CURRENT,VALID,OK,
415,SPYI,ETF,BATS,BATS,,APP_ONLY,Div Aristocrats,,Neos S&P 500(R) High Income ETF,USD,APP_CURRENT,VALID,OK,
416,V,Stock,NYSE,NYSE,,APP_ONLY,DOW-4; DOWa; S&P 500-7,,Visa Inc.,USD,APP_CURRENT,VALID,OK,
417,ADSK,Stock,NasdaqGS,NasdaqGS,,APP_ONLY,NASDAQ 100-8; S&P 500-7,,"Autodesk, Inc.",USD,APP_CURRENT,VALID,OK,
418,IONS,Stock,NasdaqGS,NasdaqGS,,APP_ONLY,Drugs,,"Ionis Pharmaceuticals, Inc.",USD,APP_CURRENT,VALID,OK,
419,MSFT,Stock,NasdaqGS,NasdaqGS,Global; US,BOTH,DOW Mag5; DOWa; NASDAQ Mag8; ON DECK; Quantums; Top 10,Global; US,Microsoft Corporation,USD,ALL_EXCHANGES,VALID,NONBLOCKING_METADATA_VARIANT,Source rows contain differing descriptive metadata; symbol itself is unchanged.
420,DLTR,Stock,NasdaqGS,NasdaqGS,,APP_ONLY,S&P 500-7,,"Dollar Tree, Inc.",USD,APP_CURRENT,VALID,OK,
421,MKC,Stock,NYSE,NYSE,,APP_ONLY,Div Aristocrats; S&P 500-7,,"McCormick & Company, Incorporated",USD,APP_CURRENT,VALID,OK,
422,ES,Stock,NYSE,NYSE,,APP_ONLY,S&P 500-7,,Eversource Energy,USD,APP_CURRENT,VALID,OK,
423,FGRIX,Mutual Fund,NASDAQ,NASDAQ,,APP_ONLY,Fidelity Funds,,Fidelity Growth & Income,USD,APP_CURRENT,VALID,OK,
424,FEQTX,Mutual Fund,NASDAQ,NASDAQ,,APP_ONLY,Fidelity Funds,,Fidelity Equity Dividend Income,USD,APP_CURRENT,VALID,OK,
425,FTXH,ETF,NasdaqGM,NasdaqGM,,APP_ONLY,ETFs - Drugs,,First Trust Nasdaq Pharmaceuticals ETF,USD,APP_CURRENT,VALID,OK,
426,NVR,Stock,NYSE,NYSE,,APP_ONLY,S&P 500-7,,"NVR, Inc.",USD,APP_CURRENT,VALID,OK,
427,IBKR,Stock,NasdaqGS,NasdaqGS,,APP_ONLY,S&P 500-7,,"Interactive Brokers Group, Inc.",USD,APP_CURRENT,VALID,OK,
428,M,Stock,NYSE,NYSE,,APP_ONLY,Possible,,"Macy's, Inc.",USD,APP_CURRENT,VALID,OK,
429,GF=F,Future,CME,CME,,APP_ONLY,Commodities,,Feeder Cattle,USX,APP_CURRENT,VALID,OK,
430,BXSL,Stock,NYSE,NYSE,US,BOTH,BDCs,US,Blackstone Secured Lending Fund,USD,ALL_EXCHANGES,VALID,OK,
431,PDD,Stock,NasdaqGS,NasdaqGS,,APP_ONLY,NASDAQ 100-8,,PDD Holdings Inc.,USD,APP_CURRENT,VALID,OK,
432,XRT,ETF,NYSEArca,NYSEArca,,APP_ONLY,ETFs - Sectors,,State Street SPDR S&P Retail ETF,USD,APP_CURRENT,VALID,OK,
433,^N100,Index,Paris,Paris,Global,BOTH,Europe Indices,Global,Euronext 100 Index,EUR,ALL_EXCHANGES,VALID,OK,
434,BCE,Stock,NYSE,NYSE,,APP_ONLY,Comm,,BCE Inc.,USD,APP_CURRENT,VALID,OK,
435,PNC,Stock,NYSE,NYSE,,APP_ONLY,S&P 500-7,,"The PNC Financial Services Group, Inc.",USD,APP_CURRENT,VALID,OK,
436,QYLD,ETF,NASDAQ,NASDAQ,,APP_ONLY,Possible,,Global X NASDAQ 100 Covered Call ETF,USD,APP_CURRENT,VALID,OK,
437,MUC,Stock,NYSE,NYSE,,APP_ONLY,BlackRock; MUNIs CA 70,,"BlackRock MuniHoldings California Quality Fund, Inc.",USD,APP_CURRENT,VALID,OK,
438,^STOXX50E,Index,Zurich,Zurich,Global,BOTH,Europe Indices,Global,EURO STOXX 50 I,EUR,ALL_EXCHANGES,VALID,OK,
439,DASH,Stock,NasdaqGS,NasdaqGS,,APP_ONLY,NASDAQ 100-8; S&P 500-7,,"DoorDash, Inc.",USD,APP_CURRENT,VALID,OK,
440,^AEX,Index,Amsterdam,Amsterdam,Global,BOTH,Europe Indices,Global,AEX-Index,EUR,ALL_EXCHANGES,VALID,OK,
441,NPV,Stock,NYSE,NYSE,,APP_ONLY,Nuveen,,Nuveen Virginia Quality Municipal Income Fund,USD,APP_CURRENT,VALID,OK,
442,KRC,Stock,NYSE,NYSE,,APP_ONLY,Possible,,Kilroy Realty Corporation,USD,APP_CURRENT,VALID,OK,
443,SPXX,Stock,NYSE,NYSE,,APP_ONLY,Nuveen,,Nuveen S&P 500 Dynamic Overwrite Fund,USD,APP_CURRENT,VALID,OK,
444,TRV,Stock,NYSE,NYSE,,APP_ONLY,DOW-4; DOWa; S&P 500-7,,"The Travelers Companies, Inc.",USD,APP_CURRENT,VALID,OK,
445,BAX,Stock,NYSE,NYSE,,APP_ONLY,Drugs; S&P 500-7,,Baxter International Inc.,USD,APP_CURRENT,VALID,OK,
446,DPZ,Stock,NasdaqGS,NasdaqGS,,APP_ONLY,S&P 500-7,,"Domino's Pizza, Inc.",USD,APP_CURRENT,VALID,OK,
447,TAP,Stock,NYSE,NYSE,,APP_ONLY,S&P 500-7,,Molson Coors Beverage Company,USD,APP_CURRENT,VALID,OK,
448,EW,Stock,NYSE,NYSE,,APP_ONLY,S&P 500-7,,Edwards Lifesciences Corporation,USD,APP_CURRENT,VALID,OK,
449,NMT,Stock,NYSE,NYSE,,APP_ONLY,Nuveen,,Nuveen Massachusetts Quality Municipal Income Fund,USD,APP_CURRENT,VALID,OK,
450,WAB,Stock,NYSE,NYSE,,APP_ONLY,S&P 500-7,,Westinghouse Air Brake Technologies Corporation,USD,APP_CURRENT,VALID,OK,
451,XLF,ETF,NYSEArca,NYSEArca,US,BOTH,ETFs - Sectors,US,State Street Financial Select Sector SPDR ETF,USD,ALL_EXCHANGES,VALID,OK,
452,REC.MI,Stock,Milan,Milan,Global,BOTH,Drugs,Global,Recordati Industria Chimica e Farmaceutica S.p.A.,EUR,ALL_EXCHANGES,VALID,OK,
453,GD,Stock,NYSE,NYSE,,APP_ONLY,Defense; S&P 500-7,,General Dynamics Corporation,USD,APP_CURRENT,VALID,OK,
454,LIN,Stock,NasdaqGS,NasdaqGS,,APP_ONLY,Div Aristocrats; NASDAQ 100-8; S&P 500-7,,Linde plc,USD,APP_CURRENT,VALID,OK,
455,SCHD,ETF,NYSEArca,NYSEArca,,APP_ONLY,Div Aristocrats,,Schwab U.S. Dividend Equity ETF,USD,APP_CURRENT,VALID,OK,
456,^NYA,Index,NYSE,NYSE,,APP_ONLY,US Indices,,NYSE Composite Index,USD,APP_CURRENT,VALID,OK,
457,GRMN,Stock,NYSE,NYSE,,APP_ONLY,Comm; S&P 500-7,,Garmin Ltd.,USD,APP_CURRENT,VALID,OK,
458,STT,Stock,NYSE,NYSE,,APP_ONLY,S&P 500-7,,State Street Corporation,USD,APP_CURRENT,VALID,OK,
459,MAGS,ETF,BATS,BATS,,APP_ONLY,ETFs - Sectors,,Roundhill Magnificent Seven ETF,USD,APP_CURRENT,VALID,OK,
460,USA,Stock,NYSE,NYSE,US,BOTH,Possible,US,Liberty All-Star Equity Fund,USD,ALL_EXCHANGES,VALID,OK,
461,PAYX,Stock,NasdaqGS,NasdaqGS,,APP_ONLY,NASDAQ 100-8; S&P 500-7,,"Paychex, Inc.",USD,APP_CURRENT,VALID,OK,
462,PJP,ETF,NYSEArca,NYSEArca,,APP_ONLY,ETFs - Drugs,,Invesco Pharmaceuticals ETF,USD,APP_CURRENT,VALID,OK,
463,KHC,Stock,NASDAQ,NASDAQ,,APP_ONLY,Dividends; NASDAQ 100-8; ON DECK; S&P 500-7,,The Kraft Heinz Company,USD,APP_CURRENT,VALID,NONBLOCKING_METADATA_VARIANT,Source rows contain differing descriptive metadata; symbol itself is unchanged.
464,HASI,Stock,NYSE,NYSE,,APP_ONLY,Finance,,"HA Sustainable Infrastructure Capital, Inc.",USD,APP_CURRENT,VALID,OK,
465,APN.JO,Stock,Johannesburg,Johannesburg,Global,BOTH,Drugs,Global,Aspen Pharmacare Holdings Limited,ZAX,ALL_EXCHANGES,VALID,OK,
466,MYN,Stock,NYSE,NYSE,,APP_ONLY,MUNIs 407,,"BlackRock MuniYield New York Quality Fund, Inc.",USD,APP_CURRENT,VALID,OK,
467,HON,Stock,NasdaqGS,NasdaqGS,,APP_ONLY,DOW-4; DOWa; NASDAQ 100-8; S&P 500-7,,Honeywell International Inc.,USD,APP_CURRENT,VALID,NONBLOCKING_METADATA_VARIANT,Source rows contain differing descriptive metadata; symbol itself is unchanged.
468,^IRX,Index,Cboe Indices,Cboe Indices,,APP_ONLY,"VIX, $, Int",,13 WEEK TREASURY BILL,USD,APP_CURRENT,VALID,OK,
469,BKNG,Stock,NasdaqGS,NasdaqGS,,APP_ONLY,NASDAQ 100-8; S&P 500-7,,Booking Holdings Inc.,USD,APP_CURRENT,VALID,OK,
470,LYB,Stock,NYSE,NYSE,,APP_ONLY,Div Aristocrats; S&P 500-7,,LyondellBasell Industries N.V.,USD,APP_CURRENT,VALID,OK,
471,HE=F,Future,CME,CME,,APP_ONLY,Commodities,,"Lean Hog Futures,Oct-2026",USX,APP_CURRENT,VALID,OK,
472,ZYDUSLIFE.NS,Stock,NSE,NSE,,APP_ONLY,Drugs,,Zydus Lifesciences Limited,INR,APP_CURRENT,VALID,OK,
473,BRK-B,Stock,NYSE,NYSE,US,BOTH,S&P 500-7; XLF Top 10,US,Berkshire Hathaway Inc.,USD,ALL_EXCHANGES,VALID,OK,
474,600276.SS,Stock,Shanghai,Shanghai,Global,BOTH,Drugs,Global,"Jiangsu Hengrui Pharmaceuticals Co.,Ltd",CNY,ALL_EXCHANGES,VALID,OK,
475,BRK-A,Stock,NYSE,NYSE,,APP_ONLY,XLF Top 10,,Berkshire Hathaway Inc.,USD,APP_CURRENT,VALID,OK,
476,GME,Stock,NYSE,NYSE,,APP_ONLY,Possible,,GameStop Corp.,USD,APP_CURRENT,VALID,OK,
477,BTO,Stock,NYSE,NYSE,,APP_ONLY,Possible,,John Hancock Financial Opportunities Fund,USD,APP_CURRENT,VALID,OK,
478,FEQIX,Mutual Fund,NASDAQ,NASDAQ,,APP_ONLY,Fidelity Funds,,Fidelity Equity-Income,USD,APP_CURRENT,VALID,OK,
479,CINF,Stock,NasdaqGS,NasdaqGS,,APP_ONLY,Div Aristocrats; S&P 500-7,,Cincinnati Financial Corporation,USD,APP_CURRENT,VALID,OK,
480,GOOG,Stock,NasdaqGS,NasdaqGS,US,BOTH,NASDAQ Mag8; Quantums,US,Alphabet Inc.,USD,ALL_EXCHANGES,VALID,NONBLOCKING_METADATA_VARIANT,Source rows contain differing descriptive metadata; symbol itself is unchanged.
481,^GDAXI,Index,XETRA,XETRA,Global,BOTH,Europe Indices,Global,DAX P,EUR,ALL_EXCHANGES,VALID,OK,
482,CHKP,Stock,NMS,NMS,,APP_ONLY,Cyber,,Check Point Software Technologies Ltd.,USD,APP_CURRENT,VALID,OK,
483,HSY,Stock,NYSE,NYSE,,APP_ONLY,S&P 500-7,,The Hershey Company,USD,APP_CURRENT,VALID,OK,
484,DGX,Stock,NYSE,NYSE,,APP_ONLY,S&P 500-7,,Quest Diagnostics Incorporated,USD,APP_CURRENT,VALID,OK,
485,GEHC,Stock,NasdaqGS,NasdaqGS,,APP_ONLY,NASDAQ 100-8; S&P 500-7,,GE HealthCare Technologies Inc.,USD,APP_CURRENT,VALID,OK,
486,WMT,Stock,NasdaqGS,NasdaqGS,US,BOTH,DOW-4; DOWa; Div Aristocrats; NASDAQ 100-8; S&P 500-7,US,Walmart Inc.,USD,ALL_EXCHANGES,VALID,NONBLOCKING_METADATA_VARIANT,Source rows contain differing descriptive metadata; symbol itself is unchanged.
487,^CASE30,Index,EGX,EGX,,APP_ONLY,Europe Indices,,EGX 30 Price Return Index,EGP,APP_CURRENT,VALID,OK,
488,NEE,Stock,NYSE,NYSE,US,BOTH,Div Aristocrats; S&P 500-7,US,"NextEra Energy, Inc.",USD,ALL_EXCHANGES,VALID,OK,
489,^FTAI,Index,FTSE Index,FTSE Index,Global,BOTH,Europe Indices,Global,FTSE AIM All-Share Index,GBP,ALL_EXCHANGES,VALID,OK,
490,ETR,Stock,NYSE,NYSE,,APP_ONLY,S&P 500-7,,Entergy Corporation,USD,APP_CURRENT,VALID,OK,
491,EVRG,Stock,NasdaqGS,NasdaqGS,,APP_ONLY,S&P 500-7,,"Evergy, Inc.",USD,APP_CURRENT,VALID,OK,
492,NNY,Stock,NYSE,NYSE,,APP_ONLY,Nuveen,,Nuveen New York Municipal Value Fund,USD,APP_CURRENT,VALID,OK,
493,GDDY,Stock,NYSE,NYSE,,APP_ONLY,S&P 500-7,,GoDaddy Inc.,USD,APP_CURRENT,VALID,OK,
494,GM,Stock,NYSE,NYSE,,APP_ONLY,Possible; S&P 500-7,,General Motors Company,USD,APP_CURRENT,VALID,OK,
495,NPFD,Stock,NYSE,NYSE,,APP_ONLY,Nuveen,,Nuveen Variable Rate Preferred & Income Fund,USD,APP_CURRENT,VALID,OK,
496,LUPIN.NS,Stock,NSE,NSE,,APP_ONLY,Drugs,,Lupin Limited,INR,APP_CURRENT,VALID,OK,
497,PAXS,Stock,NYSE,NYSE,,APP_ONLY,PIMCO,,PIMCO Access Income Fund,USD,APP_CURRENT,VALID,OK,
498,^BFX,Index,Brussels,Brussels,,APP_ONLY,Europe Indices,,BEL 20,EUR,APP_CURRENT,VALID,OK,
499,JMM,Stock,NYSE,NYSE,,APP_ONLY,Nuveen,,Nuveen Multi-Market Income Fund,USD,APP_CURRENT,VALID,OK,
500,D,Stock,NYSE,NYSE,,APP_ONLY,Possible; S&P 500-7,,"Dominion Energy, Inc.",USD,APP_CURRENT,VALID,OK,
501,FXA,ETF,NYSEArca,NYSEArca,,APP_ONLY,ETFs - Currency,,Invesco CurrencyShares Australian Dollar Trust,USD,APP_CURRENT,VALID,OK,
502,MNST,Stock,NasdaqGS,NasdaqGS,,APP_ONLY,NASDAQ 100-8; S&P 500-7,,Monster Beverage Corporation,USD,APP_CURRENT,VALID,OK,
503,AIG,Stock,NYSE,NYSE,,APP_ONLY,S&P 500-7,,"American International Group, Inc.",USD,APP_CURRENT,VALID,OK,
504,BAC,Stock,NYSE,NYSE,,APP_ONLY,S&P 500-7; XLF Top 10,,Bank of America Corporation,USD,APP_CURRENT,VALID,OK,
505,CTBI,Stock,NasdaqGS,NasdaqGS,,APP_ONLY,Finance,,"Community Trust Bancorp, Inc.",USD,APP_CURRENT,VALID,OK,
506,FER,Stock,NasdaqGS,NasdaqGS,,APP_ONLY,NASDAQ 100-8,,Ferrovial SE,USD,APP_CURRENT,VALID,OK,
507,EPD,Stock,NYSE,NYSE,US,BOTH,Dividends,US,Enterprise Products Partners L.P.,USD,ALL_EXCHANGES,VALID,OK,
508,FSDIX,Mutual Fund,NASDAQ,NASDAQ,,APP_ONLY,Fidelity Funds,,Fidelity Strategic Dividend & Income,USD,APP_CURRENT,VALID,OK,
509,HWM,Stock,NYSE,NYSE,,APP_ONLY,S&P 500-7,,Howmet Aerospace Inc.,USD,APP_CURRENT,VALID,OK,
510,FOXA,Stock,NasdaqGS,NasdaqGS,,APP_ONLY,S&P 500-7,,Fox Corporation,USD,APP_CURRENT,VALID,OK,
511,BUD,Stock,NYSE,NYSE,,APP_ONLY,Possible,,Anheuser-Busch InBev SA/NV,USD,APP_CURRENT,VALID,OK,
512,BMY,Stock,NYSE,NYSE,,APP_ONLY,Drugs; S&P 500-7,,Bristol-Myers Squibb Company,USD,APP_CURRENT,VALID,OK,
513,^SSMI,Index,Swiss,Swiss,Global,BOTH,Europe Indices,Global,SMI PR,CHF,ALL_EXCHANGES,VALID,OK,
514,PNW,Stock,NYSE,NYSE,,APP_ONLY,S&P 500-7,,Pinnacle West Capital Corporation,USD,APP_CURRENT,VALID,OK,
515,LEGN,Stock,NasdaqGS,NasdaqGS,,APP_ONLY,Drugs,,Legend Biotech Corporation,USD,APP_CURRENT,VALID,OK,
516,XLC,ETF,NYSEArca,NYSEArca,,APP_ONLY,ETFs - Sectors,,State Street Communication Services Select Sector SPDR ETF,USD,APP_CURRENT,VALID,OK,
517,COO,Stock,NasdaqGS,NasdaqGS,,APP_ONLY,S&P 500-7,,"The Cooper Companies, Inc.",USD,APP_CURRENT,VALID,OK,
518,RYLD,ETF,BATS,BATS,,APP_ONLY,Possible,,Global X Russell 2000 Covered Call ETF,USD,APP_CURRENT,VALID,OK,
519,IHE,ETF,NYSEArca,NYSEArca,,APP_ONLY,ETFs - Drugs,,iShares U.S. Pharmaceuticals ETF,USD,APP_CURRENT,VALID,OK,
520,KDP,Stock,NasdaqGS,NasdaqGS,,APP_ONLY,NASDAQ 100-8; S&P 500-7,,Keurig Dr Pepper Inc.,USD,APP_CURRENT,VALID,OK,
521,^FCHI,Index,Paris,Paris,Global,BOTH,Europe Indices,Global,CAC 40,EUR,ALL_EXCHANGES,VALID,OK,
522,APD,Stock,NYSE,NYSE,,APP_ONLY,Div Aristocrats; S&P 500-7,,"Air Products and Chemicals, Inc.",USD,APP_CURRENT,VALID,OK,
523,CAG,Stock,NYSE,NYSE,,APP_ONLY,S&P 500-7,,"Conagra Brands, Inc.",USD,APP_CURRENT,VALID,OK,
524,^ISEQ,Index,Irish,Irish,,APP_ONLY,Europe Indices,,ISEQ All Share,EUR,APP_CURRENT,VALID,OK,
525,XLP,ETF,NYSEArca,NYSEArca,,APP_ONLY,ETFs - Sectors,,State Street Consumer Staples Select Sector SPDR ETF,USD,APP_CURRENT,VALID,OK,
526,MMU,Stock,NYSE,NYSE,,APP_ONLY,MUNIs 407,,Western Asset Managed Municipals Fund Inc.,USD,APP_CURRENT,VALID,OK,
527,AVY,Stock,NYSE,NYSE,,APP_ONLY,S&P 500-7,,Avery Dennison Corporation,USD,APP_CURRENT,VALID,OK,
528,RTX,Stock,NYSE,NYSE,,APP_ONLY,DOW -; Defense; S&P 500-7,,RTX Corporation,USD,APP_CURRENT,VALID,OK,
529,NRK,Stock,NYSE,NYSE,,APP_ONLY,Nuveen,,Nuveen New York AMT-Free Quality Municipal Income Fund,USD,APP_CURRENT,VALID,OK,
530,MIY,Stock,NYSE,NYSE,,APP_ONLY,MUNIs 407,,"BlackRock MuniYield Michigan Quality Fund, Inc.",USD,APP_CURRENT,VALID,OK,
531,FCAL,ETF,NasdaqGM,NasdaqGM,,APP_ONLY,Taxes,,First Trust California Municipal High Income ETF,USD,APP_CURRENT,VALID,OK,
532,AXP,Stock,NYSE,NYSE,,APP_ONLY,DOW-4; DOWa; S&P 500-7; XLF Top 10,,American Express Company,USD,APP_CURRENT,VALID,OK,
533,NKX,Stock,NYSE,NYSE,,APP_ONLY,MUNIs CA 70; Nuveen; ON DECK; Taxes,,Nuveen California AMT-Free Quality Municipal Income Fund,USD,APP_CURRENT,VALID,OK,
534,PYLD,ETF,NYSEArca,NYSEArca,,APP_ONLY,ETFs - Bonds,,PIMCO ETF Trust - PIMCO Multisector Bond Active Exchange-Traded Fund,USD,APP_CURRENT,VALID,OK,
535,WFC,Stock,NYSE,NYSE,,APP_ONLY,S&P 500-7; XLF Top 10,,Wells Fargo & Company,USD,APP_CURRENT,VALID,OK,
536,MDLZ,Stock,NasdaqGS,NasdaqGS,,APP_ONLY,NASDAQ 100-8; S&P 500-7,,"Mondelez International, Inc.",USD,APP_CURRENT,VALID,OK,
537,NOC,Stock,NYSE,NYSE,,APP_ONLY,Defense; S&P 500-7,,Northrop Grumman Corporation,USD,APP_CURRENT,VALID,OK,
538,MPA,Stock,NYSE,NYSE,,APP_ONLY,MUNIs 407,,BlackRock MuniYield Pennsylvania Quality Fund,USD,APP_CURRENT,VALID,OK,
539,^NZ50,Index,NZSE,NZSE,Global,BOTH,NZ & Aus Indices,Global,S&P/NZX 50 INDEX GROSS ( GROSS,NZD,ALL_EXCHANGES,VALID,OK,
540,RPRX,Stock,NasdaqGS,NasdaqGS,,APP_ONLY,Drugs,,Royalty Pharma plc,USD,APP_CURRENT,VALID,OK,
541,RCL,Stock,NYSE,NYSE,,APP_ONLY,S&P 500-7,,Royal Caribbean Cruises Ltd.,USD,APP_CURRENT,VALID,OK,
542,VMC,Stock,NYSE,NYSE,,APP_ONLY,S&P 500-7,,Vulcan Materials Company,USD,APP_CURRENT,VALID,OK,
543,UBER,Stock,NYSE,NYSE,,APP_ONLY,S&P 500-7,,"Uber Technologies, Inc.",USD,APP_CURRENT,VALID,OK,
544,GIS,Stock,NYSE,NYSE,,APP_ONLY,S&P 500-7,,"General Mills, Inc.",USD,APP_CURRENT,VALID,OK,
545,LMT,Stock,NYSE,NYSE,,APP_ONLY,Defense; S&P 500-7,,Lockheed Martin Corporation,USD,APP_CURRENT,VALID,OK,
546,NAD,Stock,NYSE,NYSE,US,BOTH,Nuveen,US,Nuveen Quality Municipal Income Fund,USD,ALL_EXCHANGES,VALID,OK,
547,VOD,Stock,NASDAQ,NASDAQ,,APP_ONLY,Comm,,Vodafone Group Public Limited Company,USD,APP_CURRENT,VALID,OK,
548,HIK.L,Stock,LSE,LSE,,APP_ONLY,Drugs,,Hikma Pharmaceuticals PLC,GBX,APP_CURRENT,VALID,OK,
549,NCIQ,ETF,NASDAQ,NASDAQ,,APP_ONLY,ETFs - Currency,,Hashdex Nasdaq CME Crypto Index US ETF,USD,APP_CURRENT,VALID,OK,
550,BBN,Stock,NYSE,NYSE,,APP_ONLY,MUNIs 407,,BlackRock Taxable Municipal Bond Trust,USD,APP_CURRENT,VALID,OK,
551,BWX,ETF,NYSEArca,NYSEArca,,APP_ONLY,ETFs - Bonds,,SPDR Bloomberg International Treasury Bond ETF,USD,APP_CURRENT,VALID,OK,
552,RJF,Stock,NYSE,NYSE,,APP_ONLY,S&P 500-7,,"Raymond James Financial, Inc.",USD,APP_CURRENT,VALID,OK,
553,MUJ,Stock,NYSE,NYSE,,APP_ONLY,MUNIs 407,,"BlackRock MuniHoldings New Jersey Quality Fund, Inc.",USD,APP_CURRENT,VALID,OK,
554,LE=F,Future,CME,CME,,APP_ONLY,Commodities,,"Live Cattle Futures,Oct-2026",USX,APP_CURRENT,VALID,OK,
555,NXP,Stock,NYSE,NYSE,,APP_ONLY,Nuveen,,Nuveen Select Tax-Free Income Portfolio,USD,APP_CURRENT,VALID,OK,
556,CNC,Stock,NYSE,NYSE,,APP_ONLY,S&P 500-7,,Centene Corporation,USD,APP_CURRENT,VALID,OK,
557,FCBFX,Mutual Fund,NASDAQ,NASDAQ,,APP_ONLY,Fidelity Funds,,Fidelity Corporate Bond Fund,USD,APP_CURRENT,VALID,OK,
558,ON,Stock,NasdaqGS,NasdaqGS,,APP_ONLY,NASDAQ 100 -; S&P 500-7,,ON Semiconductor Corporation,USD,APP_CURRENT,VALID,NONBLOCKING_METADATA_VARIANT,Source rows contain differing descriptive metadata; symbol itself is unchanged.
559,RMMZ,Stock,NYSE,NYSE,,APP_ONLY,MUNIs 407,,"RiverNorth Managed Duration Municipal Income Fund II, Inc.",USD,APP_CURRENT,VALID,OK,
560,ASND,Stock,NasdaqGS,NasdaqGS,,APP_ONLY,Drugs,,Ascendis Pharma A/S,USD,APP_CURRENT,VALID,OK,
561,ESS,Stock,NYSE,NYSE,,APP_ONLY,Div Aristocrats; S&P 500-7,,"Essex Property Trust, Inc.",USD,APP_CURRENT,VALID,OK,
562,EXC,Stock,NasdaqGS,NasdaqGS,,APP_ONLY,NASDAQ 100-8; S&P 500-7,,Exelon Corporation,USD,APP_CURRENT,VALID,OK,
563,UTHR,Stock,NasdaqGS,NasdaqGS,,APP_ONLY,Drugs,,United Therapeutics Corporation,USD,APP_CURRENT,VALID,OK,
564,PRU,Stock,NYSE,NYSE,,APP_ONLY,Possible; S&P 500-7,,"Prudential Financial, Inc.",USD,APP_CURRENT,VALID,OK,
565,USB,Stock,NYSE,NYSE,,APP_ONLY,S&P 500-7,,U.S. Bancorp,USD,APP_CURRENT,VALID,OK,
566,SCHW,Stock,NYSE,NYSE,,APP_ONLY,S&P 500-7; XLF Top 10,,The Charles Schwab Corporation,USD,APP_CURRENT,VALID,OK,
567,^TA125.TA,Index,Tel Aviv,Tel Aviv,Global,BOTH,Europe Indices,Global,TA-125,ILS,ALL_EXCHANGES,VALID,OK,
568,NAN,Stock,NYSE,NYSE,,APP_ONLY,Nuveen,,Nuveen New York Quality Municipal Income Fund,USD,APP_CURRENT,VALID,OK,
569,XPDIX,Mutual Fund,Nasdaq,Nasdaq,Global; US,BOTH,ON DECK,Global; US,PIMCO Dynamic Income Fund,USD,ALL_EXCHANGES,VALID,NONBLOCKING_METADATA_VARIANT,Source rows contain differing descriptive metadata; symbol itself is unchanged.
570,NEA,Stock,NYSE,NYSE,,APP_ONLY,Nuveen,,Nuveen AMT-Free Quality Municipal Income Fund,USD,APP_CURRENT,VALID,OK,
571,XNACX,Mutual Fund,Nasdaq,Nasdaq,Global; US,BOTH,ON DECK,Global; US,Nuveen California Quality Municipal Income Fund,USD,ALL_EXCHANGES,VALID,NONBLOCKING_METADATA_VARIANT,Source rows contain differing descriptive metadata; symbol itself is unchanged.
572,MHF,Stock,NYSE,NYSE,,APP_ONLY,MUNIs 407,,Western Asset Municipal High Income Fund Inc.,USD,APP_CURRENT,VALID,OK,
573,NMS,Stock,NYSE,NYSE,,APP_ONLY,Nuveen,,Nuveen Minnesota Quality Municipal Income Fund,USD,APP_CURRENT,VALID,OK,
574,HRL,Stock,NYSE,NYSE,,APP_ONLY,Div Aristocrats; S&P 500-7,,Hormel Foods Corporation,USD,APP_CURRENT,VALID,OK,
575,MHD,Stock,NYSE,NYSE,,APP_ONLY,MUNIs 407,,"BlackRock MuniHoldings Fund, Inc.",USD,APP_CURRENT,VALID,OK,
576,MET,Stock,NYSE,NYSE,,APP_ONLY,S&P 500-7,,"MetLife, Inc.",USD,APP_CURRENT,VALID,OK,
577,ED,Stock,NYSE,NYSE,,APP_ONLY,Div Aristocrats; S&P 500-7,,"Consolidated Edison, Inc.",USD,APP_CURRENT,VALID,OK,
578,FTBFX,Mutual Fund,NASDAQ,NASDAQ,,APP_ONLY,Fidelity Funds,,Fidelity Total Bond Fund,USD,APP_CURRENT,VALID,OK,
579,ABIMX,Mutual Fund,NASDAQ,NASDAQ,,APP_ONLY,MUNIs 407,,AB Impact Municipal Income,USD,APP_CURRENT,VALID,OK,
580,EIM,Stock,NYSE,NYSE,US,BOTH,MUNIs 407,US,Eaton Vance Municipal Bond Fund,USD,ALL_EXCHANGES,VALID,NONBLOCKING_METADATA_VARIANT,Source rows contain differing descriptive metadata; symbol itself is unchanged.
581,FADMX,Mutual Fund,NASDAQ,NASDAQ,,APP_ONLY,Fidelity Funds,,Fidelity Strategic Income,USD,APP_CURRENT,VALID,OK,
582,PML,Stock,NYSE,NYSE,,APP_ONLY,PIMCO,,PIMCO Municipal Income Fund II,USD,APP_CURRENT,VALID,OK,
583,IAUI,ETF,Cboe US,Cboe US,,APP_ONLY,Div Aristocrats,,NEOS Gold High Income ETF,USD,APP_CURRENT,VALID,OK,
584,SDZ.SW,Stock,Swiss,Swiss,Global,BOTH,Drugs,Global,Sandoz Group AG,CHF,ALL_EXCHANGES,VALID,OK,
585,MMD,Stock,NYSE,NYSE,,APP_ONLY,MUNIs 407,,NYLI MacKay DefinedTerm Muni Opportunities Fund,USD,APP_CURRENT,VALID,OK,
586,^KLSE,Index,Kuala Lumpur,Kuala Lumpur,,APP_ONLY,Asian Indices,,FTSE Bursa Malaysia KLCI,MYR,APP_CURRENT,VALID,OK,
587,PMFLX,Mutual Fund,NASDAQ,NASDAQ,,APP_ONLY,MUNIs 407,,PIMCO Flexible Municipal Income Fund,USD,APP_CURRENT,VALID,OK,
588,BLK,Stock,NYSE,NYSE,,APP_ONLY,S&P 500-7; XLF Top 10,,"BlackRock, Inc.",USD,APP_CURRENT,VALID,OK,
589,MCK,Stock,NYSE,NYSE,,APP_ONLY,S&P 500-7,,McKesson Corporation,USD,APP_CURRENT,VALID,OK,
590,VTRS,Stock,NasdaqGS,NasdaqGS,,APP_ONLY,Drugs; S&P 500-7,,Viatris Inc.,USD,APP_CURRENT,VALID,OK,
591,CMF,ETF,NYSEArca,NYSEArca,,APP_ONLY,BlackRock; MUNIs CA 70,,iShares California Muni Bond ETF,USD,APP_CURRENT,VALID,OK,
592,NCHRX,Mutual Fund,NASDAQ,NASDAQ,,APP_ONLY,MUNIs CA 70,,Nuveen CA High Yield Municipal Bond I,USD,APP_CURRENT,VALID,OK,
593,VLO,Stock,NYSE,NYSE,,APP_ONLY,S&P 500-7,,Valero Energy Corporation,USD,APP_CURRENT,VALID,OK,
594,IBND,ETF,NYSEArca,NYSEArca,,APP_ONLY,ETFs - Bonds,,SPDR Bloomberg International Corporate Bond ETF,USD,APP_CURRENT,VALID,OK,
595,LLOY.L,Stock,London,London,,APP_ONLY,Finance,,Lloyds Banking Group plc,GBX,APP_CURRENT,VALID,OK,
596,IFF,Stock,NYSE,NYSE,,APP_ONLY,S&P 500-7,,International Flavors & Fragrances Inc.,USD,APP_CURRENT,VALID,OK,
597,BTF,ETF,NASDAQ,NASDAQ,,APP_ONLY,ETFs - Currency,,CoinShares Bitcoin and Ether ETF,USD,APP_CURRENT,VALID,OK,
598,FOX,Stock,NasdaqGS,NasdaqGS,US,BOTH,S&P 500-7,US,Fox Corporation,USD,ALL_EXCHANGES,VALID,OK,
599,HYD,ETF,Cboe US,Cboe US,,APP_ONLY,MUNIs 407,,VanEck High Yield Muni ETF,USD,APP_CURRENT,VALID,OK,
600,^BUK100P,Index,Stuttgart,Stuttgart,,APP_ONLY,Europe Indices,,Cboe UK 100,GBP,APP_CURRENT,VALID,OK,
601,DECK,Stock,NYSE,NYSE,,APP_ONLY,S&P 500-7,,Deckers Outdoor Corporation,USD,APP_CURRENT,VALID,OK,
602,BXP,Stock,NYSE,NYSE,,APP_ONLY,S&P 500-7,,"BXP, Inc.",USD,APP_CURRENT,VALID,OK,
603,MCFTX,Mutual Fund,NASDAQ,NASDAQ,,APP_ONLY,MUNIs CA 70,,MFS California Municipal Bond Fund,USD,APP_CURRENT,VALID,OK,
604,FMINX,Mutual Fund,Nasdaq,Nasdaq,,APP_ONLY,MUNIs 407,,Franklin MN Tax-Free Inc A1,USD,APP_CURRENT,VALID,OK,
605,FNMIX,Mutual Fund,Nasdaq,Nasdaq,Global,BOTH,Fidelity Funds,Global,Fidelity New Markets Income,USD,ALL_EXCHANGES,VALID,NONBLOCKING_METADATA_VARIANT,Source rows contain differing descriptive metadata; symbol itself is unchanged.
606,NUW,Stock,NYSE,NYSE,,APP_ONLY,Nuveen,,Nuveen AMT-Free Municipal Value Fund,USD,APP_CURRENT,VALID,OK,
607,LW,Stock,NYSE,NYSE,,APP_ONLY,S&P 500 -; S&P 500-7,,"Lamb Weston Holdings, Inc.",USD,APP_CURRENT,VALID,OK,
608,MQY,Stock,NYSE,NYSE,,APP_ONLY,MUNIs 407,,"BlackRock MuniYield Quality Fund, Inc.",USD,APP_CURRENT,VALID,OK,
609,GEN,Stock,NasdaqGS,NasdaqGS,,APP_ONLY,S&P 500-7,,Gen Digital Inc.,USD,APP_CURRENT,VALID,OK,
610,RMUNX,Mutual Fund,NASDAQ,NASDAQ,,APP_ONLY,MUNIs 407,,Invesco Rochester New York Municipals A,USD,APP_CURRENT,VALID,OK,
611,EASCX,Mutual Fund,NASDAQ,NASDAQ,,APP_ONLY,MUNIs 407,,Eaton Vance South Carolina Municipal Income Fund,USD,APP_CURRENT,VALID,OK,
612,SLMMX,Mutual Fund,Nasdaq,Nasdaq,,APP_ONLY,MUNIs 407,,Western Asset Massachusetts Muni A,USD,APP_CURRENT,VALID,OK,
613,FRPAX,Mutual Fund,NASDAQ,NASDAQ,,APP_ONLY,MUNIs 407,,Franklin PA Tax-Free Income A1,USD,APP_CURRENT,VALID,OK,
614,COLTX,Mutual Fund,NASDAQ,NASDAQ,,APP_ONLY,MUNIs 407,,Columbia Total Return Muncpl Inc A,USD,APP_CURRENT,VALID,OK,
615,SNTIX,Mutual Fund,Nasdaq,Nasdaq,,APP_ONLY,MUNIs 407,,Sit Tax-Free Income,USD,APP_CURRENT,VALID,OK,
616,SWHYX,Mutual Fund,NASDAQ,NASDAQ,,APP_ONLY,MUNIs 407,,Schwab Opportunistic Municipal Bond,USD,APP_CURRENT,VALID,OK,
617,IGOV,ETF,NASDAQ,NASDAQ,,APP_ONLY,ETFs - Bonds,,iShares International Treasury Bond ETF,USD,APP_CURRENT,VALID,OK,
618,SBLTX,Mutual Fund,Nasdaq,Nasdaq,,APP_ONLY,MUNIs 407,,Western Asset Intermediate-Term Muni A,USD,APP_CURRENT,VALID,OK,
619,SO,Stock,NYSE,NYSE,,APP_ONLY,S&P 500-7,,The Southern Company,USD,APP_CURRENT,VALID,OK,
620,FXCTX,Mutual Fund,Nasdaq,Nasdaq,,APP_ONLY,MUNIs 407,,Franklin CT Tax-Free Income A1,USD,APP_CURRENT,VALID,OK,
621,000001.SS,Index,Shanghai,Shanghai,Global,BOTH,Asian Indices,Global,SSE Composite Index,CNY,ALL_EXCHANGES,VALID,OK,
622,FIJBX,Mutual Fund,NASDAQ,NASDAQ,,APP_ONLY,MUNIs CA 70,,Fidelity Advisor California Muni Inc Z,USD,APP_CURRENT,VALID,OK,
623,NFLX,Stock,NasdaqGS,NasdaqGS,,APP_ONLY,Media; NASDAQ 100-8; S&P 500-7,,"Netflix, Inc.",USD,APP_CURRENT,VALID,NONBLOCKING_METADATA_VARIANT,Source rows contain differing descriptive metadata; symbol itself is unchanged.
624,ISHG,ETF,NASDAQ,NASDAQ,,APP_ONLY,ETFs - Bonds,,iShares 1-3 Year International Treasury Bond ETF,USD,APP_CURRENT,VALID,OK,
625,TKO,Stock,NYSE,NYSE,,APP_ONLY,S&P 500-7,,"TKO Group Holdings, Inc.",USD,APP_CURRENT,VALID,OK,
626,OLCAX,Mutual Fund,NASDAQ,NASDAQ,,APP_ONLY,MUNIs CA 70,,Invesco Limited Term CA Municipal A,USD,APP_CURRENT,VALID,OK,
627,PFMIX,Mutual Fund,NASDAQ,NASDAQ,,APP_ONLY,MUNIs 407,,PIMCO Municipal Bond Fund,USD,APP_CURRENT,VALID,OK,
628,MFALX,Mutual Fund,Nasdaq,Nasdaq,,APP_ONLY,MUNIs 407,,MFS AL Municipal Bond A,USD,APP_CURRENT,VALID,OK,
629,^N225,Index,Osaka,Osaka,Global,BOTH,Asian Indices,Global,Nikkei 225,JPY,ALL_EXCHANGES,VALID,OK,
630,MSCVX,Mutual Fund,NASDAQ,NASDAQ,,APP_ONLY,MUNIs CA 70,,NYLI MacKay California Muni Investor Cl,USD,APP_CURRENT,VALID,OK,
631,NTNYX,Mutual Fund,NASDAQ,NASDAQ,,APP_ONLY,MUNIs 407,,Nuveen New York Municipal Bond Fund,USD,APP_CURRENT,VALID,OK,
632,SMTFX,Mutual Fund,Nasdaq,Nasdaq,,APP_ONLY,MUNIs 407,,Sit MN Tax-Free Income,USD,APP_CURRENT,VALID,OK,
633,FNMTX,Mutual Fund,Nasdaq,Nasdaq,,APP_ONLY,MUNIs 407,,Nuveen NM Municipal Bond A,USD,APP_CURRENT,VALID,OK,
634,FGATX,Mutual Fund,Nasdaq,Nasdaq,,APP_ONLY,MUNIs 407,,Nuveen GA Municipal Bond A,USD,APP_CURRENT,VALID,OK,
635,MEDP,Stock,NasdaqGS,NasdaqGS,,APP_ONLY,Drugs,,"Medpace Holdings, Inc.",USD,APP_CURRENT,VALID,OK,
636,ADP,Stock,NasdaqGS,NasdaqGS,,APP_ONLY,Div Aristocrats; NASDAQ 100-8; S&P 500-7,,"Automatic Data Processing, Inc.",USD,APP_CURRENT,VALID,OK,
637,IMNTX,Mutual Fund,Nasdaq,Nasdaq,,APP_ONLY,MUNIs 407,,Columbia Minnesota Tax-Exempt A,USD,APP_CURRENT,VALID,OK,
638,FXIEX,Mutual Fund,NASDAQ,NASDAQ,,APP_ONLY,MUNIs 407,,PIMCO Fixed Income SHares TE,USD,APP_CURRENT,VALID,OK,
639,NMMDX,Mutual Fund,NASDAQ,NASDAQ,,APP_ONLY,MUNIs 407,,Nuveen Maryland Municipal Bond Fund,USD,APP_CURRENT,VALID,OK,
640,TACAX,Mutual Fund,NASDAQ,NASDAQ,,APP_ONLY,MUNIs CA 70,,JHancock CA Municipal Bond A,USD,APP_CURRENT,VALID,OK,
641,FASNX,Mutual Fund,Nasdaq,Nasdaq,,APP_ONLY,MUNIs 407,,Fidelity Advisor Sust Interm Muni Inc C,USD,APP_CURRENT,VALID,OK,
642,WMKMX,Mutual Fund,Nasdaq,Nasdaq,,APP_ONLY,MUNIs 407,,WesMark WV Municipal Bond,USD,APP_CURRENT,VALID,OK,
643,KCTAX,Mutual Fund,NASDAQ,NASDAQ,,APP_ONLY,MUNIs CA 70,,DWS California Tax-Free Income A,USD,APP_CURRENT,VALID,OK,
644,DVMHX,Mutual Fund,NASDAQ,NASDAQ,,APP_ONLY,MUNIs 407,,Nomura MN High-Yield Muni Bd A,USD,APP_CURRENT,VALID,OK,
645,CLMPX,Mutual Fund,NASDAQ,NASDAQ,,APP_ONLY,MUNIs CA 70,,Columbia Strat CA Muncpl Inc A,USD,APP_CURRENT,VALID,OK,
646,INSM,Stock,NasdaqGS,NasdaqGS,,APP_ONLY,Drugs; NASDAQ 100-8,,Insmed Incorporated,USD,APP_CURRENT,VALID,OK,
647,OPATX,Mutual Fund,NASDAQ,NASDAQ,,APP_ONLY,MUNIs 407,,Invesco Pennsylvania Municipal A,USD,APP_CURRENT,VALID,OK,
648,NCSPX,Mutual Fund,NASDAQ,NASDAQ,,APP_ONLY,MUNIs CA 70; SOLD,,Nuveen CA Municipal Bond I,USD,APP_CURRENT,VALID,OK,
649,CAILX,Mutual Fund,NASDAQ,NASDAQ,,APP_ONLY,MUNIs CA 70,,Lord Abbett California Tax Free I,USD,APP_CURRENT,VALID,OK,
650,MSNYX,Mutual Fund,NASDAQ,NASDAQ,,APP_ONLY,MUNIs 407,,MFS NY Municipal Bond A,USD,APP_CURRENT,VALID,OK,
651,NDMO,Stock,NYSE,NYSE,,APP_ONLY,Nuveen,,Nuveen Dynamic Municipal Opportunities Fund,USD,APP_CURRENT,VALID,OK,
652,SPMFX,Mutual Fund,NASDAQ,NASDAQ,,APP_ONLY,MUNIs 407,,Symmetry Panoramic Municipal Fxd Inc I,USD,APP_CURRENT,VALID,OK,
653,TAFTX,Mutual Fund,NASDAQ,NASDAQ,,APP_ONLY,MUNIs CA 70,,American Funds Tax-Exempt Fund of CA A,USD,APP_CURRENT,VALID,OK,
654,TECFX,Mutual Fund,NASDAQ,NASDAQ,,APP_ONLY,MUNIs CA 70,,American Funds Tax-Exempt Fund of CA F1,USD,APP_CURRENT,VALID,OK,
655,FSAJX,Mutual Fund,Nasdaq,Nasdaq,,APP_ONLY,MUNIs 407,,Fidelity SAI Tax-Free Bond,USD,APP_CURRENT,VALID,OK,
656,EME,Stock,NYSE,NYSE,,APP_ONLY,S&P 500-7,,"EMCOR Group, Inc.",USD,APP_CURRENT,VALID,OK,
657,VMATX,Mutual Fund,NASDAQ,NASDAQ,,APP_ONLY,MUNIs 407,,Vanguard MA Tax-Exempt Inv,USD,APP_CURRENT,VALID,OK,
658,EACAX,Mutual Fund,NASDAQ,NASDAQ,,APP_ONLY,MUNIs CA 70,,Eaton Vance California Municipal Opportunities Fund,USD,APP_CURRENT,VALID,OK,
659,OPTAX,Mutual Fund,NASDAQ,NASDAQ,,APP_ONLY,MUNIs 407,,Invesco AMT-Free Municipal Inc A,USD,APP_CURRENT,VALID,OK,
660,FKLAX,Mutual Fund,NASDAQ,NASDAQ,,APP_ONLY,MUNIs 407,,Franklin Louisiana Tax Free Income A1,USD,APP_CURRENT,VALID,OK,
661,FAZTX,Mutual Fund,Nasdaq,Nasdaq,,APP_ONLY,MUNIs 407,,Nuveen Arizona Municipal Bond Fund,USD,APP_CURRENT,VALID,OK,
662,OPNYX,Mutual Fund,NASDAQ,NASDAQ,,APP_ONLY,MUNIs 407,,Invesco Rochester AMT-Free NY Mncpl A,USD,APP_CURRENT,VALID,OK,
663,FCAVX,Mutual Fund,NASDAQ,NASDAQ,,APP_ONLY,MUNIs CA 70,,Franklin California Tax Free Income Fund,USD,APP_CURRENT,VALID,OK,
664,FKTFX,Mutual Fund,NASDAQ,NASDAQ,,APP_ONLY,MUNIs CA 70,,Franklin CA Tax Free Income A1,USD,APP_CURRENT,VALID,OK,
665,DMTFX,Mutual Fund,NASDAQ,NASDAQ,,APP_ONLY,MUNIs 407,,Nomura Tax-Free USA A,USD,APP_CURRENT,VALID,OK,
666,FRALX,Mutual Fund,Nasdaq,Nasdaq,,APP_ONLY,MUNIs 407,,Franklin Alabama Tax Free Income A1,USD,APP_CURRENT,VALID,OK,
667,MFSSX,Mutual Fund,Nasdaq,Nasdaq,,APP_ONLY,MUNIs 407,,MFS MA Municipal Bond A,USD,APP_CURRENT,VALID,OK,
668,MFWVX,Mutual Fund,Nasdaq,Nasdaq,,APP_ONLY,MUNIs 407,,MFS WV Municipal Bond A,USD,APP_CURRENT,VALID,OK,
669,FASJX,Mutual Fund,Nasdaq,Nasdaq,,APP_ONLY,MUNIs 407,,Fidelity Advisor Sust Interm Muni Inc A,USD,APP_CURRENT,VALID,OK,
670,FASLX,Mutual Fund,Nasdaq,Nasdaq,,APP_ONLY,MUNIs 407,,Fidelity Advisor Sust Interm Muni Inc M,USD,APP_CURRENT,VALID,OK,
671,FPNTX,Mutual Fund,Nasdaq,Nasdaq,,APP_ONLY,MUNIs 407,,Nuveen PA Municipal Bond A,USD,APP_CURRENT,VALID,OK,
672,FVATX,Mutual Fund,NASDAQ,NASDAQ,,APP_ONLY,MUNIs 407,,Nuveen VA Municipal Bond A,USD,APP_CURRENT,VALID,OK,
673,MUA,Stock,NYSE,NYSE,,APP_ONLY,MUNIs 407; SOLD,,"BlackRock MuniAssets Fund, Inc.",USD,APP_CURRENT,VALID,NONBLOCKING_METADATA_VARIANT,Source rows contain differing descriptive metadata; symbol itself is unchanged.
674,FZIIX,Mutual Fund,Nasdaq,Nasdaq,,APP_ONLY,MUNIs 407,,Fidelity Advisor Interm Muni Inc I,USD,APP_CURRENT,VALID,OK,
675,SMAAX,Mutual Fund,Nasdaq,Nasdaq,,APP_ONLY,MUNIs 407,,SEI Massachusetts Municipal Bd F (STET),USD,APP_CURRENT,VALID,OK,
676,MSVAX,Mutual Fund,Nasdaq,Nasdaq,,APP_ONLY,MUNIs 407,,MFS VA Municipal Bond A,USD,APP_CURRENT,VALID,OK,
677,LISAX,Mutual Fund,Nasdaq,Nasdaq,,APP_ONLY,MUNIs 407,,Lord Abbett Intermediate Tax Free Fund,USD,APP_CURRENT,VALID,OK,
678,FTHRX,Mutual Fund,Nasdaq,Nasdaq,Global; US,BOTH,Fidelity Funds,Global; US,Fidelity Intermediate Bond,USD,ALL_EXCHANGES,VALID,NONBLOCKING_METADATA_VARIANT,Source rows contain differing descriptive metadata; symbol itself is unchanged.
679,FRNJX,Mutual Fund,Nasdaq,Nasdaq,,APP_ONLY,MUNIs 407,,Franklin NJ Tax Free Income A1,USD,APP_CURRENT,VALID,OK,
680,VCTFX,Mutual Fund,NASDAQ,NASDAQ,,APP_ONLY,MUNIs 407,,Nomura Tax-Free CO A,USD,APP_CURRENT,VALID,OK,
681,PNI,Stock,NYSE,NYSE,,APP_ONLY,PIMCO,,PIMCO New York Municipal Income Fund II,USD,APP_CURRENT,VALID,OK,
682,FNJZX,Mutual Fund,Nasdaq,Nasdaq,,APP_ONLY,MUNIs 407,,Franklin NJ Tax Free Income Adv,USD,APP_CURRENT,VALID,OK,
683,FTNYX,Mutual Fund,NASDAQ,NASDAQ,,APP_ONLY,MUNIs 407,,Nomura Tax-Free New York A,USD,APP_CURRENT,VALID,OK,
684,LANSX,Mutual Fund,NASDAQ,NASDAQ,,APP_ONLY,MUNIs 407,,Lord Abbett National Tax Free A,USD,APP_CURRENT,VALID,OK,
685,CCCMX,Mutual Fund,NASDAQ,NASDAQ,,APP_ONLY,MUNIs CA 70,,Capital Group CA Core Municipal,USD,APP_CURRENT,VALID,OK,
686,FRMOX,Mutual Fund,NASDAQ,NASDAQ,,APP_ONLY,MUNIs 407,,Franklin MO Tax Free Income A1,USD,APP_CURRENT,VALID,OK,
687,VIDAX,Mutual Fund,NASDAQ,NASDAQ,,APP_ONLY,MUNIs 407,,Nomura Tax-Free Idaho A,USD,APP_CURRENT,VALID,OK,
688,JLS,Stock,NYSE,NYSE,,APP_ONLY,Nuveen,,Nuveen Mortgage and Income Fund,USD,APP_CURRENT,VALID,OK,
689,FXNCX,Mutual Fund,Nasdaq,Nasdaq,,APP_ONLY,MUNIs 407,,Franklin NC Tax-Free Income A1,USD,APP_CURRENT,VALID,OK,
690,FPXTX,Mutual Fund,NASDAQ,NASDAQ,,APP_ONLY,Fidelity Funds,,Fidelity Pennsylvania Municipal Income,USD,APP_CURRENT,VALID,OK,
691,LANYX,Mutual Fund,NASDAQ,NASDAQ,,APP_ONLY,MUNIs 407,,Lord Abbett New York Tax Free A,USD,APP_CURRENT,VALID,OK,
692,FTLAX,Mutual Fund,Nasdaq,Nasdaq,,APP_ONLY,MUNIs 407,,Nuveen LA Municipal Bond A,USD,APP_CURRENT,VALID,OK,
693,FTGAX,Mutual Fund,Nasdaq,Nasdaq,,APP_ONLY,MUNIs 407,,Franklin Georgia Tax Free Income A1,USD,APP_CURRENT,VALID,OK,
694,FOHTX,Mutual Fund,Nasdaq,Nasdaq,,APP_ONLY,MUNIs 407,,Nuveen OH Municipal Bond A,USD,APP_CURRENT,VALID,OK,
695,PCTIX,Mutual Fund,NASDAQ,NASDAQ,,APP_ONLY,PIMCO,,PIMCO California Municipal Bond Fund,USD,APP_CURRENT,VALID,OK,
696,PMBAX,Mutual Fund,Nasdaq,Nasdaq,,APP_ONLY,MUNIs 407,,JPMorgan Tax Free Bond A,USD,APP_CURRENT,VALID,OK,
697,SJNK,ETF,NYSEArca,NYSEArca,,APP_ONLY,Dividends,,State Street SPDR Bloomberg Short Term High Yield Bond ETF,USD,APP_CURRENT,VALID,OK,
698,PRNYX,Mutual Fund,Nasdaq,Nasdaq,,APP_ONLY,MUNIs 407,,T. Rowe Price New York Municipal Bond,USD,APP_CURRENT,VALID,OK,
699,HYMB,ETF,NYSEArca,NYSEArca,,APP_ONLY,MUNIs 407,,State Street SPDR Nuveen ICE High Yield Municipal Bond ETF,USD,APP_CURRENT,VALID,OK,
700,FKTIX,Mutual Fund,NASDAQ,NASDAQ,,APP_ONLY,MUNIs 407,,Franklin Federal Tax Free Income A1,USD,APP_CURRENT,VALID,OK,
701,PRXCX,Mutual Fund,NASDAQ,NASDAQ,,APP_ONLY,MUNIs CA 70,,T. Rowe Price California Tax-Free Bond,USD,APP_CURRENT,VALID,OK,
702,VPAIX,Mutual Fund,NASDAQ,NASDAQ,,APP_ONLY,MUNIs 407,,Vanguard PA Long-Term Tax-Exempt Inv,USD,APP_CURRENT,VALID,OK,
703,VPALX,Mutual Fund,NASDAQ,NASDAQ,,APP_ONLY,MUNIs 407,,Vanguard PA Long-Term Tax-Exempt Adm,USD,APP_CURRENT,VALID,OK,
704,DELIX,Mutual Fund,NASDAQ,NASDAQ,,APP_ONLY,MUNIs 407,,Nomura Tax-Free Pennsylvania A,USD,APP_CURRENT,VALID,OK,
705,MSNCX,Mutual Fund,Nasdaq,Nasdaq,,APP_ONLY,MUNIs 407,,MFS NC Municipal Bond A,USD,APP_CURRENT,VALID,OK,
706,DVTAX,Mutual Fund,NASDAQ,NASDAQ,,APP_ONLY,MUNIs CA 70,,Nomura Tax-Free California A,USD,APP_CURRENT,VALID,OK,
707,FBNDX,Mutual Fund,NASDAQ,NASDAQ,,APP_ONLY,Fidelity Funds,,Fidelity Investment Grade Bond Fund,USD,APP_CURRENT,VALID,OK,
708,VWLTX,Mutual Fund,NASDAQ,NASDAQ,,APP_ONLY,MUNIs 407,,Vanguard Long-Term Tax-Exempt,USD,APP_CURRENT,VALID,OK,
709,VWLUX,Mutual Fund,NASDAQ,NASDAQ,,APP_ONLY,MUNIs 407,,Vanguard Long-Term Tax-Exempt Adm,USD,APP_CURRENT,VALID,OK,
710,VNYTX,Mutual Fund,NASDAQ,NASDAQ,,APP_ONLY,MUNIs 407,,Vanguard NY Long-Term Tax-Exempt Inv,USD,APP_CURRENT,VALID,OK,
711,VNYUX,Mutual Fund,NASDAQ,NASDAQ,,APP_ONLY,MUNIs 407,,Vanguard NY Long-Term Tax-Exempt Adm,USD,APP_CURRENT,VALID,OK,
712,CPT,Stock,NYSE,NYSE,,APP_ONLY,S&P 500-7,,Camden Property Trust,USD,APP_CURRENT,VALID,OK,
713,MYI,Stock,NYSE,NYSE,,APP_ONLY,MUNIs 407,,"BlackRock MuniYield Quality Fund III, Inc.",USD,APP_CURRENT,VALID,OK,
714,ETVAX,Mutual Fund,Nasdaq,Nasdaq,,APP_ONLY,MUNIs 407,,Eaton Vance VA Municipal Income A,USD,APP_CURRENT,VALID,OK,
715,SMDMX,Mutual Fund,Nasdaq,Nasdaq,,APP_ONLY,MUNIs 407,,Fidelity Maryland Municipal Income,USD,APP_CURRENT,VALID,OK,
716,GTFBX,Mutual Fund,Nasdaq,Nasdaq,,APP_ONLY,MUNIs 407,,T. Rowe Price Georgia Municipal Bond,USD,APP_CURRENT,VALID,OK,
717,INTAX,Mutual Fund,NASDAQ,NASDAQ,,APP_ONLY,MUNIs 407,,Columbia Strategic Municipal Inc A,USD,APP_CURRENT,VALID,OK,
718,BIDAX,Mutual Fund,Nasdaq,Nasdaq,,APP_ONLY,MUNIs 407,,iShares Municipal Bond Index Fund,USD,APP_CURRENT,VALID,OK,
719,FIX,Stock,NYSE,NYSE,,APP_ONLY,S&P 500-7,,"Comfort Systems USA, Inc.",USD,APP_CURRENT,VALID,OK,
720,SWCAX,Mutual Fund,NASDAQ,NASDAQ,,APP_ONLY,MUNIs CA 70,,Schwab CA Tax-Free Bond,USD,APP_CURRENT,VALID,OK,
721,FTABX,Mutual Fund,NASDAQ,NASDAQ,,APP_ONLY,Fidelity Funds,,Fidelity Tax-Free Bond,USD,APP_CURRENT,VALID,OK,
722,COLNX,Mutual Fund,NASDAQ,NASDAQ,,APP_ONLY,MUNIs 407,,Columbia Strat New York Muncpl Inc A,USD,APP_CURRENT,VALID,OK,
723,MFSCX,Mutual Fund,Nasdaq,Nasdaq,,APP_ONLY,MUNIs 407,,MFS SC Municipal Bond A,USD,APP_CURRENT,VALID,OK,
724,DEFFX,Mutual Fund,NASDAQ,NASDAQ,,APP_ONLY,MUNIs 407,,Nomura Tax-Free Minnesota A,USD,APP_CURRENT,VALID,OK,
725,AMP,Stock,NYSE,NYSE,,APP_ONLY,S&P 500-7,,"Ameriprise Financial, Inc.",USD,APP_CURRENT,VALID,OK,
726,SEIMX,Mutual Fund,Nasdaq,Nasdaq,,APP_ONLY,MUNIs 407,,SEI Intermediate-Term Municipal F (STET),USD,APP_CURRENT,VALID,OK,
727,FIMIX,Mutual Fund,NASDAQ,NASDAQ,,APP_ONLY,Fidelity Funds,,Fidelity Minnesota Municipal Income,USD,APP_CURRENT,VALID,OK,
728,CFMOX,Mutual Fund,Nasdaq,Nasdaq,,APP_ONLY,MUNIs 407,,Commerce MO Tax-Free Int Bd,USD,APP_CURRENT,VALID,OK,
729,SHMMX,Mutual Fund,Nasdaq,Nasdaq,,APP_ONLY,MUNIs 407,,Western Asset Managed Municipals A,USD,APP_CURRENT,VALID,OK,
730,PRINX,Mutual Fund,Nasdaq,Nasdaq,,APP_ONLY,MUNIs 407,,T. Rowe Price Core Plus Municipal Bd Inv,USD,APP_CURRENT,VALID,OK,
731,CFNLX,Mutual Fund,NASDAQ,NASDAQ,,APP_ONLY,MUNIs 407,,Commerce Natl Tax Free Interm Bd,USD,APP_CURRENT,VALID,OK,
732,FTOIX,Mutual Fund,NASDAQ,NASDAQ,,APP_ONLY,MUNIs 407,,Franklin OH Tax-Free Inc A1,USD,APP_CURRENT,VALID,OK,
733,NJTFX,Mutual Fund,Nasdaq,Nasdaq,,APP_ONLY,MUNIs 407,,T. Rowe Price New Jersey Municipal Bond,USD,APP_CURRENT,VALID,OK,
734,VCITX,Mutual Fund,NASDAQ,NASDAQ,,APP_ONLY,MUNIs CA 70,,Vanguard California Long Term Tax Exempt Fund,USD,APP_CURRENT,VALID,OK,
735,VCLAX,Mutual Fund,NASDAQ,NASDAQ,,APP_ONLY,MUNIs CA 70,,Vanguard California Long Term Tax Exempt Fund,USD,APP_CURRENT,VALID,OK,
736,GWMIX,Mutual Fund,Nasdaq,Nasdaq,,APP_ONLY,MUNIs 407,,AMG GW&K Municipal Bond I,USD,APP_CURRENT,VALID,OK,
737,CATF,ETF,NYSEArca,NYSEArca,,APP_ONLY,MUNIs CA 70,,American Century California Municipal Bond ETF,USD,APP_CURRENT,VALID,OK,
738,CTTLX,Mutual Fund,Nasdaq,Nasdaq,,APP_ONLY,MUNIs 407,,Calvert Responsible Municipal Income A,USD,APP_CURRENT,VALID,OK,
739,ETPAX,Mutual Fund,NASDAQ,NASDAQ,,APP_ONLY,MUNIs 407,,Eaton Vance PA Municipal Income A,USD,APP_CURRENT,VALID,OK,
740,FOHFX,Mutual Fund,NASDAQ,NASDAQ,,APP_ONLY,Fidelity Funds,,Fidelity Ohio Municipal Income,USD,APP_CURRENT,VALID,OK,
741,FSAZX,Mutual Fund,Nasdaq,Nasdaq,,APP_ONLY,MUNIs 407,,Fidelity Arizona Municipal Income,USD,APP_CURRENT,VALID,OK,
742,FMHTX,Mutual Fund,NASDAQ,NASDAQ,,APP_ONLY,Fidelity Funds,,Fidelity Michigan Municipal Income,USD,APP_CURRENT,VALID,OK,
743,VOHIX,Mutual Fund,NASDAQ,NASDAQ,,APP_ONLY,MUNIs 407,,Vanguard OH Long-Term Tax-Exempt,USD,APP_CURRENT,VALID,OK,
744,EIMAX,Mutual Fund,NASDAQ,NASDAQ,,APP_ONLY,MUNIs 407,,Eaton Vance MA Municipal Income I,USD,APP_CURRENT,VALID,OK,
745,VKMMX,Mutual Fund,NASDAQ,NASDAQ,,APP_ONLY,MUNIs 407,,Invesco Municipal Income A,USD,APP_CURRENT,VALID,OK,
746,DRNJX,Mutual Fund,Nasdaq,Nasdaq,,APP_ONLY,MUNIs 407,,"BNY Mellon New Jersey Municipal Bond Fund, Inc.",USD,APP_CURRENT,VALID,OK,
747,OPCAX,Mutual Fund,NASDAQ,NASDAQ,,APP_ONLY,MUNIs CA 70,,Invesco California Municipal A,USD,APP_CURRENT,VALID,OK,
748,SBPAX,Mutual Fund,Nasdaq,Nasdaq,,APP_ONLY,MUNIs 407,,Western Asset Pennsylvania Municipals A,USD,APP_CURRENT,VALID,OK,
749,CRH,Stock,NYSE,NYSE,,APP_ONLY,S&P 500-7,,CRH plc,USD,APP_CURRENT,VALID,OK,
750,ETORX,Mutual Fund,Nasdaq,Nasdaq,,APP_ONLY,MUNIs 407,,Eaton Vance OR Municipal Income A,USD,APP_CURRENT,VALID,OK,
751,MTLFX,Mutual Fund,Nasdaq,Nasdaq,,APP_ONLY,MUNIs 407,,MFS Municipal Limited Maturity A,USD,APP_CURRENT,VALID,OK,
752,FTORX,Mutual Fund,NASDAQ,NASDAQ,,APP_ONLY,MUNIs 407,,Nomura Tax-Free Oregon A,USD,APP_CURRENT,VALID,OK,
753,ETGAX,Mutual Fund,Nasdaq,Nasdaq,,APP_ONLY,MUNIs 407,,Eaton Vance GA Municipal Income A,USD,APP_CURRENT,VALID,OK,
754,AVB,Stock,NYSE,NYSE,,APP_ONLY,S&P 500-7,,"AvalonBay Communities, Inc.",USD,APP_CURRENT,VALID,OK,
755,RDY,Stock,NYSE,NYSE,,APP_ONLY,Drugs,,Dr. Reddy's Laboratories Limited,USD,APP_CURRENT,VALID,OK,
756,SFBDX,Mutual Fund,Nasdaq,Nasdaq,,APP_ONLY,MUNIs 407,,State Farm Municipal Bond Fund,USD,APP_CURRENT,VALID,OK,
757,EILTX,Mutual Fund,Nasdaq,Nasdaq,,APP_ONLY,MUNIs 407,,Parametric TABS 5 to15 Yr Lad Muni Bd I,USD,APP_CURRENT,VALID,OK,
758,FHUGX,Mutual Fund,Nasdaq,Nasdaq,,APP_ONLY,MUNIs 407,,Fidelity Advisor Municipal Income A,USD,APP_CURRENT,VALID,OK,
759,ITCAX,Mutual Fund,Nasdaq,Nasdaq,,APP_ONLY,MUNIs 407,,Western Asset Interm Maturity CA Muni A,USD,APP_CURRENT,VALID,OK,
760,FHIGX,Mutual Fund,NASDAQ,NASDAQ,,APP_ONLY,Fidelity Funds,,Fidelity Municipal Income,USD,APP_CURRENT,VALID,OK,
761,FIWEX,Mutual Fund,Nasdaq,Nasdaq,,APP_ONLY,MUNIs 407,,Fidelity Advisor Municipal Income Z,USD,APP_CURRENT,VALID,OK,
762,FKISX,Mutual Fund,Nasdaq,Nasdaq,,APP_ONLY,MUNIs 407,,Fidelity Advisor Municipal Income C,USD,APP_CURRENT,VALID,OK,
763,MMIBX,Mutual Fund,Nasdaq,Nasdaq,,APP_ONLY,MUNIs 407,,MFS Municipal Income B,USD,APP_CURRENT,VALID,OK,
764,FLUVX,Mutual Fund,Nasdaq,Nasdaq,,APP_ONLY,MUNIs 407,,Fidelity Advisor Municipal Income M,USD,APP_CURRENT,VALID,OK,
765,FCMKX,Mutual Fund,NASDAQ,NASDAQ,,APP_ONLY,MUNIs CA 70,,Fidelity Advisor California Muni Inc C,USD,APP_CURRENT,VALID,OK,
766,FCTFX,Mutual Fund,NASDAQ,NASDAQ,,APP_ONLY,MUNIs CA 70,,Fidelity California Municipal Income,USD,APP_CURRENT,VALID,OK,
767,FCMAX,Mutual Fund,NASDAQ,NASDAQ,,APP_ONLY,MUNIs CA 70,,Fidelity Advisor California Muni Inc A,USD,APP_CURRENT,VALID,OK,
768,ET,Stock,NYSE,NYSE,Global; US,BOTH,Energy,Global; US,Energy Transfer LP,USD,ALL_EXCHANGES,VALID,OK,
769,FCMQX,Mutual Fund,NASDAQ,NASDAQ,,APP_ONLY,MUNIs CA 70,,Fidelity Advisor California Muni Inc I,USD,APP_CURRENT,VALID,OK,
770,ETOHX,Mutual Fund,NASDAQ,NASDAQ,,APP_ONLY,MUNIs 407,,Eaton Vance OH Municipal Income A,USD,APP_CURRENT,VALID,OK,
771,FCMTX,Mutual Fund,NASDAQ,NASDAQ,,APP_ONLY,MUNIs CA 70,,Fidelity Advisor California Muni Inc M,USD,APP_CURRENT,VALID,OK,
772,FEMIX,Mutual Fund,Nasdaq,Nasdaq,,APP_ONLY,MUNIs 407,,Fidelity Advisor NY Municipal Inc I,USD,APP_CURRENT,VALID,OK,
773,FIJAX,Mutual Fund,Nasdaq,Nasdaq,,APP_ONLY,MUNIs 407,,Fidelity Advisor NY Municipal Inc Z,USD,APP_CURRENT,VALID,OK,
774,FTFMX,Mutual Fund,NASDAQ,NASDAQ,,APP_ONLY,Fidelity Funds,,Fidelity New York Municipal Income,USD,APP_CURRENT,VALID,OK,
775,FNMAX,Mutual Fund,Nasdaq,Nasdaq,,APP_ONLY,MUNIs 407,,Fidelity Advisor NY Municipal Inc A,USD,APP_CURRENT,VALID,OK,
776,FNYCX,Mutual Fund,Nasdaq,Nasdaq,,APP_ONLY,MUNIs 407,,Fidelity Advisor NY Municipal Inc C,USD,APP_CURRENT,VALID,OK,
777,FNYPX,Mutual Fund,Nasdaq,Nasdaq,,APP_ONLY,MUNIs 407,,Fidelity Advisor NY Municipal Inc M,USD,APP_CURRENT,VALID,OK,
778,WTAIX,Mutual Fund,Nasdaq,Nasdaq,,APP_ONLY,MUNIs 407,,Wilmington Municipal Bond Instl,USD,APP_CURRENT,VALID,OK,
779,AFTEX,Mutual Fund,Nasdaq,Nasdaq,,APP_ONLY,MUNIs 407,,American Funds Tax-Exempt Bond A,USD,APP_CURRENT,VALID,OK,
780,XYLD,ETF,NYSEArca,NYSEArca,,APP_ONLY,Possible,,Global X S&P 500 Covered Call ETF,USD,APP_CURRENT,VALID,OK,
781,HHMIX,Mutual Fund,Nasdaq,Nasdaq,,APP_ONLY,MUNIs 407,,Hartford Municipal Opportunities I,USD,APP_CURRENT,VALID,OK,
782,ETMDX,Mutual Fund,Nasdaq,Nasdaq,,APP_ONLY,MUNIs 407,,Eaton Vance MD Municipal Income A,USD,APP_CURRENT,VALID,OK,
783,ETNCX,Mutual Fund,Nasdaq,Nasdaq,,APP_ONLY,MUNIs 407,,Eaton Vance NC Municipal Income A,USD,APP_CURRENT,VALID,OK,
784,JGH,Stock,NYSE,NYSE,,APP_ONLY,Nuveen,,Nuveen Global High Income Fund,USD,APP_CURRENT,VALID,OK,
785,TMUUX,Mutual Fund,Nasdaq,Nasdaq,,APP_ONLY,MUNIs 407,,Morgan Stanley Pathway Municipal Bd,USD,APP_CURRENT,VALID,OK,
786,DITEX,Mutual Fund,Nasdaq,Nasdaq,,APP_ONLY,MUNIs 407,,BNY Mellon Intermediate Municipal Bond Fund,USD,APP_CURRENT,VALID,OK,
787,SOAMX,Mutual Fund,Nasdaq,Nasdaq,,APP_ONLY,MUNIs 407,,Spirit of America Municipal T/F Bond A,USD,APP_CURRENT,VALID,OK,
788,ETNJX,Mutual Fund,Nasdaq,Nasdaq,,APP_ONLY,MUNIs 407,,Eaton Vance NJ Municipal Income A,USD,APP_CURRENT,VALID,OK,
789,WST,Stock,NYSE,NYSE,,APP_ONLY,Div Aristocrats; Drugs; S&P 500-7,,"West Pharmaceutical Services, Inc.",USD,APP_CURRENT,VALID,OK,
790,EVMBX,Mutual Fund,NASDAQ,NASDAQ,,APP_ONLY,MUNIs 407,,Eaton Vance AMT-Free Municipal Income I,USD,APP_CURRENT,VALID,OK,
791,ETMOX,Mutual Fund,Nasdaq,Nasdaq,,APP_ONLY,MUNIs 407,,Eaton Vance MO Municipal Income A,USD,APP_CURRENT,VALID,OK,
792,SCMAX,Mutual Fund,Nasdaq,Nasdaq,,APP_ONLY,MUNIs 407,,DWS Massachusetts Tax Free S,USD,APP_CURRENT,VALID,OK,
793,RFMZ,Stock,NYSE,NYSE,,APP_ONLY,MUNIs 407,,"RiverNorth Flexible Municipal Income Fund II, Inc.",USD,APP_CURRENT,VALID,OK,
794,FSMUX,Mutual Fund,Nasdaq,Nasdaq,,APP_ONLY,MUNIs 407,,Strategic Advisers Municipal Bond,USD,APP_CURRENT,VALID,OK,
795,NUVBX,Mutual Fund,NASDAQ,NASDAQ,,APP_ONLY,MUNIs 407,,Nuveen Intermediate Duration Muni Bd I,USD,APP_CURRENT,VALID,OK,
796,MISSX,Mutual Fund,Nasdaq,Nasdaq,,APP_ONLY,MUNIs 407,,MFS MS Municipal Bond A,USD,APP_CURRENT,VALID,OK,
797,ONJAX,Mutual Fund,Nasdaq,Nasdaq,,APP_ONLY,MUNIs 407,,Invesco New Jersey Municipal A,USD,APP_CURRENT,VALID,OK,
798,ROBNX,Mutual Fund,NASDAQ,NASDAQ,,APP_ONLY,MUNIs 407,,Robinson Tax Advantaged Income Instl,USD,APP_CURRENT,VALID,OK,
799,DRMBX,Mutual Fund,Nasdaq,Nasdaq,,APP_ONLY,MUNIs 407,,BNY Mellon AMT-Free Municipal Bond Fund,USD,APP_CURRENT,VALID,OK,
800,ETMNX,Mutual Fund,Nasdaq,Nasdaq,,APP_ONLY,MUNIs 407,,Eaton Vance MN Municipal Income A,USD,APP_CURRENT,VALID,OK,
801,ETAZX,Mutual Fund,Nasdaq,Nasdaq,,APP_ONLY,MUNIs 407,,Eaton Vance AZ Municipal Income A,USD,APP_CURRENT,VALID,OK,
802,TAMBX,Mutual Fund,Nasdaq,Nasdaq,,APP_ONLY,MUNIs 407,,JHancock Municipal Opportunities A,USD,APP_CURRENT,VALID,OK,
803,MFARX,Mutual Fund,Nasdaq,Nasdaq,,APP_ONLY,MUNIs 407,,MFS AR Municipal Bond A,USD,APP_CURRENT,VALID,OK,
804,FSAHX,Mutual Fund,NASDAQ,NASDAQ,,APP_ONLY,Fidelity Funds,,Fidelity Short Duration High Income,USD,APP_CURRENT,VALID,OK,
805,PSNYX,Mutual Fund,Nasdaq,Nasdaq,,APP_ONLY,MUNIs 407,,BNY Mellon NY AMT-Free Municipal Bond A,USD,APP_CURRENT,VALID,OK,
806,BITEX,Mutual Fund,Nasdaq,Nasdaq,,APP_ONLY,MUNIs 407,,Brown Advisory Tax-Exempt Sust Bd Inv,USD,APP_CURRENT,VALID,OK,
807,ECHMX,Mutual Fund,NASDAQ,NASDAQ,,APP_ONLY,MUNIs 407,,Eaton Vance National Municipal Income Fund,USD,APP_CURRENT,VALID,OK,
808,EIHMX,Mutual Fund,NASDAQ,NASDAQ,,APP_ONLY,MUNIs 407,,Eaton Vance National Municipal Income I,USD,APP_CURRENT,VALID,OK,
809,VWITX,Mutual Fund,Nasdaq,Nasdaq,Global; US,BOTH,MUNIs 407,Global; US,Vanguard Interm-Term Tx-Ex Inv,USD,ALL_EXCHANGES,VALID,OK,
810,VWIUX,Mutual Fund,Nasdaq,Nasdaq,,APP_ONLY,MUNIs 407,,Vanguard Interm-Term Tx-Ex Adm,USD,APP_CURRENT,VALID,OK,
811,ETNYX,Mutual Fund,NASDAQ,NASDAQ,,APP_ONLY,MUNIs 407,,Eaton Vance NY Municipal Income A,USD,APP_CURRENT,VALID,OK,
812,KTXIX,Mutual Fund,Nasdaq,Nasdaq,,APP_ONLY,MUNIs 407,,Commerce KS Tax Free Interm Bd,USD,APP_CURRENT,VALID,OK,
813,NBMAX,Mutual Fund,NASDAQ,NASDAQ,,APP_ONLY,MUNIs 407,,Nuveen MA Municipal Bond I,USD,APP_CURRENT,VALID,OK,
814,XNCAX,Mutual Fund,NASDAQ,NASDAQ,,APP_ONLY,ON DECK,,Nuveen California Municipal Value Fd Inc,USD,APP_CURRENT,VALID,OK,
815,ALGN,Stock,NasdaqGS,NasdaqGS,,APP_ONLY,S&P 500-7,,"Align Technology, Inc.",USD,APP_CURRENT,VALID,OK,
816,TPR,Stock,NYSE,NYSE,,APP_ONLY,S&P 500-7,,"Tapestry, Inc.",USD,APP_CURRENT,VALID,OK,
817,ALNYX,Mutual Fund,Nasdaq,Nasdaq,,APP_ONLY,MUNIs 407,,AB Municipal Income New York A,USD,APP_CURRENT,VALID,OK,
818,MIUIX,Mutual Fund,Nasdaq,Nasdaq,,APP_ONLY,MUNIs 407,,MFS Municipal Intermediate I,USD,APP_CURRENT,VALID,OK,
819,RMMBX,Mutual Fund,NASDAQ,NASDAQ,,APP_ONLY,MUNIs 407,,Aspiriant Risk-Managed Municipal Bond,USD,APP_CURRENT,VALID,OK,
820,AB,Stock,NYSE,NYSE,,APP_ONLY,Dividends,,AllianceBernstein Holding L.P.,USD,APP_CURRENT,VALID,OK,
821,PCIMX,Mutual Fund,NASDAQ,NASDAQ,,APP_ONLY,MUNIs CA 70,,PIMCO CA Intermediate Muni Bd Instl,USD,APP_CURRENT,VALID,OK,
822,SHRCX,Mutual Fund,NASDAQ,NASDAQ,,APP_ONLY,MUNIs CA 70,,Western Asset California Municipals A,USD,APP_CURRENT,VALID,OK,
823,PRTAX,Mutual Fund,Nasdaq,Nasdaq,,APP_ONLY,MUNIs 407,,T. Rowe Price Core Municipal Bond,USD,APP_CURRENT,VALID,OK,
824,LANJX,Mutual Fund,Nasdaq,Nasdaq,,APP_ONLY,MUNIs 407,,Lord Abbett New Jersey Tax Free A,USD,APP_CURRENT,VALID,OK,
825,LMSFX,Mutual Fund,NASDAQ,NASDAQ,,APP_ONLY,MUNIs 407,,Federated Hermes Municipal Bond A,USD,APP_CURRENT,VALID,OK,
826,MTFEX,Mutual Fund,Nasdaq,Nasdaq,,APP_ONLY,MUNIs 407,,NYLI MacKay Strategic Muni Allc Inv Cl,USD,APP_CURRENT,VALID,OK,
827,SETMX,Mutual Fund,Nasdaq,Nasdaq,,APP_ONLY,MUNIs 407,,Columbia Intermediate Duration Municipal Bond Fund,USD,APP_CURRENT,VALID,OK,
828,NOTEX,Mutual Fund,NASDAQ,NASDAQ,,APP_ONLY,MUNIs 407,,Northern Tax-Exempt,USD,APP_CURRENT,VALID,OK,
829,NOAZX,Mutual Fund,NASDAQ,NASDAQ,,APP_ONLY,MUNIs 407,,Northern Arizona Tax Exempt Fund,USD,APP_CURRENT,VALID,OK,
830,EZMAX,Mutual Fund,Nasdaq,Nasdaq,,APP_ONLY,MUNIs 407,,Eaton Vance Short Duration Muni Opps C,USD,APP_CURRENT,VALID,OK,
831,MFPAX,Mutual Fund,Nasdaq,Nasdaq,,APP_ONLY,MUNIs 407,,MFS PA Municipal Bond A,USD,APP_CURRENT,VALID,OK,
832,MNOVX,Mutual Fund,Nasdaq,Nasdaq,,APP_ONLY,MUNIs 407,,NYLI MacKay New York Muni Investor Class,USD,APP_CURRENT,VALID,OK,
833,ETCTX,Mutual Fund,Nasdaq,Nasdaq,,APP_ONLY,MUNIs 407,,Eaton Vance CT Municipal Income A,USD,APP_CURRENT,VALID,OK,
834,FCTTX,Mutual Fund,Nasdaq,Nasdaq,,APP_ONLY,MUNIs 407,,Nuveen CT Municipal Bond A,USD,APP_CURRENT,VALID,OK,
835,BCHYX,Mutual Fund,NASDAQ,NASDAQ,,APP_ONLY,MUNIs CA 70,,American Century California High Yield Municipal Fund,USD,APP_CURRENT,VALID,OK,
836,ALTHX,Mutual Fund,Nasdaq,Nasdaq,,APP_ONLY,MUNIs 407,,AB Municipal Income National A,USD,APP_CURRENT,VALID,OK,
837,UTAHX,Mutual Fund,Nasdaq,Nasdaq,,APP_ONLY,MUNIs 407,,NYLI MacKay Utah Muni Class Z,USD,APP_CURRENT,VALID,OK,
838,FCAMX,Mutual Fund,NASDAQ,NASDAQ,,APP_ONLY,MUNIs CA 70,,Franklin California High Yield Municipal Fund,USD,APP_CURRENT,VALID,OK,
839,PTXFX,Mutual Fund,Nasdaq,Nasdaq,,APP_ONLY,MUNIs 407,,Pacific Capital T/F Securities Y,USD,APP_CURRENT,VALID,OK,
840,FAMTX,Mutual Fund,Nasdaq,Nasdaq,,APP_ONLY,MUNIs 407,,Nuveen Minnesota Intermediate Muni Bd I,USD,APP_CURRENT,VALID,OK,
841,WMFAX,Mutual Fund,Nasdaq,Nasdaq,,APP_ONLY,MUNIs 407,,Allspring Municipal Bond A,USD,APP_CURRENT,VALID,OK,
842,SAIC,Stock,NASDAQ,NASDAQ,,APP_ONLY,Defense,,Science Applications International Corporation,USD,APP_CURRENT,VALID,OK,
843,COTFX,Mutual Fund,Nasdaq,Nasdaq,,APP_ONLY,MUNIs 407,,NYLI MacKay Colorado Muni Class Z,USD,APP_CURRENT,VALID,OK,
844,TITIX,Mutual Fund,Nasdaq,Nasdaq,,APP_ONLY,MUNIs 407,,Nuveen 5-15 Year Ldrd Tax Exm Bd R6,USD,APP_CURRENT,VALID,OK,
845,OWCAX,Mutual Fund,NASDAQ,NASDAQ,,APP_ONLY,MUNIs CA 70,,"Old Westbury Funds, Inc. - California Municipal Bond Fund",USD,APP_CURRENT,VALID,OK,
846,FNTYX,Mutual Fund,Nasdaq,Nasdaq,,APP_ONLY,MUNIs 407,,Nuveen Nebraska Municipal Bond I,USD,APP_CURRENT,VALID,OK,
847,FTAZX,Mutual Fund,Nasdaq,Nasdaq,,APP_ONLY,MUNIs 407,,Franklin AZ Tax Free Income A1,USD,APP_CURRENT,VALID,OK,
848,FIMTX,Mutual Fund,Nasdaq,Nasdaq,,APP_ONLY,MUNIs 407,,Federated Hermes Intermediate Muni A,USD,APP_CURRENT,VALID,OK,
849,GNMFX,Mutual Fund,NASDAQ,NASDAQ,,APP_ONLY,MUNIs 407,,PIMCO Ntnl Muni Oppc Val Instl,USD,APP_CURRENT,VALID,OK,
850,KNTAX,Mutual Fund,NASDAQ,NASDAQ,,APP_ONLY,MUNIs 407,,DWS New York Tax-Free Income A,USD,APP_CURRENT,VALID,OK,
851,SHORX,Mutual Fund,Nasdaq,Nasdaq,,APP_ONLY,MUNIs 407,,Western Asset Oregon Municipals A,USD,APP_CURRENT,VALID,OK,
852,GCMFX,Mutual Fund,NASDAQ,NASDAQ,,APP_ONLY,PIMCO,,PIMCO Ca Muni Oppc Val Instl,USD,APP_CURRENT,VALID,OK,
853,FMDTX,Mutual Fund,NASDAQ,NASDAQ,,APP_ONLY,MUNIs 407,,Franklin MD Tax Free Income A1,USD,APP_CURRENT,VALID,OK,
854,WITAX,Mutual Fund,NASDAQ,NASDAQ,,APP_ONLY,MUNIs 407,,Segall Bryant & Hamill Mun Opps Instl,USD,APP_CURRENT,VALID,OK,
855,AZTFX,Mutual Fund,Nasdaq,Nasdaq,,APP_ONLY,MUNIs 407,,NYLI MacKay Arizona Muni Class Z,USD,APP_CURRENT,VALID,OK,
856,CBTAX,Mutual Fund,NASDAQ,NASDAQ,,APP_ONLY,MUNIs 407,,Six Circles Tax Aware Bond,USD,APP_CURRENT,VALID,OK,
857,SRCMX,Mutual Fund,NASDAQ,NASDAQ,,APP_ONLY,MUNIs CA 70,,Principal California Municipal A,USD,APP_CURRENT,VALID,OK,
858,MAPYX,Mutual Fund,NASDAQ,NASDAQ,,APP_ONLY,MUNIs 407,,BlackRock Pennsylvania Municipal Bond Fund,USD,APP_CURRENT,VALID,OK,
859,NCMAX,Mutual Fund,NASDAQ,NASDAQ,,APP_ONLY,MUNIs CA 70,,Columbia California Itmt Muncpl Bd Inst,USD,APP_CURRENT,VALID,OK,
860,FKYTX,Mutual Fund,Nasdaq,Nasdaq,,APP_ONLY,MUNIs 407,,Nuveen KY Municipal Bond A,USD,APP_CURRENT,VALID,OK,
861,FWIAX,Mutual Fund,NASDAQ,NASDAQ,,APP_ONLY,MUNIs 407,,Nuveen WI Municipal Bond A,USD,APP_CURRENT,VALID,OK,
862,ELFTX,Mutual Fund,NASDAQ,NASDAQ,,APP_ONLY,MUNIs 407,,Elfun Tax Exempt Income Fund,USD,APP_CURRENT,VALID,OK,
863,FNYTX,Mutual Fund,NASDAQ,NASDAQ,,APP_ONLY,MUNIs 407,,Franklin NY Tax Free Income A1,USD,APP_CURRENT,VALID,OK,
864,^IBEX,Index,MCE,MCE,Global,BOTH,Europe Indices,Global,IBEX 35,EUR,ALL_EXCHANGES,VALID,OK,
865,FSTGX,Mutual Fund,NASDAQ,NASDAQ,,APP_ONLY,Fidelity Funds,,Fidelity Intermediate Government Income,USD,APP_CURRENT,VALID,OK,
866,BIAMX,Mutual Fund,NASDAQ,NASDAQ,,APP_ONLY,MUNIs 407,,Brown Advisory Maryland Bond Fund,USD,APP_CURRENT,VALID,OK,
867,FLAAX,Mutual Fund,NASDAQ,NASDAQ,,APP_ONLY,MUNIs 407,,Nuveen All-American Municipal Bond A,USD,APP_CURRENT,VALID,OK,
868,NOITX,Mutual Fund,NASDAQ,NASDAQ,,APP_ONLY,MUNIs 407,,Northern Intermediate Tax-Exempt,USD,APP_CURRENT,VALID,OK,
869,FSMNX,Mutual Fund,NASDAQ,NASDAQ,,APP_ONLY,MUNIs 407,,Fidelity SAI Municipal Income,USD,APP_CURRENT,VALID,OK,
870,OWNYX,Mutual Fund,Nasdaq,Nasdaq,,APP_ONLY,MUNIs 407,,"Old Westbury Funds, Inc. - New York Municipal Bond Fund",USD,APP_CURRENT,VALID,OK,
871,JNJ,Stock,NYSE,NYSE,US,BOTH,DOW-4; DOWa; Div Aristocrats; Drugs; S&P 500-7,US,Johnson & Johnson,USD,ALL_EXCHANGES,VALID,OK,
872,DOGMX,Mutual Fund,Nasdaq,Nasdaq,,APP_ONLY,MUNIs 407,,DFA Oregon Municipal Bond Instl,USD,APP_CURRENT,VALID,OK,
873,FRVAX,Mutual Fund,NASDAQ,NASDAQ,,APP_ONLY,MUNIs 407,,Franklin VA Tax Free Income A1,USD,APP_CURRENT,VALID,OK,
874,PYCRX,Mutual Fund,NASDAQ,NASDAQ,,APP_ONLY,MUNIs CA 70,,Payden California Municipal Social Imp,USD,APP_CURRENT,VALID,OK,
875,^MXX,Index,Mexico,Mexico,Global,BOTH,Americas Indices,Global,IPC MEXICO,MXN,ALL_EXCHANGES,VALID,OK,
876,FUENX,Mutual Fund,Nasdaq,Nasdaq,,APP_ONLY,MUNIs 407,,Fidelity Flex Municipal Income,USD,APP_CURRENT,VALID,OK,
877,NCITX,Mutual Fund,NASDAQ,NASDAQ,,APP_ONLY,MUNIs CA 70,,Northern CA Intermediate Tax-Exempt,USD,APP_CURRENT,VALID,OK,
878,BBMUX,Mutual Fund,Nasdaq,Nasdaq,,APP_ONLY,MUNIs 407,,Bridge Builder Municipal Bond Fund,USD,APP_CURRENT,VALID,OK,
879,MSTPX,Mutual Fund,Nasdaq,Nasdaq,,APP_ONLY,MUNIs 407,,Morningstar Municipal Bond,USD,APP_CURRENT,VALID,OK,
880,PAMFX,Mutual Fund,Nasdaq,Nasdaq,,APP_ONLY,MUNIs 407,,Federated Hermes PA Municipal Income A,USD,APP_CURRENT,VALID,OK,
881,FCOTX,Mutual Fund,NASDAQ,NASDAQ,,APP_ONLY,MUNIs 407,,Nuveen CO Municipal Bond A,USD,APP_CURRENT,VALID,OK,
882,FLNCX,Mutual Fund,Nasdaq,Nasdaq,,APP_ONLY,MUNIs 407,,Nuveen NC Municipal Bond A,USD,APP_CURRENT,VALID,OK,
883,BMQSX,Mutual Fund,Nasdaq,Nasdaq,,APP_ONLY,MUNIs 407,,Baird Municipal Bond Investor,USD,APP_CURRENT,VALID,OK,
884,BSHIX,Mutual Fund,Nasdaq,Nasdaq,,APP_ONLY,MUNIs 407,,Bishop Street Hawaii Municipal Bd Instl,USD,APP_CURRENT,VALID,OK,
885,MFSMX,Mutual Fund,Nasdaq,Nasdaq,,APP_ONLY,MUNIs 407,,MFS MD Municipal Bond A,USD,APP_CURRENT,VALID,OK,
886,LCFIX,Mutual Fund,NASDAQ,NASDAQ,,APP_ONLY,MUNIs CA 70,,Lord Abbett California Tax Free A,USD,APP_CURRENT,VALID,OK,
887,VTEAX,Mutual Fund,Nasdaq,Nasdaq,,APP_ONLY,MUNIs 407,,Vanguard Tax-Exempt Bond Index Admiral,USD,APP_CURRENT,VALID,OK,
888,NYAAX,Mutual Fund,Nasdaq,Nasdaq,,APP_ONLY,MUNIs 407,,American Funds Tax-Exempt Fund of NY A,USD,APP_CURRENT,VALID,OK,
889,HMKIX,Mutual Fund,Nasdaq,Nasdaq,,APP_ONLY,MUNIs 407,,Hartford Sustainable Municipal Bond I,USD,APP_CURRENT,VALID,OK,
890,MMGAX,Mutual Fund,Nasdaq,Nasdaq,,APP_ONLY,MUNIs 407,,MFS GA Municipal Bond A,USD,APP_CURRENT,VALID,OK,
891,SENJX,Mutual Fund,Nasdaq,Nasdaq,,APP_ONLY,MUNIs 407,,SEI New Jersey Municipal Bond F (STET),USD,APP_CURRENT,VALID,OK,
892,NMTRX,Mutual Fund,Nasdaq,Nasdaq,,APP_ONLY,MUNIs 407,,Nuveen Municipal Total Return Mgd Accts,USD,APP_CURRENT,VALID,OK,
893,GTFHX,Mutual Fund,Nasdaq,Nasdaq,,APP_ONLY,MUNIs 407,,Madison Tax-Free National Y,USD,APP_CURRENT,VALID,OK,
894,AAMBX,Mutual Fund,NASDAQ,NASDAQ,,APP_ONLY,MUNIs 407,,Thrivent Municipal Bond A,USD,APP_CURRENT,VALID,OK,
895,NMTFX,Mutual Fund,Nasdaq,Nasdaq,,APP_ONLY,MUNIs 407,,Allspring Minnesota Tx-Fr A,USD,APP_CURRENT,VALID,OK,
896,FKSTX,Mutual Fund,Nasdaq,Nasdaq,,APP_ONLY,MUNIs 407,,Nuveen KS Municipal Bond A,USD,APP_CURRENT,VALID,OK,
897,MDXBX,Mutual Fund,Nasdaq,Nasdaq,,APP_ONLY,MUNIs 407,,T. Rowe Price Maryland Tax Free Bond Fund,USD,APP_CURRENT,VALID,OK,
898,^FTSE,Index,FTSE Index,FTSE Index,Global,BOTH,Europe Indices,Global,FTSE 100,GBP,ALL_EXCHANGES,VALID,OK,
899,GSMIX,Mutual Fund,Nasdaq,Nasdaq,,APP_ONLY,MUNIs 407,,Goldman Sachs Dynamic Municipal Inc A,USD,APP_CURRENT,VALID,OK,
900,FASUX,Mutual Fund,Nasdaq,Nasdaq,,APP_ONLY,MUNIs 407,,Fidelity Advisor Sust Interm Muni Inc I,USD,APP_CURRENT,VALID,OK,
901,FASVX,Mutual Fund,Nasdaq,Nasdaq,,APP_ONLY,MUNIs 407,,Fidelity Advisor Sust Interm Muni Inc Z,USD,APP_CURRENT,VALID,OK,
902,FLTMX,Mutual Fund,NASDAQ,NASDAQ,,APP_ONLY,Fidelity Funds,,Fidelity Interm Muni Inc,USD,APP_CURRENT,VALID,OK,
903,FZITX,Mutual Fund,Nasdaq,Nasdaq,,APP_ONLY,MUNIs 407,,Fidelity Advisor Interm Muni Inc M,USD,APP_CURRENT,VALID,OK,
904,MANJX,Mutual Fund,NASDAQ,NASDAQ,,APP_ONLY,MUNIs 407,,BlackRock New Jersey Municipal Bond Fund,USD,APP_CURRENT,VALID,OK,
905,FZIAX,Mutual Fund,Nasdaq,Nasdaq,,APP_ONLY,MUNIs 407,,Fidelity Advisor Interm Muni Inc A,USD,APP_CURRENT,VALID,OK,
906,FZICX,Mutual Fund,Nasdaq,Nasdaq,,APP_ONLY,MUNIs 407,,Fidelity Advisor Interm Muni Inc C,USD,APP_CURRENT,VALID,OK,
907,FIQZX,Mutual Fund,Nasdaq,Nasdaq,,APP_ONLY,MUNIs 407,,Fidelity Advisor Interm Muni Inc Z,USD,APP_CURRENT,VALID,OK,
908,EIBSX,Mutual Fund,Nasdaq,Nasdaq,,APP_ONLY,MUNIs 407,,Parametric TABS Short-Term Muni Bd I,USD,APP_CURRENT,VALID,OK,
909,SEKSX,Mutual Fund,Nasdaq,Nasdaq,,APP_ONLY,MUNIs 407,,Carret Kansas Tax Exempt Bond Fund Instl,USD,APP_CURRENT,VALID,OK,
910,SBDAX,Mutual Fund,NASDAQ,NASDAQ,,APP_ONLY,MUNIs CA 70,,SEI California Municipal Bond F (STET),USD,APP_CURRENT,VALID,OK,
911,AMAYX,Mutual Fund,Nasdaq,Nasdaq,,APP_ONLY,MUNIs 407,,AB Municipal Income II Massachusetts Adv,USD,APP_CURRENT,VALID,OK,
912,ORTFX,Mutual Fund,Nasdaq,Nasdaq,,APP_ONLY,MUNIs 407,,NYLI MacKay Oregon Muni Class Z,USD,APP_CURRENT,VALID,OK,
913,NBB,Stock,NYSE,NYSE,,APP_ONLY,Nuveen,,Nuveen Taxable Municipal Income Fund,USD,APP_CURRENT,VALID,OK,
914,AMAAX,Mutual Fund,Nasdaq,Nasdaq,,APP_ONLY,MUNIs 407,,AB Municipal Income II Massachusetts A,USD,APP_CURRENT,VALID,OK,
915,OMIFX,Mutual Fund,Nasdaq,Nasdaq,,APP_ONLY,MUNIs 407,,Federated Hermes OH Municipal Income F,USD,APP_CURRENT,VALID,OK,
916,BMNSX,Mutual Fund,Nasdaq,Nasdaq,,APP_ONLY,MUNIs 407,,Baird Core Intermediate Municpl Bd Inv,USD,APP_CURRENT,VALID,OK,
917,SENYX,Mutual Fund,Nasdaq,Nasdaq,,APP_ONLY,MUNIs 407,,SEI New York Municipal Bond F (STET),USD,APP_CURRENT,VALID,OK,
918,PMNPX,Mutual Fund,Nasdaq,Nasdaq,,APP_ONLY,MUNIs 407,,PIMCO National Interm Muni Bond I2,USD,APP_CURRENT,VALID,OK,
919,PMNIX,Mutual Fund,NASDAQ,NASDAQ,,APP_ONLY,PIMCO,,PIMCO National Interm Muni Bond Instl,USD,APP_CURRENT,VALID,OK,
920,BBIIX,Mutual Fund,Nasdaq,Nasdaq,,APP_ONLY,MUNIs 407,,BBH Intermediate Municipal Bond Fund,USD,APP_CURRENT,VALID,OK,
921,MAMTX,Mutual Fund,NASDAQ,NASDAQ,,APP_ONLY,MUNIs 407,,Blackrock Strategic Municipal Opportunities Fund Of Blackrock Municipal Series Trust,USD,APP_CURRENT,VALID,OK,
922,WTCOX,Mutual Fund,NASDAQ,NASDAQ,,APP_ONLY,MUNIs 407,,Segall Bryant & Hamill ColoradoTaxFr Ret,USD,APP_CURRENT,VALID,OK,
923,BSNIX,Mutual Fund,NASDAQ,NASDAQ,,APP_ONLY,MUNIs 407,,Baird Strategic Municipal Bond Instl,USD,APP_CURRENT,VALID,OK,
924,DCIBX,Mutual Fund,NASDAQ,NASDAQ,,APP_ONLY,MUNIs CA 70,,DFA CA Intermediate-Term Muni Bd I,USD,APP_CURRENT,VALID,OK,
925,BSCIX,Mutual Fund,Nasdaq,Nasdaq,,APP_ONLY,MUNIs 407,,Sterling Capital SC Interm Tax-Free I,USD,APP_CURRENT,VALID,OK,
926,FRORX,Mutual Fund,NASDAQ,NASDAQ,,APP_ONLY,MUNIs 407,,Franklin OR Tax Free Income A1,USD,APP_CURRENT,VALID,OK,
927,LTEBX,Mutual Fund,Nasdaq,Nasdaq,,APP_ONLY,MUNIs 407,,American Funds Limited Term Tx-Ex Bd A,USD,APP_CURRENT,VALID,OK,
928,FMOTX,Mutual Fund,NASDAQ,NASDAQ,,APP_ONLY,MUNIs 407,,Nuveen MO Municipal Bond A,USD,APP_CURRENT,VALID,OK,
929,VKLMX,Mutual Fund,Nasdaq,Nasdaq,,APP_ONLY,MUNIs 407,,Invesco Intermediate Term Muni Inc A,USD,APP_CURRENT,VALID,OK,
930,RTY=F,Future,CME,CME,,APP_ONLY,Commodities,,E-mini Russell 2000 Index Futur,USD,APP_CURRENT,VALID,OK,
931,SCTAX,Mutual Fund,NASDAQ,NASDAQ,,APP_ONLY,MUNIs CA 70,,Allspring California Tax-Free A,USD,APP_CURRENT,VALID,OK,
932,AVAAX,Mutual Fund,Nasdaq,Nasdaq,,APP_ONLY,MUNIs 407,,AB Municipal Income II Virginia A,USD,APP_CURRENT,VALID,OK,
933,EILBX,Mutual Fund,Nasdaq,Nasdaq,,APP_ONLY,MUNIs 407,,Parametric TABS 1to10 Year Ldrd Mn Bd I,USD,APP_CURRENT,VALID,OK,
934,FTTMX,Mutual Fund,Nasdaq,Nasdaq,,APP_ONLY,MUNIs 407,,Franklin MI Tax-Free Inc A1,USD,APP_CURRENT,VALID,OK,
935,FMITX,Mutual Fund,Nasdaq,Nasdaq,,APP_ONLY,MUNIs 407,,Nuveen MI Municipal Bond A,USD,APP_CURRENT,VALID,OK,
936,SEPAX,Mutual Fund,Nasdaq,Nasdaq,,APP_ONLY,MUNIs 407,,SEI Pennsylvania Municipal Bond F (STET),USD,APP_CURRENT,VALID,OK,
937,ALCAX,Mutual Fund,NASDAQ,NASDAQ,,APP_ONLY,MUNIs CA 70,,AB Municipal Income California A,USD,APP_CURRENT,VALID,OK,
938,FMISX,Mutual Fund,Nasdaq,Nasdaq,,APP_ONLY,MUNIs 407,,Franklin MA Tax-Free Income A1,USD,APP_CURRENT,VALID,OK,
939,MANKX,Mutual Fund,NASDAQ,NASDAQ,,APP_ONLY,MUNIs 407,,BlackRock New York Municipal Opportunities Fund,USD,APP_CURRENT,VALID,OK,
940,NCATX,Mutual Fund,NASDAQ,NASDAQ,,APP_ONLY,MUNIs CA 70,,Northern CA Tax-Exempt,USD,APP_CURRENT,VALID,OK,
941,FRCOX,Mutual Fund,Nasdaq,Nasdaq,,APP_ONLY,MUNIs 407,,Franklin CO Tax Free Income A1,USD,APP_CURRENT,VALID,OK,
942,NMNJX,Mutual Fund,Nasdaq,Nasdaq,,APP_ONLY,MUNIs 407,,Nuveen NJ Municipal Bond I,USD,APP_CURRENT,VALID,OK,
943,HULAX,Mutual Fund,Nasdaq,Nasdaq,,APP_ONLY,MUNIs 407,,Hawaiian Tax-Free Trust A,USD,APP_CURRENT,VALID,OK,
944,CFNTX,Mutual Fund,NASDAQ,NASDAQ,,APP_ONLY,MUNIs CA 70,,Green California Tax-Free Income Inv,USD,APP_CURRENT,VALID,OK,
945,ATTYX,Mutual Fund,Nasdaq,Nasdaq,,APP_ONLY,MUNIs 407,,AB Tax-Aware Fixed Income Opps Adv,USD,APP_CURRENT,VALID,OK,
946,USNYX,Mutual Fund,NASDAQ,NASDAQ,,APP_ONLY,MUNIs 407,,Victory New York Bond Fund,USD,APP_CURRENT,VALID,OK,
947,FCSHX,Mutual Fund,Nasdaq,Nasdaq,,APP_ONLY,MUNIs 407,,Fidelity Advisor Ltd Term Muni Inc C,USD,APP_CURRENT,VALID,OK,
948,FSTFX,Mutual Fund,Nasdaq,Nasdaq,,APP_ONLY,MUNIs 407,,Fidelity Advisor Ltd Term Muni Inc,USD,APP_CURRENT,VALID,OK,
949,FTSHX,Mutual Fund,Nasdaq,Nasdaq,,APP_ONLY,MUNIs 407,,Fidelity Advisor Ltd Term Muni Inc M,USD,APP_CURRENT,VALID,OK,
950,VWAHX,Mutual Fund,NASDAQ,NASDAQ,,APP_ONLY,MUNIs 407,,Vanguard High-Yield Tax-Exempt,USD,APP_CURRENT,VALID,OK,
951,VWALX,Mutual Fund,NASDAQ,NASDAQ,,APP_ONLY,MUNIs 407,,Vanguard High-Yield Tax-Exempt Adm,USD,APP_CURRENT,VALID,OK,
952,FASHX,Mutual Fund,Nasdaq,Nasdaq,,APP_ONLY,MUNIs 407,,Fidelity Limited Term Municipal Income Fund,USD,APP_CURRENT,VALID,OK,
953,FJMNX,Mutual Fund,NASDAQ,NASDAQ,,APP_ONLY,MUNIs 407,,Nuveen Minnesota Municipal Bond A,USD,APP_CURRENT,VALID,OK,
954,PNYIX,Mutual Fund,NASDAQ,NASDAQ,,APP_ONLY,MUNIs 407,,PIMCO NY Municipal Instl,USD,APP_CURRENT,VALID,OK,
955,TIMUX,Mutual Fund,Nasdaq,Nasdaq,,APP_ONLY,MUNIs 407,,Transamerica Intermediate Muni I,USD,APP_CURRENT,VALID,OK,
956,VICI,Stock,NYSE,NYSE,US,BOTH,S&P 500-7,US,VICI Properties Inc.,USD,ALL_EXCHANGES,VALID,OK,
957,EKVAX,Mutual Fund,Nasdaq,Nasdaq,,APP_ONLY,MUNIs 407,,Allspring Pennsylvania Tax-Free Fund,USD,APP_CURRENT,VALID,OK,
958,DMUSX,Mutual Fund,NASDAQ,NASDAQ,,APP_ONLY,MUNIs 407,,Nomura Tax-Free USA Intermediate A,USD,APP_CURRENT,VALID,OK,
959,TOHAX,Mutual Fund,Nasdaq,Nasdaq,,APP_ONLY,MUNIs 407,,Touchstone Core Municipal Bond A,USD,APP_CURRENT,VALID,OK,
960,TWTIX,Mutual Fund,Nasdaq,Nasdaq,,APP_ONLY,MUNIs 407,,American Century Intermediate-Term Tax-Free Bond Fund,USD,APP_CURRENT,VALID,OK,
961,FAFTX,Mutual Fund,NASDAQ,NASDAQ,,APP_ONLY,MUNIs 407,,Franklin Federal Tax Free Income Adv,USD,APP_CURRENT,VALID,OK,
962,REGN,Stock,NasdaqGS,NasdaqGS,,APP_ONLY,Drugs; NASDAQ 100-8; S&P 500-7,,"Regeneron Pharmaceuticals, Inc.",USD,APP_CURRENT,VALID,OK,
963,SWNTX,Mutual Fund,Nasdaq,Nasdaq,,APP_ONLY,MUNIs 407,,Schwab Tax-Free Bond,USD,APP_CURRENT,VALID,OK,
964,FKNIX,Mutual Fund,Nasdaq,Nasdaq,,APP_ONLY,MUNIs 407,,Franklin NY Intermediate T/F Income A1,USD,APP_CURRENT,VALID,OK,
965,WFTAX,Mutual Fund,Nasdaq,Nasdaq,,APP_ONLY,MUNIs 407,,Allspring Intermediate Tax/AMT-Fr A,USD,APP_CURRENT,VALID,OK,
966,CGMU,ETF,NYSEArca,NYSEArca,,APP_ONLY,MUNIs 407,,Capital Group Municipal Income ETF,USD,APP_CURRENT,VALID,OK,
967,FKCIX,Mutual Fund,NASDAQ,NASDAQ,,APP_ONLY,MUNIs CA 70,,Franklin CA Interm-Term Tx-Fr Inc A1,USD,APP_CURRENT,VALID,OK,
968,SCMTX,Mutual Fund,Nasdaq,Nasdaq,,APP_ONLY,MUNIs 407,,DWS Intermediate Tax-Free S,USD,APP_CURRENT,VALID,OK,
969,FLTDX,Mutual Fund,Nasdaq,Nasdaq,,APP_ONLY,MUNIs 407,,Nuveen Limited Term Municipal Bond A,USD,APP_CURRENT,VALID,OK,
970,BVATX,Mutual Fund,Nasdaq,Nasdaq,,APP_ONLY,MUNIs 407,,Sterling Capital VA Interm Tax-Free I,USD,APP_CURRENT,VALID,OK,
971,SISIX,Mutual Fund,Nasdaq,Nasdaq,,APP_ONLY,MUNIs 407,,Virtus Newfleet Intermediate Muncpl Bd A,USD,APP_CURRENT,VALID,OK,
972,FICNX,Mutual Fund,NASDAQ,NASDAQ,,APP_ONLY,Fidelity Funds,,Fidelity Connecticut Municipal Income,USD,APP_CURRENT,VALID,OK,
973,NMUIX,Mutual Fund,Nasdaq,Nasdaq,,APP_ONLY,MUNIs 407,,Neuberger Municipal Interm Bd Inv,USD,APP_CURRENT,VALID,OK,
974,PSA,Stock,NYSE,NYSE,US,BOTH,S&P 500-7,US,Public Storage,USD,ALL_EXCHANGES,VALID,OK,
975,PRVAX,Mutual Fund,Nasdaq,Nasdaq,,APP_ONLY,MUNIs 407,,T. Rowe Price Virginia Municipal Bond,USD,APP_CURRENT,VALID,OK,
976,MRK,Stock,NYSE,NYSE,,APP_ONLY,DOW-4; DOWa; Drugs; S&P 500-7,,"Merck & Co., Inc.",USD,APP_CURRENT,VALID,OK,
977,WFCMX,Mutual Fund,Nasdaq,Nasdaq,,APP_ONLY,MUNIs 407,,Allspring Managed Acct CoreBuilder M,USD,APP_CURRENT,VALID,OK,
978,HICOX,Mutual Fund,NASDAQ,NASDAQ,,APP_ONLY,MUNIs 407,,Colorado BondShares A Tax-Exempt,USD,APP_CURRENT,VALID,OK,
979,FKITX,Mutual Fund,Nasdaq,Nasdaq,,APP_ONLY,MUNIs 407,,Franklin Federal Interm-Term T/F Inc A1,USD,APP_CURRENT,VALID,OK,
980,VNJTX,Mutual Fund,Nasdaq,Nasdaq,,APP_ONLY,MUNIs 407,,Vanguard NJ Long-Term Tax-Exempt Inv,USD,APP_CURRENT,VALID,OK,
981,VNJUX,Mutual Fund,NASDAQ,NASDAQ,,APP_ONLY,MUNIs 407,,Vanguard NJ Long-Term Tax-Exempt Adm,USD,APP_CURRENT,VALID,OK,
982,PTIMX,Mutual Fund,Nasdaq,Nasdaq,,APP_ONLY,MUNIs 407,,Performance Trust Municipal Bond Instl,USD,APP_CURRENT,VALID,OK,
983,EQR,Stock,NYSE,NYSE,,APP_ONLY,S&P 500-7,,Equity Residential,USD,APP_CURRENT,VALID,OK,
984,PRSMX,Mutual Fund,Nasdaq,Nasdaq,,APP_ONLY,MUNIs 407,,T. Rowe Price Intermediate Muncpl Bd Inv,USD,APP_CURRENT,VALID,OK,
985,BMBSX,Mutual Fund,Nasdaq,Nasdaq,,APP_ONLY,MUNIs 407,,Baird Quality Intermediate Muni Bd Inv,USD,APP_CURRENT,VALID,OK,
986,FDMMX,Mutual Fund,NASDAQ,NASDAQ,,APP_ONLY,Fidelity Funds,,Fidelity Massachusetts Municipal Income,USD,APP_CURRENT,VALID,OK,
987,EMOIX,Mutual Fund,Nasdaq,Nasdaq,,APP_ONLY,MUNIs 407,,Eaton Vance Municipal Opportunities Fund,USD,APP_CURRENT,VALID,OK,
988,VCADX,Mutual Fund,NASDAQ,NASDAQ,,APP_ONLY,MUNIs CA 70,,Vanguard California Intermediate Term Tax Exempt Fund,USD,APP_CURRENT,VALID,OK,
989,VCAIX,Mutual Fund,NASDAQ,NASDAQ,,APP_ONLY,MUNIs CA 70,,Vanguard California Intermediate Term Tax Exempt Fund,USD,APP_CURRENT,VALID,OK,
990,OWMBX,Mutual Fund,Nasdaq,Nasdaq,,APP_ONLY,MUNIs 407,,"Old Westbury Funds, Inc. - Old Westbury Municipal Bond Fund",USD,APP_CURRENT,VALID,OK,
991,FJRLX,Mutual Fund,NASDAQ,NASDAQ,,APP_ONLY,Fidelity Funds,,Fidelity Limited Term Bond,USD,APP_CURRENT,VALID,OK,
992,GIJAX,Mutual Fund,Nasdaq,Nasdaq,,APP_ONLY,MUNIs 407,,Guggenheim Municipal Income A,USD,APP_CURRENT,VALID,OK,
993,SHNJX,Mutual Fund,Nasdaq,Nasdaq,,APP_ONLY,MUNIs 407,,Western Asset New Jersey Municipals A,USD,APP_CURRENT,VALID,OK,
994,FNJHX,Mutual Fund,NASDAQ,NASDAQ,,APP_ONLY,Fidelity Funds,,Fidelity New Jersey Municipal Income,USD,APP_CURRENT,VALID,OK,
995,CMBFX,Mutual Fund,Nasdaq,Nasdaq,,APP_ONLY,MUNIs 407,,Columbia Oregon Itmt Muncpl Bd Inst,USD,APP_CURRENT,VALID,OK,
996,ZB=F,Future,CBOT,CBOT,Global; US,BOTH,Commodities,Global; US,"U.S. Treasury Bond Futures,Sep-",USD,ALL_EXCHANGES,VALID,OK,
997,CPRT,Stock,NasdaqGS,NasdaqGS,,APP_ONLY,NASDAQ 100-8; S&P 500-7,,"Copart, Inc.",USD,APP_CURRENT,VALID,OK,
998,SBNYX,Mutual Fund,Nasdaq,Nasdaq,,APP_ONLY,MUNIs 407,,Western Asset New York Municipals A,USD,APP_CURRENT,VALID,OK,
999,FXE,ETF,NYSEArca,NYSEArca,,APP_ONLY,ETFs - Currency,,Invesco CurrencyShares Euro Currency Trust,USD,APP_CURRENT,VALID,OK,
1000,MKCMX,Mutual Fund,Nasdaq,Nasdaq,,APP_ONLY,BlackRock; MUNIs CA 70,,BlackRock California Munl Opps Inv K,USD,APP_CURRENT,VALID,OK,
1001,ETIIX,Mutual Fund,Nasdaq,Nasdaq,,APP_ONLY,MUNIs 407,,Parametric TABS Interm-Term Muni Bd I,USD,APP_CURRENT,VALID,OK,
1002,THNYX,Mutual Fund,Nasdaq,Nasdaq,,APP_ONLY,MUNIs 407,,Thornburg NY Intermediate Municipal A,USD,APP_CURRENT,VALID,OK,
1003,USTEX,Mutual Fund,NASDAQ,NASDAQ,,APP_ONLY,MUNIs 407,,Victory Tax Exempt Long Term Fund,USD,APP_CURRENT,VALID,OK,
1004,PTEBX,Mutual Fund,Nasdaq,Nasdaq,,APP_ONLY,MUNIs 407,,BNY Mellon Opportunistic Municipal Scs A,USD,APP_CURRENT,VALID,OK,
1005,FLTB,ETF,NYSEArca,NYSEArca,,APP_ONLY,Taxes,,Fidelity Limited Term Bond ETF,USD,APP_CURRENT,VALID,OK,
1006,FROGX,Mutual Fund,Nasdaq,Nasdaq,,APP_ONLY,MUNIs 407,,Fidelity Advisor Municipal Income I,USD,APP_CURRENT,VALID,OK,
1007,PCMNX,Mutual Fund,Nasdaq,Nasdaq,,APP_ONLY,MUNIs 407,,PACE Municipal Fixed Income P,USD,APP_CURRENT,VALID,OK,
1008,ES=F,Future,CME,CME,Global; US,BOTH,Commodities,Global; US,E-Mini S&P 500 Sep 26,USD,ALL_EXCHANGES,VALID,OK,
1009,YM=F,Future,CBOT,CBOT,,APP_ONLY,Commodities,,Mini Dow Jones Indus.-$5 Sep 26,USD,APP_CURRENT,VALID,OK,
1010,DSIBX,Mutual Fund,Nasdaq,Nasdaq,,APP_ONLY,MUNIs 407,,BNY Mellon Short Term Municipal Bond Fund,USD,APP_CURRENT,VALID,OK,
1011,FXB,ETF,NYSEArca,NYSEArca,,APP_ONLY,ETFs - Currency,,Invesco CurrencyShares British Pound Sterling Trust,USD,APP_CURRENT,VALID,OK,
1012,PTEAX,Mutual Fund,NASDAQ,NASDAQ,,APP_ONLY,MUNIs 407,,Principal Tax-Exempt Bond A,USD,APP_CURRENT,VALID,OK,
1013,DIV,ETF,NYSEArca,NYSEArca,,APP_ONLY,Div Aristocrats,,Global X SuperDividend U.S. ETF,USD,APP_CURRENT,VALID,OK,
1014,SLQD,ETF,NasdaqGM,NasdaqGM,,APP_ONLY,Possible,,iShares 0-5 Year Investment Grade Corporate Bond ETF,USD,APP_CURRENT,VALID,OK,
1015,DRCAX,Mutual Fund,NASDAQ,NASDAQ,,APP_ONLY,MUNIs CA 70,,BNY MellonCalifornia AMT-Free Municipal Bond Fund,USD,APP_CURRENT,VALID,OK,
1016,LTMFX,Mutual Fund,Nasdaq,Nasdaq,,APP_ONLY,MUNIs 407,,Thornburg Limited Term Municipal Fund,USD,APP_CURRENT,VALID,OK,
1017,FICO,Stock,NYSE,NYSE,,APP_ONLY,S&P 500-7,,Fair Isaac Corporation,USD,APP_CURRENT,VALID,OK,
1018,SNDPX,Mutual Fund,Nasdaq,Nasdaq,,APP_ONLY,MUNIs 407,,AB Diversified Municipal,USD,APP_CURRENT,VALID,OK,
1019,TSSIX,Mutual Fund,NASDAQ,NASDAQ,,APP_ONLY,MUNIs 407,,Thornburg Strategic Municipal Income I,USD,APP_CURRENT,VALID,OK,
1020,PGR,Stock,NYSE,NYSE,,APP_ONLY,S&P 500-7,,The Progressive Corporation,USD,APP_CURRENT,VALID,OK,
1021,DFCA,ETF,NYSEArca,NYSEArca,,APP_ONLY,Taxes,,Dimensional California Municipal Bond ETF,USD,APP_CURRENT,VALID,OK,
1022,SB=F,Future,ICE Futures,ICE Futures,Global,BOTH,Commodities,Global,Sugar #11 Oct 26,USX,ALL_EXCHANGES,VALID,NONBLOCKING_METADATA_VARIANT,Source rows contain differing descriptive metadata; symbol itself is unchanged.
1023,LISDX,Mutual Fund,Nasdaq,Nasdaq,,APP_ONLY,MUNIs 407,,Lord Abbett Short Duration Tax Free Fund,USD,APP_CURRENT,VALID,OK,
1024,SCMBX,Mutual Fund,NASDAQ,NASDAQ,,APP_ONLY,MUNIs 407,,DWS Managed Municipal Bond S,USD,APP_CURRENT,VALID,OK,
1025,JMUNX,Mutual Fund,NASDAQ,NASDAQ,,APP_ONLY,MUNIs 407,,Johnson Municipal Income,USD,APP_CURRENT,VALID,OK,
1026,FXF,ETF,NYSEArca,NYSEArca,,APP_ONLY,ETFs - Currency,,Invesco CurrencyShares Swiss Franc Trust,USD,APP_CURRENT,VALID,OK,
1027,IMNYX,Mutual Fund,Nasdaq,Nasdaq,,APP_ONLY,MUNIs 407,,Western Asset Interm Maturity NY Muni A,USD,APP_CURRENT,VALID,OK,
1028,SHY,ETF,NasdaqGM,NasdaqGM,US,BOTH,Possible,US,iShares 1-3 Year Treasury Bond ETF,USD,ALL_EXCHANGES,VALID,OK,
1029,PSDIX,Mutual Fund,Nasdaq,Nasdaq,,APP_ONLY,MUNIs 407,,PIMCO Short Duration Muni Income Inst,USD,APP_CURRENT,VALID,OK,
1030,FSHBX,Mutual Fund,NASDAQ,NASDAQ,,APP_ONLY,Fidelity Funds,,Fidelity Short-Term Bond,USD,APP_CURRENT,VALID,OK,
1031,NTRS,Stock,NASDAQ,NASDAQ,,APP_ONLY,Possible; S&P 500-7,,Northern Trust Corporation,USD,APP_CURRENT,VALID,OK,
1032,EZNAX,Mutual Fund,Nasdaq,Nasdaq,,APP_ONLY,MUNIs 407,,Eaton Vance National Ltd Mat Muni Inc C,USD,APP_CURRENT,VALID,OK,
1033,VNDFX,Mutual Fund,Nasdaq,Nasdaq,,APP_ONLY,MUNIs 407,,Viking Tax-Free for North Dakota A,USD,APP_CURRENT,VALID,OK,
1034,PCG,Stock,NYSE,NYSE,,APP_ONLY,S&P 500-7,,PG&E Corporation,USD,APP_CURRENT,VALID,OK,
1035,VMPAX,Mutual Fund,Nasdaq,Nasdaq,,APP_ONLY,MUNIs 407,,Allspring Strategic Municipal Bd A,USD,APP_CURRENT,VALID,OK,
1036,NG=F,Future,NY Mercantile,NY Mercantile,Global,BOTH,Commodities,Global,Natural Gas Sep 26,USD,ALL_EXCHANGES,VALID,OK,
1037,NUV,Stock,NYSE,NYSE,US,BOTH,Nuveen,US,"Nuveen Municipal Value Fund, Inc.",USD,ALL_EXCHANGES,VALID,OK,
1038,FONPX,Mutual Fund,Nasdaq,Nasdaq,,APP_ONLY,MUNIs 407,,Tributary Nebraska Tax-Free Instl Plus,USD,APP_CURRENT,VALID,OK,
1039,AJG,Stock,NYSE,NYSE,,APP_ONLY,S&P 500-7,,Arthur J. Gallagher & Co.,USD,APP_CURRENT,VALID,OK,
1040,MSTIX,Mutual Fund,Nasdaq,Nasdaq,,APP_ONLY,MUNIs 407,,NYLI MacKay Short Term Muni Class I,USD,APP_CURRENT,VALID,OK,
1041,BIAEX,Mutual Fund,NASDAQ,NASDAQ,,APP_ONLY,MUNIs 407,,Brown Advisory Tax Exempt Bond Fund,USD,APP_CURRENT,VALID,OK,
1042,TXRIX,Mutual Fund,Nasdaq,Nasdaq,,APP_ONLY,MUNIs 407,,JPMorgan Tax Aware Real Return Fund,USD,APP_CURRENT,VALID,OK,
1043,OWVAX,Mutual Fund,Nasdaq,Nasdaq,,APP_ONLY,MUNIs 407,,Sterling Capital WV Interm Tax-Free I,USD,APP_CURRENT,VALID,OK,
1044,DSSMX,Mutual Fund,Nasdaq,Nasdaq,,APP_ONLY,MUNIs 407,,DFA Selective State Municipal Bond Instl,USD,APP_CURRENT,VALID,OK,
1045,PFG,Stock,NasdaqGS,NasdaqGS,,APP_ONLY,S&P 500-7,,"Principal Financial Group, Inc.",USD,APP_CURRENT,VALID,OK,
1046,SEMAX,Mutual Fund,Nasdaq,Nasdaq,,APP_ONLY,MUNIs 407,,Columbia Massachusetts Itmt MuncplBdInst,USD,APP_CURRENT,VALID,OK,
1047,VRSN,Stock,NasdaqGS,NasdaqGS,,APP_ONLY,S&P 500-7,,"VeriSign, Inc.",USD,APP_CURRENT,VALID,OK,
1048,SMAIX,Mutual Fund,Nasdaq,Nasdaq,,APP_ONLY,MUNIs 407,,Allspring Ultra Shrt-Term Muni IncInst,USD,APP_CURRENT,VALID,OK,
1049,PCDIX,Mutual Fund,NASDAQ,NASDAQ,,APP_ONLY,MUNIs CA 70,,PIMCO CA Sh Dur Municipal Income Instl,USD,APP_CURRENT,VALID,OK,
1050,TEPAX,Mutual Fund,NASDAQ,NASDAQ,,APP_ONLY,MUNIs 407,,American Funds Tax-Exempt Presv Port A,USD,APP_CURRENT,VALID,OK,
1051,FORCX,Mutual Fund,Nasdaq,Nasdaq,,APP_ONLY,MUNIs 407,,Nuveen Oregon Intermediate Muni Bd I,USD,APP_CURRENT,VALID,OK,
1052,WSSCX,Mutual Fund,Nasdaq,Nasdaq,,APP_ONLY,MUNIs 407,,Allspring Short-Term Municipal Bd C,USD,APP_CURRENT,VALID,OK,
1053,FSHYX,Mutual Fund,NASDAQ,NASDAQ,,APP_ONLY,MUNIs 407,,Nuveen Short Term Municipal Bond I,USD,APP_CURRENT,VALID,OK,
1054,MGSMX,Mutual Fund,Nasdaq,Nasdaq,,APP_ONLY,MUNIs 407,,DWS Short Term Municipal Bond Inst,USD,APP_CURRENT,VALID,OK,
1055,DMNBX,Mutual Fund,Nasdaq,Nasdaq,,APP_ONLY,MUNIs 407,,DFA MN Municipal Bond Institutional,USD,APP_CURRENT,VALID,OK,
1056,PBCAX,Mutual Fund,NASDAQ,NASDAQ,,APP_ONLY,MUNIs CA 70,,PGIM California Muni Income A,USD,APP_CURRENT,VALID,OK,
1057,MANLX,Mutual Fund,NASDAQ,NASDAQ,,APP_ONLY,MUNIs 407,,BlackRock National Municipal Fund,USD,APP_CURRENT,VALID,OK,
1058,MALMX,Mutual Fund,Nasdaq,Nasdaq,,APP_ONLY,MUNIs 407,,BlackRock Short Duration Muni Instl,USD,APP_CURRENT,VALID,OK,
1059,HMJIX,Mutual Fund,Nasdaq,Nasdaq,,APP_ONLY,MUNIs 407,,Hartford Municipal Short Duration I,USD,APP_CURRENT,VALID,OK,
1060,PDSZX,Mutual Fund,Nasdaq,Nasdaq,,APP_ONLY,MUNIs 407,,PGIM Short Duration Muni Fund,USD,APP_CURRENT,VALID,OK,
1061,TCCBX,Mutual Fund,Nasdaq,Nasdaq,,APP_ONLY,MUNIs 407,,Fundvantage Trust - Ambrus Tax-Conscious California Bond Fund,USD,APP_CURRENT,VALID,OK,
1062,NSITX,Mutual Fund,Nasdaq,Nasdaq,,APP_ONLY,MUNIs 407,,Northern Limited Term Tax-Exempt Fund,USD,APP_CURRENT,VALID,OK,
1063,BBNTX,Mutual Fund,Nasdaq,Nasdaq,,APP_ONLY,MUNIs 407,,Sterling Capital North Carolina Intermediate Tax-Free Fund,USD,APP_CURRENT,VALID,OK,
1064,SUMAX,Mutual Fund,Nasdaq,Nasdaq,,APP_ONLY,MUNIs 407,,SEI Tax Exempt Trust Short Duration Municipal Fund,USD,APP_CURRENT,VALID,OK,
1065,USMTX,Mutual Fund,Nasdaq,Nasdaq,,APP_ONLY,MUNIs 407,,JPMorgan Ultra-Short Municipal I,USD,APP_CURRENT,VALID,OK,
1066,BTMSX,Mutual Fund,NASDAQ,NASDAQ,,APP_ONLY,MUNIs 407,,Baird Short-Term Municipal Bond Investor,USD,APP_CURRENT,VALID,OK,
1067,ASTEX,Mutual Fund,Nasdaq,Nasdaq,,APP_ONLY,MUNIs 407,,American Funds Shrt-Term Tx-Exmpt Bd A,USD,APP_CURRENT,VALID,OK,
1068,FSHIX,Mutual Fund,Nasdaq,Nasdaq,,APP_ONLY,MUNIs 407,,Federated Hermes Short-Interm Muni IS,USD,APP_CURRENT,VALID,OK,
1069,DFTIX,Mutual Fund,Nasdaq,Nasdaq,,APP_ONLY,MUNIs 407,,DFA Intermediate-Term Municipal Bd I,USD,APP_CURRENT,VALID,OK,
1070,DFMPX,Mutual Fund,Nasdaq,Nasdaq,,APP_ONLY,MUNIs 407,,DFA Municipal Bond Institutional,USD,APP_CURRENT,VALID,OK,
1071,CCSTX,Mutual Fund,NASDAQ,NASDAQ,,APP_ONLY,MUNIs CA 70,,Capital Group California Short-Term Municipal Fund,USD,APP_CURRENT,VALID,OK,
1072,OSTAX,Mutual Fund,Nasdaq,Nasdaq,,APP_ONLY,MUNIs 407,,JPMorgan Short-Interm Muncpl Bd A,USD,APP_CURRENT,VALID,OK,
1073,USCBX,Mutual Fund,NASDAQ,NASDAQ,,APP_ONLY,MUNIs CA 70,,Victory California Bond Fund,USD,APP_CURRENT,VALID,OK,
1074,DNYMX,Mutual Fund,Nasdaq,Nasdaq,,APP_ONLY,MUNIs 407,,DFA NY Municipal Bond Portfolio,USD,APP_CURRENT,VALID,OK,
1075,NSMIX,Mutual Fund,Nasdaq,Nasdaq,,APP_ONLY,MUNIs 407,,Columbia Short Dur Municipal Bond Inst,USD,APP_CURRENT,VALID,OK,
1076,DFCMX,Mutual Fund,NASDAQ,NASDAQ,,APP_ONLY,MUNIs CA 70,,DFA CA Short-Term Municipal Bond I,USD,APP_CURRENT,VALID,OK,
1077,SFCIX,Mutual Fund,NASDAQ,NASDAQ,,APP_ONLY,MUNIs CA 70,,Allspring California Limited-Term Tax-Free Fund,USD,APP_CURRENT,VALID,OK,
1078,BSNSX,Mutual Fund,NASDAQ,NASDAQ,,APP_ONLY,MUNIs 407,,Baird Strategic Municipal Bond Investor,USD,APP_CURRENT,VALID,OK,
1079,USVAX,Mutual Fund,Nasdaq,Nasdaq,,APP_ONLY,MUNIs 407,,Victory Virginia Bond Fund,USD,APP_CURRENT,VALID,OK,
1080,FFTFX,Mutual Fund,Nasdaq,Nasdaq,,APP_ONLY,MUNIs 407,,Franklin Federal Lmtd-Term T/F Inc A1,USD,APP_CURRENT,VALID,OK,
1081,GSDUX,Mutual Fund,Nasdaq,Nasdaq,,APP_ONLY,MUNIs 407,,Goldman Sachs Short Dur T/F Instl,USD,APP_CURRENT,VALID,OK,
1082,EXDVX,Mutual Fund,NASDAQ,NASDAQ,,APP_ONLY,MUNIs 407,,Manning & Napier Diversified TE Series A,USD,APP_CURRENT,VALID,OK,
1083,OKMUX,Mutual Fund,Nasdaq,Nasdaq,,APP_ONLY,MUNIs 407,,Oklahoma Municipal A,USD,APP_CURRENT,VALID,OK,
1084,FCSTX,Mutual Fund,NASDAQ,NASDAQ,,APP_ONLY,MUNIs CA 70,,Fidelity California Ltd Trm Tax-Free Bd,USD,APP_CURRENT,VALID,OK,
1085,NMCO,Stock,NYSE,NYSE,,APP_ONLY,Nuveen,,Nuveen Municipal Credit Opportunities Fund,USD,APP_CURRENT,VALID,OK,
1086,FIWAX,Mutual Fund,Nasdaq,Nasdaq,,APP_ONLY,MUNIs 407,,Fidelity Advisor Ltd Term Muni Inc Z,USD,APP_CURRENT,VALID,OK,
1087,AITFX,Mutual Fund,Nasdaq,Nasdaq,,APP_ONLY,MUNIs 407,,Invesco Limited Term Municipal Income A2,USD,APP_CURRENT,VALID,OK,
1088,VMLTX,Mutual Fund,Nasdaq,Nasdaq,,APP_ONLY,MUNIs 407,,Vanguard Ltd-Term Tx-Ex,USD,APP_CURRENT,VALID,OK,
1089,VMLUX,Mutual Fund,Nasdaq,Nasdaq,,APP_ONLY,MUNIs 407,,Vanguard Ltd-Term Tx-Ex Adm,USD,APP_CURRENT,VALID,OK,
1090,GNYTX,Mutual Fund,Nasdaq,Nasdaq,,APP_ONLY,MUNIs 407,,Columbia New York Itmt Muncpl Bd Inst,USD,APP_CURRENT,VALID,OK,
1091,STE,Stock,NYSE,NYSE,,APP_ONLY,S&P 500-7,,STERIS plc,USD,APP_CURRENT,VALID,OK,
1092,BCITX,Mutual Fund,NASDAQ,NASDAQ,,APP_ONLY,MUNIs CA 70,,American Century California Intermediate-Term Tax-Free Bond Fund,USD,APP_CURRENT,VALID,OK,
1093,EXR,Stock,NYSE,NYSE,,APP_ONLY,S&P 500-7,,Extra Space Storage Inc.,USD,APP_CURRENT,VALID,OK,
1094,DKL,Stock,NYSE,NYSE,,APP_ONLY,Dividends,,"Delek Logistics Partners, LP",USD,APP_CURRENT,VALID,OK,
1095,MECMX,Mutual Fund,Nasdaq,Nasdaq,,APP_ONLY,BlackRock,,BlackRock California Muni Opps Inv A,USD,APP_CURRENT,VALID,OK,
1096,MACMX,Mutual Fund,Nasdaq,Nasdaq,,APP_ONLY,BlackRock; MUNIs CA 70,,BlackRock California Municipal Opportunities Fund,USD,APP_CURRENT,VALID,OK,
1097,MDCMX,Mutual Fund,Nasdaq,Nasdaq,,APP_ONLY,BlackRock; MUNIs CA 70,,BlackRock California Municipal Opportunities Fund,USD,APP_CURRENT,VALID,OK,
1098,MFCMX,Mutual Fund,Nasdaq,Nasdaq,,APP_ONLY,BlackRock; MUNIs CA 70,,BlackRock California Muni Opps Inv C,USD,APP_CURRENT,VALID,OK,
1099,THNMX,Mutual Fund,Nasdaq,Nasdaq,,APP_ONLY,MUNIs 407,,Thornburg NM Intermediate Municipal A,USD,APP_CURRENT,VALID,OK,
1100,USATX,Mutual Fund,NASDAQ,NASDAQ,,APP_ONLY,MUNIs 407,,Victory Tax Exempt Intermediate Term Fund,USD,APP_CURRENT,VALID,OK,
1101,LTCAX,Mutual Fund,NASDAQ,NASDAQ,,APP_ONLY,MUNIs CA 70,,Thornburg CA Limited-Term Muni A,USD,APP_CURRENT,VALID,OK,
1102,XEL,Stock,NasdaqGS,NasdaqGS,,APP_ONLY,NASDAQ 100-8; S&P 500-7,,Xcel Energy Inc.,USD,APP_CURRENT,VALID,OK,
1103,THIMX,Mutual Fund,NASDAQ,NASDAQ,,APP_ONLY,MUNIs 407,,Thornburg Intermediate Municipal A,USD,APP_CURRENT,VALID,OK,
1104,T.TO,Stock,Toronto,Toronto,,APP_ONLY,Comm,,TELUS Corporation,CAD,APP_CURRENT,VALID,OK,
1105,CALI,ETF,NasdaqGM,NasdaqGM,,APP_ONLY,BlackRock; Taxes,,iShares Short-Term California Muni Active ETF,USD,APP_CURRENT,VALID,OK,
1106,PRNMX,Mutual Fund,Nasdaq,Nasdaq,,APP_ONLY,MUNIs 407,,PGIM National Muni A,USD,APP_CURRENT,VALID,OK,
1107,TMUS,Stock,NasdaqGS,NasdaqGS,,APP_ONLY,Comm; NASDAQ 100-8; S&P 500-7,,"T-Mobile US, Inc.",USD,APP_CURRENT,VALID,NONBLOCKING_METADATA_VARIANT,Source rows contain differing descriptive metadata; symbol itself is unchanged.
1108,XLY,ETF,NYSEArca,NYSEArca,,APP_ONLY,ETFs - Sectors,,State Street Consumer Discretionary Select Sector SPDR ETF,USD,APP_CURRENT,VALID,OK,
1109,MCO,Stock,NYSE,NYSE,,APP_ONLY,S&P 500-7,,Moody's Corporation,USD,APP_CURRENT,VALID,OK,
1110,JKHY,Stock,NasdaqGS,NasdaqGS,,APP_ONLY,S&P 500-7,,"Jack Henry & Associates, Inc.",USD,APP_CURRENT,VALID,OK,
1111,VWSTX,Mutual Fund,Nasdaq,Nasdaq,,APP_ONLY,MUNIs 407,,Vanguard Ultra Short-Term Tx-Ex,USD,APP_CURRENT,VALID,OK,
1112,VWSUX,Mutual Fund,Nasdaq,Nasdaq,,APP_ONLY,MUNIs 407,,Vanguard Ultra Short-Term Tx-Ex Adm,USD,APP_CURRENT,VALID,OK,
1113,ZM=F,Future,CBOT,CBOT,,APP_ONLY,Commodities,,Soybean Meal Futures,USD,APP_CURRENT,VALID,OK,
1114,ROP,Stock,NasdaqGS,NasdaqGS,,APP_ONLY,Div Aristocrats; NASDAQ 100-8; S&P 500-7,,"Roper Technologies, Inc.",USD,APP_CURRENT,VALID,OK,
1115,SOBI.ST,Stock,Stockholm,Stockholm,,APP_ONLY,Drugs,,Swedish Orphan Biovitrum AB (publ),SEK,APP_CURRENT,VALID,OK,
1116,STZ,Stock,NYSE,NYSE,,APP_ONLY,S&P 500-7,,"Constellation Brands, Inc.",USD,APP_CURRENT,VALID,OK,
1117,HAS,Stock,NasdaqGS,NasdaqGS,,APP_ONLY,S&P 500-7,,"Hasbro, Inc.",USD,APP_CURRENT,VALID,OK,
1118,MKTX,Stock,NasdaqGS,NasdaqGS,,APP_ONLY,S&P 500 -,,MarketAxess Holdings Inc.,USD,APP_CURRENT,VALID,OK,
1119,ZN=F,Future,CBOT,CBOT,,APP_ONLY,"Commodities; ON DECK; VIX, $, Int",,"10-Year T-Note Futures,Jun-2025",USD,APP_CURRENT,VALID,OK,
1120,DIS,Stock,NYSE,NYSE,US,BOTH,DOW-4; DOWa; Media; S&P 500-7,US,The Walt Disney Company,USD,ALL_EXCHANGES,VALID,OK,
1121,JPST,ETF,NYSEArca,NYSEArca,,APP_ONLY,Taxes,,JPMorgan Ultra-Short Income ETF,USD,APP_CURRENT,VALID,OK,
1122,GSK,Stock,NYSE,NYSE,,APP_ONLY,Drugs,,GSK plc,USD,APP_CURRENT,VALID,OK,
1123,TJX,Stock,NYSE,NYSE,,APP_ONLY,S&P 500-7,,"The TJX Companies, Inc.",USD,APP_CURRENT,VALID,OK,
1124,SUNPHARMA.NS,Stock,NSE,NSE,Global,BOTH,Drugs,Global,Sun Pharmaceutical Industries Limited,INR,ALL_EXCHANGES,VALID,OK,
1125,AEP,Stock,NasdaqGS,NasdaqGS,,APP_ONLY,NASDAQ 100-8; S&P 500-7,,"American Electric Power Company, Inc.",USD,APP_CURRENT,VALID,OK,
1126,MA,Stock,NYSE,NYSE,,APP_ONLY,S&P 500-7,,Mastercard Incorporated,USD,APP_CURRENT,VALID,OK,
1127,RY.TO,Stock,Toronto,Toronto,Exchs; Global,BOTH,Finance,Exchs; Global,Royal Bank of Canada,CAD,ALL_EXCHANGES,VALID,OK,
1128,CB,Stock,NYSE,NYSE,,APP_ONLY,Div Aristocrats; S&P 500-7,,Chubb Limited,USD,APP_CURRENT,VALID,OK,
1129,EPR,Stock,NYSE,NYSE,,APP_ONLY,Possible,,EPR Properties,USD,APP_CURRENT,VALID,OK,
1130,DX-Y.NYB,Index,NYBOT,NYBOT,,APP_ONLY,"VIX, $, Int",,US Dollar Index,USD,APP_CURRENT,VALID,OK,
1131,ZF=F,Future,CBOT,CBOT,,APP_ONLY,Commodities,,"5-Year T-Note Futures,Sep-2026",USD,APP_CURRENT,VALID,OK,
1132,PTY,Stock,NYSE,NYSE,US,BOTH,PIMCO,US,PIMCO Corporate & Income Opportunity Fund,USD,ALL_EXCHANGES,VALID,OK,
1133,AGNC,Stock,NASDAQ,NASDAQ,,APP_ONLY,Dividends,,AGNC Investment Corp.,USD,APP_CURRENT,VALID,OK,
1134,FMNDX,Mutual Fund,NASDAQ,NASDAQ,,APP_ONLY,Fidelity Funds,,Fidelity Conservative Inc Muni Bd Retl,USD,APP_CURRENT,VALID,OK,
1135,FCNVX,Mutual Fund,NASDAQ,NASDAQ,,APP_ONLY,Fidelity Funds,,Fidelity Conservative Income Bond,USD,APP_CURRENT,VALID,OK,
1136,FFRHX,Mutual Fund,NASDAQ,NASDAQ,,APP_ONLY,Fidelity Funds,,Fidelity Floating Rate High Income,USD,APP_CURRENT,VALID,OK,
1137,SPAXX,Money Market,NASDAQ,NASDAQ,,APP_ONLY,Fidelity Funds,,Fidelity Hereford Street Trust - Fidelity Government Money Market Fund,USD,APP_CURRENT,VALID,OK,
1138,UDN,ETF,NYSEArca,NYSEArca,,APP_ONLY,ETFs - Currency,,Invesco DB US Dollar Index Bearish Fund,USD,APP_CURRENT,VALID,OK,
1139,APUSX,Mutual Fund,NASDAQ,NASDAQ,,APP_ONLY,MUNIs 407,,Cavanal Hill Ultra Short Tax-Free Income Fund,USD,APP_CURRENT,VALID,OK,
1140,ATOIX,Mutual Fund,Nasdaq,Nasdaq,,APP_ONLY,MUNIs 407,,abrdn Ultra Short Municipal Inc Instl,USD,APP_CURRENT,VALID,OK,
1141,AUNYX,Mutual Fund,Nasdaq,Nasdaq,,APP_ONLY,MUNIs 407,,AB Municipal Bond Inflation Strategy Adv,USD,APP_CURRENT,VALID,OK,
1142,DFABX,Mutual Fund,Nasdaq,Nasdaq,,APP_ONLY,MUNIs 407,,DFA ST Slctv Stt Muncpl Bd Ptf Instl,USD,APP_CURRENT,VALID,OK,
1143,DFSMX,Mutual Fund,Nasdaq,Nasdaq,,APP_ONLY,MUNIs 407,,DFA Short Term Municipal Bond I,USD,APP_CURRENT,VALID,OK,
1144,DUALX,Mutual Fund,Nasdaq,Nasdaq,,APP_ONLY,MUNIs 407,,Dupree Alabama Tax Free Income Series Fund,USD,APP_CURRENT,VALID,OK,
1145,DUMSX,Mutual Fund,Nasdaq,Nasdaq,,APP_ONLY,MUNIs 407,,Dupree Mississippi Tax-Free Income Series,USD,APP_CURRENT,VALID,OK,
1146,EXFLX,Mutual Fund,Nasdaq,Nasdaq,,APP_ONLY,MUNIs 407,,Eaton Vance Ntnl Ultr Shrt Muni Inc A,USD,APP_CURRENT,VALID,OK,
1147,FGNSX,Mutual Fund,NASDAQ,NASDAQ,,APP_ONLY,MUNIs 407,,Strategic Advisers Tx-Snstv Shrt Dur,USD,APP_CURRENT,VALID,OK,
1148,FHMIX,Mutual Fund,Nasdaq,Nasdaq,,APP_ONLY,MUNIs 407,,Federated Hermes Cnsrvtv Mncpl Mcsht Ins,USD,APP_CURRENT,VALID,OK,
1149,FMUSX,Mutual Fund,Nasdaq,Nasdaq,,APP_ONLY,MUNIs 407,,Federated Hermes Municipal Ultrashort IS,USD,APP_CURRENT,VALID,OK,
1150,FUEMX,Mutual Fund,Nasdaq,Nasdaq,,APP_ONLY,MUNIs 407,,Fidelity Flex Cnsrv Inc Muni Bd,USD,APP_CURRENT,VALID,OK,
1151,KSMUX,Mutual Fund,Nasdaq,Nasdaq,,APP_ONLY,MUNIs 407,,Kansas Municipal A,USD,APP_CURRENT,VALID,OK,
1152,KYTFX,Mutual Fund,Nasdaq,Nasdaq,,APP_ONLY,MUNIs 407,,Dupree KY Tax-Free Income,USD,APP_CURRENT,VALID,OK,
1153,LTNYX,Mutual Fund,Nasdaq,Nasdaq,,APP_ONLY,MUNIs 407,,Invesco Rochester Limited Term New York Municipal Fund,USD,APP_CURRENT,VALID,OK,
1154,NEARX,Mutual Fund,Nasdaq,Nasdaq,,APP_ONLY,MUNIs 407,,US Global Investors Near-Term Tax Free,USD,APP_CURRENT,VALID,OK,
1155,NEMUX,Mutual Fund,Nasdaq,Nasdaq,,APP_ONLY,MUNIs 407,,Nebraska Municipal A,USD,APP_CURRENT,VALID,OK,
1156,NTFIX,Mutual Fund,Nasdaq,Nasdaq,,APP_ONLY,MUNIs 407,,Dupree North Carolina Tax-Free Income Series,USD,APP_CURRENT,VALID,OK,
1157,ORSYX,Mutual Fund,Nasdaq,Nasdaq,,APP_ONLY,MUNIs 407,,Invesco Short Term Municipal Y,USD,APP_CURRENT,VALID,OK,
1158,PBMFX,Mutual Fund,NASDAQ,NASDAQ,,APP_ONLY,MUNIs 407,,Victory Amt-Free Municipal Fund Class A,USD,APP_CURRENT,VALID,OK,
1159,PRFSX,Mutual Fund,Nasdaq,Nasdaq,,APP_ONLY,MUNIs 407,,T. Rowe Price Short-Itmt Muncpl Bd,USD,APP_CURRENT,VALID,OK,
1160,PRMDX,Mutual Fund,NASDAQ,NASDAQ,,APP_ONLY,MUNIs 407,,T. Rowe Price MD Short-Term Tax-Free,USD,APP_CURRENT,VALID,OK,
1161,SHDAX,Mutual Fund,Nasdaq,Nasdaq,,APP_ONLY,MUNIs 407,,Western Asset Short Duration Muni Inc A,USD,APP_CURRENT,VALID,OK,
1162,TFCYX,Mutual Fund,Nasdaq,Nasdaq,,APP_ONLY,MUNIs 407,,Sei Institutional Managed Trust - SIMT Tax-Free Conservative Income Fund,USD,APP_CURRENT,VALID,OK,
1163,TLMIX,Mutual Fund,NASDAQ,NASDAQ,,APP_ONLY,MUNIs 407,,Thornburg Short Duration Municipal I,USD,APP_CURRENT,VALID,OK,
1164,TNTIX,Mutual Fund,Nasdaq,Nasdaq,,APP_ONLY,MUNIs 407,,Dupree TN Tax-Free Income,USD,APP_CURRENT,VALID,OK,
1165,USMSX,Mutual Fund,Nasdaq,Nasdaq,,APP_ONLY,MUNIs 407,,JPMorgan Ultra-Short Municipal A,USD,APP_CURRENT,VALID,OK,
1166,USSTX,Mutual Fund,Nasdaq,Nasdaq,,APP_ONLY,MUNIs 407,,Victory Tax Exempt Short Term Fund,USD,APP_CURRENT,VALID,OK,
1167,VANTX,Mutual Fund,Nasdaq,Nasdaq,,APP_ONLY,MUNIs 407,,JPMorgan New York Tax Free Bond Fund,USD,APP_CURRENT,VALID,OK,
1168,VMTTX,Mutual Fund,Nasdaq,Nasdaq,,APP_ONLY,MUNIs 407,,Viking Tax-Free for Montana A,USD,APP_CURRENT,VALID,OK,
1169,DCARX,Mutual Fund,NASDAQ,NASDAQ,,APP_ONLY,MUNIs CA 70,,DFA CA Municipal Real Return Instl,USD,APP_CURRENT,VALID,OK,
1170,JCBCX,Mutual Fund,NASDAQ,NASDAQ,,APP_ONLY,MUNIs CA 70,,JPMorgan California Tax Free Bond Fund,USD,APP_CURRENT,VALID,OK,
1171,JPICX,Mutual Fund,NASDAQ,NASDAQ,,APP_ONLY,MUNIs CA 70,,JPMorgan California Tax Free Bond I,USD,APP_CURRENT,VALID,OK,
1172,DTE,Stock,NYSE,NYSE,,APP_ONLY,S&P 500-7,,DTE Energy Company,USD,APP_CURRENT,VALID,OK,
1173,NI,Stock,NYSE,NYSE,,APP_ONLY,S&P 500-7,,NiSource Inc.,USD,APP_CURRENT,VALID,OK,
1174,VTR,Stock,NYSE,NYSE,,APP_ONLY,S&P 500-7,,"Ventas, Inc.",USD,APP_CURRENT,VALID,OK,
1175,JEPI,ETF,NYSEArca,NYSEArca,,APP_ONLY,Div Aristocrats,,JPMorgan Equity Premium Income ETF,USD,APP_CURRENT,VALID,OK,
1176,JCBAX,Mutual Fund,NASDAQ,NASDAQ,,APP_ONLY,MUNIs CA 70,,JPMorgan California Tax Free Bond Fund,USD,APP_CURRENT,VALID,OK,
1177,JQC,Stock,NYSE,NYSE,,APP_ONLY,Nuveen,,Nuveen Credit Strategies Income Fund,USD,APP_CURRENT,VALID,OK,
1178,JPC,Stock,NYSE,NYSE,,APP_ONLY,Nuveen,,Nuveen Preferred & Income Opportunities Fund,USD,APP_CURRENT,VALID,OK,
1179,SWTXX,Money Market,NASDAQ,NASDAQ,,APP_ONLY,ON DECK,,The Charles Schwab Family of Funds - Schwab Municipal Money Fund,USD,APP_CURRENT,VALID,OK,
1180,SWVXX,Money Market,NASDAQ,NASDAQ,,APP_ONLY,ON DECK,,The Charles Schwab Family of Funds - Schwab Value Advantage Money Fund,USD,APP_CURRENT,VALID,OK,
1181,KE=F,Future,CBOT,CBOT,,APP_ONLY,Commodities,,"KC HRW Wheat Futures,Sep-2026",USX,APP_CURRENT,VALID,OK,
1182,1177.HK,Stock,HKSE,HKSE,,APP_ONLY,Drugs,,Sino Biopharmaceutical Limited,HKD,APP_CURRENT,VALID,OK,
1183,FDLXX,Money Market,NASDAQ,NASDAQ,,APP_ONLY,Taxes,,Fidelity Hereford Street Trust - Fidelity Treasury Only Money Market Fund,USD,APP_CURRENT,VALID,OK,
1184,VCTXX,Money Market,Nasdaq,Nasdaq,,APP_ONLY,Taxes,,Vanguard California Municipal Money Market Fund,USD,APP_CURRENT,VALID,OK,
1185,FSPXX,Money Market,Nasdaq,Nasdaq,,APP_ONLY,Taxes,,Fidelity California Municipal Trust II - Fidelity California AMT Tax-Free Money Market Fund,USD,APP_CURRENT,VALID,OK,
1186,^STI,Index,SES,SES,Global,BOTH,Asian Indices,Global,STI Index,SGD,ALL_EXCHANGES,VALID,OK,
1187,DUK,Stock,NYSE,NYSE,,APP_ONLY,S&P 500-7,,Duke Energy Corporation,USD,APP_CURRENT,VALID,OK,
1188,ZT=F,Future,CBOT,CBOT,Global; US,BOTH,"Commodities; ON DECK; VIX, $, Int",Global; US,"2-Year T-Note Futures,Sep-2026",USD,ALL_EXCHANGES,VALID,NONBLOCKING_METADATA_VARIANT,Source rows contain differing descriptive metadata; symbol itself is unchanged.
1189,CMS,Stock,NYSE,NYSE,,APP_ONLY,S&P 500-7,,CMS Energy Corporation,USD,APP_CURRENT,VALID,OK,
1190,XLRE,ETF,NYSEArca,NYSEArca,,APP_ONLY,ETFs - Sectors,,State Street Real Estate Select Sector SPDR ETF,USD,APP_CURRENT,VALID,OK,
1191,WEC,Stock,NYSE,NYSE,,APP_ONLY,S&P 500-7,,"WEC Energy Group, Inc.",USD,APP_CURRENT,VALID,OK,
1192,UUP,ETF,NYSEArca,NYSEArca,US,BOTH,ETFs - Currency,US,Invesco DB US Dollar Index Bullish Fund,USD,ALL_EXCHANGES,VALID,OK,
1193,ZS=F,Future,CBOT,CBOT,Global,BOTH,Commodities,Global,"Soybean Futures,Nov-2026",USX,ALL_EXCHANGES,VALID,OK,
1194,ALL,Stock,NYSE,NYSE,,APP_ONLY,S&P 500-7,,The Allstate Corporation,USD,APP_CURRENT,VALID,OK,
1195,MEMUX,Mutual Fund,Nasdaq,Nasdaq,,APP_ONLY,MUNIs 407,,Maine Municipal A,USD,APP_CURRENT,VALID,OK,
1196,BDX,Stock,NYSE,NYSE,,APP_ONLY,Div Aristocrats; S&P 500-7,,"Becton, Dickinson and Company",USD,APP_CURRENT,VALID,OK,
1197,ZC=F,Future,CBOT,CBOT,Global,BOTH,Commodities,Global,"Corn Futures,Dec-2026",USX,ALL_EXCHANGES,VALID,OK,
1198,AEE,Stock,NYSE,NYSE,,APP_ONLY,S&P 500-7,,Ameren Corporation,USD,APP_CURRENT,VALID,OK,
1199,^SPLK20LP,Index,SNP,SNP,,APP_ONLY,Asian Indices,,S&P Sri Lanka 20 Index (LKR),LKR,APP_CURRENT,VALID,OK,
1200,PPL,Stock,NYSE,NYSE,,APP_ONLY,S&P 500-7,,PPL Corporation,USD,APP_CURRENT,VALID,OK,
1201,^BVSP,Index,São Paulo,São Paulo,Global,BOTH,Americas Indices,Global,IBOVESPA,BRL,ALL_EXCHANGES,VALID,OK,
1202,^TWII,Index,Taiwan,Taiwan,Global,BOTH,Asian Indices,Global,TWSE Capitalization Weighted Stock Index,TWD,ALL_EXCHANGES,VALID,NONBLOCKING_METADATA_VARIANT,Source rows contain differing descriptive metadata; symbol itself is unchanged.
1203,KMI,Stock,NYSE,NYSE,,APP_ONLY,Energy; S&P 500-7,,"Kinder Morgan, Inc.",USD,APP_CURRENT,VALID,OK,
1204,INVH,Stock,NYSE,NYSE,,APP_ONLY,S&P 500-7,,Invitation Homes Inc.,USD,APP_CURRENT,VALID,OK,
1205,TECH,Stock,NASDAQ,NASDAQ,,APP_ONLY,Drugs; S&P 500-7,,Bio-Techne Corporation,USD,APP_CURRENT,VALID,NONBLOCKING_METADATA_VARIANT,Source rows contain differing descriptive metadata; symbol itself is unchanged.
1206,ZO=F,Future,CBOT,CBOT,,APP_ONLY,Commodities,,"Oat Futures,May-2025",USX,APP_CURRENT,VALID,OK,
1207,XLV,ETF,NYSEArca,NYSEArca,US,BOTH,ETFs - Sectors,US,State Street Health Care Select Sector SPDR ETF,USD,ALL_EXCHANGES,VALID,OK,
1208,TEVA,Stock,NYSE,NYSE,Global; US,BOTH,Drugs,Global; US,Teva Pharmaceutical Industries Limited,USD,ALL_EXCHANGES,VALID,OK,
1209,DOC,Stock,NYSE,NYSE,,APP_ONLY,S&P 500-7,,"Healthpeak Properties, Inc.",USD,APP_CURRENT,VALID,OK,
1210,DMREX,Mutual Fund,NASDAQ,NASDAQ,,APP_ONLY,MUNIs 407,,DFA Municipal Real Return Portfolio,USD,APP_CURRENT,VALID,OK,
1211,NQ=F,Future,CME,CME,Global; US,BOTH,Commodities,Global; US,Nasdaq 100 Sep 26,USD,ALL_EXCHANGES,VALID,OK,
1212,GOF,Stock,NYSE,NYSE,US,BOTH,Possible,US,Guggenheim Strategic Opportunities Fund,USD,ALL_EXCHANGES,VALID,OK,
1213,EA,Stock,NasdaqGS,NasdaqGS,,APP_ONLY,NASDAQ 100-8; S&P 500-7,,Electronic Arts Inc.,USD,APP_CURRENT,VALID,OK,
1214,NBIX,Stock,NasdaqGS,NasdaqGS,,APP_ONLY,Drugs,,"Neurocrine Biosciences, Inc.",USD,APP_CURRENT,VALID,OK,
1215,NPCT,Stock,NYSE,NYSE,,APP_ONLY,Nuveen,,Nuveen Core Plus Impact Fund,USD,APP_CURRENT,VALID,OK,
1216,GL,Stock,NYSE,NYSE,,APP_ONLY,S&P 500-7,,Globe Life Inc.,USD,APP_CURRENT,VALID,OK,
1217,4519.T,Stock,Tokyo,Tokyo,Global,BOTH,Drugs,Global,"Chugai Pharmaceutical Co., Ltd.",JPY,ALL_EXCHANGES,VALID,OK,
1218,ZL=F,Future,CBOT,CBOT,,APP_ONLY,Commodities,,"Soybean Oil Futures,Dec-2026",USX,APP_CURRENT,VALID,OK,
1219,PFL,Stock,NYSE,NYSE,,APP_ONLY,PIMCO,,PIMCO Income Strategy Fund,USD,APP_CURRENT,VALID,OK,
1220,NLY,Stock,NYSE,NYSE,US,BOTH,Possible,US,"Annaly Capital Management, Inc.",USD,ALL_EXCHANGES,VALID,OK,
1221,FRESX,Mutual Fund,Nasdaq,Nasdaq,Global; US,BOTH,Fidelity Funds,Global; US,Fidelity Real Estate Investment Port,USD,ALL_EXCHANGES,VALID,NONBLOCKING_METADATA_VARIANT,Source rows contain differing descriptive metadata; symbol itself is unchanged.
1222,ATO,Stock,NYSE,NYSE,,APP_ONLY,Div Aristocrats; S&P 500-7,,Atmos Energy Corporation,USD,APP_CURRENT,VALID,OK,
1223,PSX,Stock,NYSE,NYSE,,APP_ONLY,S&P 500-7,,Phillips 66,USD,APP_CURRENT,VALID,OK,
1224,SOLV,Stock,NYSE,NYSE,,APP_ONLY,S&P 500-7,,Solventum Corporation,USD,APP_CURRENT,VALID,OK,
1225,MLPX,ETF,NYSEArca,NYSEArca,,APP_ONLY,Div Aristocrats,,Global X MLP & Energy Infrastructure ETF,USD,APP_CURRENT,VALID,OK,
1226,VNQ,ETF,NYSEArca,NYSEArca,,APP_ONLY,Div Aristocrats,,Vanguard Real Estate Index Fund ETF Shares,USD,APP_CURRENT,VALID,OK,
1227,BMN,Stock,NYSE,NYSE,,APP_ONLY,MUNIs 407,,Blackrock 2037 Municipal Target Term Trust,USD,APP_CURRENT,VALID,OK,
1228,VRSK,Stock,NasdaqGS,NasdaqGS,,APP_ONLY,NASDAQ 100-8; S&P 500-7,,"Verisk Analytics, Inc.",USD,APP_CURRENT,VALID,OK,
1229,CF,Stock,NYSE,NYSE,,APP_ONLY,S&P 500-7,,"CF Industries Holdings, Inc.",USD,APP_CURRENT,VALID,OK,
1230,NAZ,Stock,NYSE,NYSE,,APP_ONLY,Nuveen,,Nuveen Arizona Quality Municipal Income Fund,USD,APP_CURRENT,VALID,OK,
1231,CTAS,Stock,NasdaqGS,NasdaqGS,,APP_ONLY,Div Aristocrats; NASDAQ 100-8; S&P 500-7,,Cintas Corporation,USD,APP_CURRENT,VALID,OK,
1232,ZR=F,Future,CBOT,CBOT,,APP_ONLY,Commodities,,"Rough Rice Futures,Sep-2026",USD,APP_CURRENT,VALID,OK,
1233,MAA,Stock,NYSE,NYSE,,APP_ONLY,S&P 500-7,,"Mid-America Apartment Communities, Inc.",USD,APP_CURRENT,VALID,OK,
1234,NMZ,Stock,NYSE,NYSE,,APP_ONLY,Nuveen,,Nuveen Municipal High Income Opportunity Fund,USD,APP_CURRENT,VALID,OK,
1235,GKOS,Stock,NYSE,NYSE,,APP_ONLY,Drugs,,Glaukos Corporation,USD,APP_CURRENT,VALID,OK,
1236,AES,Stock,NYSE,NYSE,,APP_ONLY,S&P 500-7,,The AES Corporation,USD,APP_CURRENT,VALID,OK,
1237,NMAI,Stock,NYSE,NYSE,,APP_ONLY,Nuveen,,Nuveen Multi-Asset Income Fund,USD,APP_CURRENT,VALID,OK,
1238,FXC,ETF,NYSEArca,NYSEArca,,APP_ONLY,ETFs - Currency,,Invesco CurrencyShares Canadian Dollar Trust,USD,APP_CURRENT,VALID,OK,
1239,RLVSX,Mutual Fund,Nasdaq,Nasdaq,,APP_ONLY,MUNIs 407,,Russell Inv Tax-Exempt Bond S,USD,APP_CURRENT,VALID,OK,
1240,L,Stock,NYSE,NYSE,,APP_ONLY,S&P 500-7,,Loews Corporation,USD,APP_CURRENT,VALID,OK,
1241,ABBOTINDIA.NS,Stock,NSE,NSE,,APP_ONLY,Drugs,,Abbott India Limited,INR,APP_CURRENT,VALID,OK,
1242,PCN,Stock,NYSE,NYSE,,APP_ONLY,PIMCO,,PIMCO Corporate & Income Strategy Fund,USD,APP_CURRENT,VALID,OK,
1243,NVS,Stock,NYSE,NYSE,,APP_ONLY,Drugs,,Novartis AG,USD,APP_CURRENT,VALID,OK,
1244,PM,Stock,NYSE,NYSE,,APP_ONLY,Dividends; S&P 500-7,,Philip Morris International Inc.,USD,APP_CURRENT,VALID,OK,
1245,BANB.SW,Stock,Swiss,Swiss,,APP_ONLY,Drugs,,Bachem Holding AG,CHF,APP_CURRENT,VALID,OK,
1246,^BSESN,Index,BSE,BSE,Global,BOTH,Asian Indices,Global,S&P BSE SENSEX,INR,ALL_EXCHANGES,VALID,OK,
1247,HG=F,Future,COMEX,COMEX,Global,BOTH,Commodities,Global,Copper Sep 26,USD,ALL_EXCHANGES,VALID,OK,
1248,AON,Stock,NYSE,NYSE,,APP_ONLY,S&P 500-7,,Aon plc,USD,APP_CURRENT,VALID,OK,
1249,MO,Stock,NYSE,NYSE,,APP_ONLY,Dividends; S&P 500-7,,"Altria Group, Inc.",USD,APP_CURRENT,VALID,OK,
1250,OBX.OL,Index,Oslo,Oslo,Global,BOTH,Europe Indices,Global,OBX Total Return Index,NOK,ALL_EXCHANGES,VALID,OK,
1251,PFN,Stock,NYSE,NYSE,,APP_ONLY,PIMCO,,PIMCO Income Strategy Fund II,USD,APP_CURRENT,VALID,OK,
1252,PDO,Stock,NYSE,NYSE,,APP_ONLY,PIMCO,,Pimco Dynamic Income Opportunities Fund,USD,APP_CURRENT,VALID,OK,
1253,FE,Stock,NYSE,NYSE,,APP_ONLY,S&P 500-7,,FirstEnergy Corp.,USD,APP_CURRENT,VALID,OK,
1254,3692.HK,Stock,HKSE,HKSE,Global,BOTH,Drugs,Global,Hansoh Pharmaceutical Group Company Limited,HKD,ALL_EXCHANGES,VALID,OK,
1255,6N=F,Future,CME,CME,,APP_ONLY,NZ & Aus Indices,,"New Zealand Dollar Futures,Jun-",USD,APP_CURRENT,VALID,OK,
1256,4503.T,Stock,Tokyo,Tokyo,,APP_ONLY,Drugs,,Astellas Pharma Inc.,JPY,APP_CURRENT,VALID,OK,
1257,KO,Stock,NYSE,NYSE,US,BOTH,DOW-4; DOWa; Div Aristocrats; S&P 500-7,US,The Coca-Cola Company,USD,ALL_EXCHANGES,VALID,OK,
1258,KC=F,Future,ICE Futures,ICE Futures,Global,BOTH,Commodities,Global,Coffee Dec 26,USX,ALL_EXCHANGES,VALID,NONBLOCKING_METADATA_VARIANT,Source rows contain differing descriptive metadata; symbol itself is unchanged.
1259,DG,Stock,NYSE,NYSE,,APP_ONLY,S&P 500-7,,Dollar General Corporation,USD,APP_CURRENT,VALID,OK,
1260,UDR,Stock,NYSE,NYSE,,APP_ONLY,S&P 500-7,,"UDR, Inc.",USD,APP_CURRENT,VALID,OK,
1261,PEP,Stock,NasdaqGS,NasdaqGS,,APP_ONLY,Div Aristocrats; NASDAQ 100-8; S&P 500-7,,"PepsiCo, Inc.",USD,APP_CURRENT,VALID,OK,
1262,AIZ,Stock,NYSE,NYSE,,APP_ONLY,S&P 500-7,,"Assurant, Inc.",USD,APP_CURRENT,VALID,OK,
1263,META,Stock,NasdaqGS,NasdaqGS,US,BOTH,NASDAQ Mag8; Top 10,US,"Meta Platforms, Inc.",USD,ALL_EXCHANGES,VALID,NONBLOCKING_METADATA_VARIANT,Source rows contain differing descriptive metadata; symbol itself is unchanged.
1264,TORNTPHARM.NS,Stock,NSE,NSE,,APP_ONLY,Drugs,,Torrent Pharmaceuticals Limited,INR,APP_CURRENT,VALID,OK,
1265,PTFSX,Mutual Fund,Nasdaq,Nasdaq,,APP_ONLY,MUNIs 407,,FundVantage Trust - Pacific Capital Tax-Free Short Intermediate Securities Fund,USD,APP_CURRENT,VALID,OK,
1266,NMI,Stock,NYSE,NYSE,,APP_ONLY,Nuveen,,"Nuveen Municipal Income Fund, Inc.",USD,APP_CURRENT,VALID,OK,
1267,DXCM,Stock,NasdaqGS,NasdaqGS,,APP_ONLY,NASDAQ 100-8; S&P 500-7,,"DexCom, Inc.",USD,APP_CURRENT,VALID,OK,
1268,BWA,Stock,NYSE,NYSE,,APP_ONLY,S&P 500 -,,BorgWarner Inc.,USD,APP_CURRENT,VALID,OK,
1269,PHK,Stock,NYSE,NYSE,,APP_ONLY,PIMCO,,PIMCO High Income Fund,USD,APP_CURRENT,VALID,OK,
1270,A,Stock,NYSE,NYSE,,APP_ONLY,S&P 500-7,,"Agilent Technologies, Inc.",USD,APP_CURRENT,VALID,OK,
1271,HST,Stock,NasdaqGS,NasdaqGS,,APP_ONLY,S&P 500-7,,"Host Hotels & Resorts, Inc.",USD,APP_CURRENT,VALID,OK,
1272,PPH,ETF,NasdaqGM,NasdaqGM,,APP_ONLY,ETFs - Drugs,,VanEck Pharmaceutical ETF,USD,APP_CURRENT,VALID,OK,
1273,PEG,Stock,NYSE,NYSE,,APP_ONLY,S&P 500-7,,Public Service Enterprise Group Incorporated,USD,APP_CURRENT,VALID,OK,
1274,XLE,ETF,NYSEArca,NYSEArca,US,BOTH,ETFs - Sectors,US,State Street Energy Select Sector SPDR ETF,USD,ALL_EXCHANGES,VALID,OK,
1275,ELAN,Stock,NYSE,NYSE,,APP_ONLY,Drugs,,Elanco Animal Health Incorporated,USD,APP_CURRENT,VALID,OK,
1276,MAR,Stock,NasdaqGS,NasdaqGS,,APP_ONLY,NASDAQ 100-8; S&P 500-7,,"Marriott International, Inc.",USD,APP_CURRENT,VALID,OK,
1277,RB=F,Future,NY Mercantile,NY Mercantile,,APP_ONLY,Commodities,,RBOB Gasoline Sep 26,USD,APP_CURRENT,VALID,OK,
1278,ABNB,Stock,NasdaqGS,NasdaqGS,,APP_ONLY,NASDAQ 100-8; S&P 500-7,,"Airbnb, Inc.",USD,APP_CURRENT,VALID,OK,
1279,PH,Stock,NYSE,NYSE,,APP_ONLY,S&P 500-7,,Parker-Hannifin Corporation,USD,APP_CURRENT,VALID,OK,
1280,LLY,Stock,NYSE,NYSE,,APP_ONLY,Drugs; S&P 500-7,,Eli Lilly and Company,USD,APP_CURRENT,VALID,OK,
1281,MSCI,Stock,NYSE,NYSE,,APP_ONLY,S&P 500-7,,MSCI Inc.,USD,APP_CURRENT,VALID,OK,
1282,JFR,Stock,NYSE,NYSE,,APP_ONLY,Nuveen,,Nuveen Floating Rate Income Fund,USD,APP_CURRENT,VALID,OK,
1283,LULU,Stock,NasdaqGS,NasdaqGS,,APP_ONLY,NASDAQ 100 -; S&P 500-7,,lululemon athletica inc.,USD,APP_CURRENT,VALID,NONBLOCKING_METADATA_VARIANT,Source rows contain differing descriptive metadata; symbol itself is unchanged.
1284,WM,Stock,NYSE,NYSE,,APP_ONLY,Dividends; S&P 500-7,,"Waste Management, Inc.",USD,APP_CURRENT,VALID,OK,
1285,ABBV,Stock,NYSE,NYSE,,APP_ONLY,Div Aristocrats; Drugs; S&P 500-7,,AbbVie Inc.,USD,APP_CURRENT,VALID,OK,
1286,MELI,Stock,NasdaqGS,NasdaqGS,,APP_ONLY,NASDAQ 100-8,,"MercadoLibre, Inc.",USD,APP_CURRENT,VALID,OK,
1287,NDAQ,Stock,NASDAQ,NASDAQ,,APP_ONLY,S&P 500-7,,"Nasdaq, Inc.",USD,APP_CURRENT,VALID,OK,
1288,MTD,Stock,NYSE,NYSE,,APP_ONLY,S&P 500-7,,Mettler-Toledo International Inc.,USD,APP_CURRENT,VALID,OK,
1289,MDT,Stock,NYSE,NYSE,,APP_ONLY,Div Aristocrats; S&P 500-7,,Medtronic plc,USD,APP_CURRENT,VALID,OK,
1290,XLU,ETF,NYSEArca,NYSEArca,US,BOTH,ETFs - Sectors,US,State Street Utilities Select Sector SPDR ETF,USD,ALL_EXCHANGES,VALID,OK,
1291,RCS,Stock,NYSE,NYSE,,APP_ONLY,PIMCO,,"PIMCO Strategic Income Fund, Inc.",USD,APP_CURRENT,VALID,OK,
1292,WTW,Stock,NasdaqGS,NasdaqGS,,APP_ONLY,S&P 500-7,,Willis Towers Watson Public Limited Company,USD,APP_CURRENT,VALID,OK,
1293,MGC=F,Future,COMEX,COMEX,,APP_ONLY,Commodities,,"Micro Gold Futures,Jun-2026",USD,APP_CURRENT,VALID,OK,
1294,GC=F,Future,COMEX,COMEX,Global; US,BOTH,"Commodities; VIX, $, Int",Global; US,Gold Dec 26,USD,ALL_EXCHANGES,VALID,NONBLOCKING_METADATA_VARIANT,Source rows contain differing descriptive metadata; symbol itself is unchanged.
1295,RL,Stock,NYSE,NYSE,,APP_ONLY,S&P 500-7,,Ralph Lauren Corporation,USD,APP_CURRENT,VALID,OK,
1296,HIG,Stock,NYSE,NYSE,,APP_ONLY,S&P 500-7,,"The Hartford Insurance Group, Inc.",USD,APP_CURRENT,VALID,OK,
1297,PSEI.PS,Index,Philippine,Philippine,,APP_ONLY,Asian Indices,,PSEi INDEX,PHP,APP_CURRENT,VALID,OK,
1298,^HSI,Index,HKSE,HKSE,Global,BOTH,Asian Indices,Global,HANG SENG INDEX,HKD,ALL_EXCHANGES,VALID,OK,
1299,ALNY,Stock,NasdaqGS,NasdaqGS,,APP_ONLY,Drugs; NASDAQ 100-8,,"Alnylam Pharmaceuticals, Inc.",USD,APP_CURRENT,VALID,OK,
1300,TRGP,Stock,NYSE,NYSE,,APP_ONLY,S&P 500-7,,Targa Resources Corp.,USD,APP_CURRENT,VALID,OK,
1301,TU,Stock,NYSE,NYSE,,APP_ONLY,Dividends,,TELUS Corporation,USD,APP_CURRENT,VALID,OK,
1302,SNY,Stock,NasdaqGS,NasdaqGS,,APP_ONLY,Drugs,,Sanofi,USD,APP_CURRENT,VALID,OK,
1303,1099.HK,Stock,HKSE,HKSE,,APP_ONLY,Drugs,,Sinopharm Group Co. Ltd.,HKD,APP_CURRENT,VALID,OK,
1304,BZ=F,Future,NY Mercantile,NY Mercantile,Global,BOTH,Commodities; ON DECK,Global,Brent Crude Oil Last Day Financ,USD,ALL_EXCHANGES,VALID,OK,
1305,SUI,Stock,NYSE,NYSE,,APP_ONLY,Possible,,"Sun Communities, Inc.",USD,APP_CURRENT,VALID,OK,
1306,COST,Stock,NasdaqGS,NasdaqGS,US,BOTH,NASDAQ 100-8; Possible; S&P 500-7,US,Costco Wholesale Corporation,USD,ALL_EXCHANGES,VALID,NONBLOCKING_METADATA_VARIANT,Source rows contain differing descriptive metadata; symbol itself is unchanged.
1307,WELL,Stock,NYSE,NYSE,US,BOTH,S&P 500-7,US,Welltower Inc.,USD,ALL_EXCHANGES,VALID,OK,
1308,CL=F,Future,NY Mercantile,NY Mercantile,Global; US,BOTH,Commodities; ON DECK,Global; US,Crude Oil Sep 26,USD,ALL_EXCHANGES,VALID,NONBLOCKING_METADATA_VARIANT,Source rows contain differing descriptive metadata; symbol itself is unchanged.
1309,EZNYX,Mutual Fund,Nasdaq,Nasdaq,,APP_ONLY,MUNIs 407,,Eaton Vance Investment Trust - Eaton Vance New York Municipal Opportunities Fund,USD,APP_CURRENT,VALID,OK,
1310,OKE,Stock,NYSE,NYSE,,APP_ONLY,S&P 500-7,,"ONEOK, Inc.",USD,APP_CURRENT,VALID,OK,
1311,FRT,Stock,NYSE,NYSE,,APP_ONLY,Div Aristocrats; S&P 500-7,,Federal Realty Investment Trust,USD,APP_CURRENT,VALID,OK,
1312,COR,Stock,NYSE,NYSE,,APP_ONLY,S&P 500-7,,"Cencora, Inc.",USD,APP_CURRENT,VALID,OK,
1313,LONN.SW,Stock,Swiss,Swiss,Global,BOTH,Drugs,Global,Lonza Group AG,CHF,ALL_EXCHANGES,VALID,OK,
1314,OXY,Stock,NYSE,NYSE,,APP_ONLY,Possible; S&P 500-7,,Occidental Petroleum Corporation,USD,APP_CURRENT,VALID,OK,
1315,UHS,Stock,NYSE,NYSE,,APP_ONLY,S&P 500-7,,"Universal Health Services, Inc.",USD,APP_CURRENT,VALID,OK,
1316,MPWR,Stock,NasdaqGS,NasdaqGS,,APP_ONLY,NASDAQ 100-8; S&P 500-7,,"Monolithic Power Systems, Inc.",USD,APP_CURRENT,VALID,OK,
1317,PL=F,Future,NY Mercantile,NY Mercantile,,APP_ONLY,Commodities,,Platinum Oct 26,USD,APP_CURRENT,VALID,OK,
1318,^DJU,Index,DJI,DJI,,APP_ONLY,US Indices,,Dow Jones Utility Average,USD,APP_CURRENT,VALID,OK,
1319,4523.T,Stock,Tokyo,Tokyo,,APP_ONLY,Drugs,,"Eisai Co., Ltd.",JPY,APP_CURRENT,VALID,OK,
1320,XOM,Stock,NYSE,NYSE,US,BOTH,DOW -; Div Aristocrats; Energy; S&P 500-7,US,ExxonMobil Holdings Corporation,USD,ALL_EXCHANGES,VALID,NONBLOCKING_METADATA_VARIANT,Source rows contain differing descriptive metadata; symbol itself is unchanged.
1321,CSGP,Stock,NasdaqGS,NasdaqGS,,APP_ONLY,NASDAQ 100 -; S&P 500-7,,"CoStar Group, Inc.",USD,APP_CURRENT,VALID,NONBLOCKING_METADATA_VARIANT,Source rows contain differing descriptive metadata; symbol itself is unchanged.
1322,PA=F,Future,NY Mercantile,NY Mercantile,,APP_ONLY,Commodities,,Palladium Sep 26,USD,APP_CURRENT,VALID,OK,
1323,MRSH,Stock,NYSE,NYSE,,APP_ONLY,S&P 500-7,,"Marsh & McLennan Companies, Inc.",USD,APP_CURRENT,VALID,OK,
1324,HLT,Stock,NYSE,NYSE,,APP_ONLY,S&P 500-7,,Hilton Worldwide Holdings Inc.,USD,APP_CURRENT,VALID,OK,
1325,ROST,Stock,NasdaqGS,NasdaqGS,,APP_ONLY,NASDAQ 100-8; S&P 500-7,,"Ross Stores, Inc.",USD,APP_CURRENT,VALID,OK,
1326,KR,Stock,NYSE,NYSE,,APP_ONLY,S&P 500-7,,The Kroger Co.,USD,APP_CURRENT,VALID,OK,
1327,AIV,Stock,NYSE,NYSE,,APP_ONLY,SOLD,,Apartment Investment and Management Company,USD,APP_CURRENT,VALID,OK,
1328,YUM,Stock,NYSE,NYSE,,APP_ONLY,S&P 500-7,,"Yum! Brands, Inc.",USD,APP_CURRENT,VALID,OK,
1329,EG,Stock,NYSE,NYSE,,APP_ONLY,S&P 500-7,,"Everest Group, Ltd.",USD,APP_CURRENT,VALID,OK,
1330,MFA,Stock,NYSE,NYSE,,APP_ONLY,Dividends,,"MFA Financial, Inc.",USD,APP_CURRENT,VALID,OK,
1331,WYNN,Stock,NasdaqGS,NasdaqGS,,APP_ONLY,S&P 500-7,,"Wynn Resorts, Limited",USD,APP_CURRENT,VALID,OK,
1332,JRI,Stock,NYSE,NYSE,,APP_ONLY,Nuveen,,Nuveen Real Asset Income and Growth Fund,USD,APP_CURRENT,VALID,OK,
1333,WPC,Stock,NYSE,NYSE,,APP_ONLY,Finance,,W. P. Carey Inc.,USD,APP_CURRENT,VALID,OK,
1334,JRS,Stock,NYSE,NYSE,,APP_ONLY,Nuveen,,Nuveen Real Estate Income Fund,USD,APP_CURRENT,VALID,OK,
1335,DRI,Stock,NYSE,NYSE,,APP_ONLY,S&P 500-7,,"Darden Restaurants, Inc.",USD,APP_CURRENT,VALID,OK,
1336,CNP,Stock,NYSE,NYSE,,APP_ONLY,S&P 500-7,,"CenterPoint Energy, Inc.",USD,APP_CURRENT,VALID,OK,
1337,2222.SR,Stock,Saudi,Saudi,Global,BOTH,Top 10,Global,Saudi Arabian Oil Company,SAR,ALL_EXCHANGES,VALID,NONBLOCKING_METADATA_VARIANT,Source rows contain differing descriptive metadata; symbol itself is unchanged.
1338,TDG,Stock,NYSE,NYSE,,APP_ONLY,S&P 500-7,,TransDigm Group Incorporated,USD,APP_CURRENT,VALID,OK,
1339,TGT,Stock,NYSE,NYSE,,APP_ONLY,Div Aristocrats; S&P 500-7,,Target Corporation,USD,APP_CURRENT,VALID,OK,
1340,BRO,Stock,NYSE,NYSE,,APP_ONLY,Div Aristocrats; S&P 500-7,,"Brown & Brown, Inc.",USD,APP_CURRENT,VALID,OK,
1341,LNT,Stock,NasdaqGS,NasdaqGS,,APP_ONLY,S&P 500-7,,Alliant Energy Corporation,USD,APP_CURRENT,VALID,OK,
1342,CAH,Stock,NYSE,NYSE,,APP_ONLY,Div Aristocrats; S&P 500-7,,"Cardinal Health, Inc.",USD,APP_CURRENT,VALID,OK,
1343,HII,Stock,NYSE,NYSE,,APP_ONLY,Defense; S&P 500-7,,"Huntington Ingalls Industries, Inc.",USD,APP_CURRENT,VALID,OK,
1344,T,Stock,NYSE,NYSE,US,BOTH,Comm; ON DECK; S&P 500-7,US,AT&T Inc.,USD,ALL_EXCHANGES,VALID,OK,
1345,SPGI,Stock,NYSE,NYSE,,APP_ONLY,Div Aristocrats; S&P 500-7,,S&P Global Inc.,USD,APP_CURRENT,VALID,OK,
1346,CVS,Stock,NYSE,NYSE,,APP_ONLY,Drugs; S&P 500-7,,CVS Health Corporation,USD,APP_CURRENT,VALID,OK,
1347,SI=F,Future,COMEX,COMEX,Global,BOTH,"Commodities; VIX, $, Int",Global,Silver Sep 26,USD,ALL_EXCHANGES,VALID,OK,
1348,O,Stock,NYSE,NYSE,US,BOTH,Div Aristocrats; S&P 500-7,US,Realty Income Corporation,USD,ALL_EXCHANGES,VALID,OK,
1349,RSG,Stock,NYSE,NYSE,,APP_ONLY,S&P 500-7,,"Republic Services, Inc.",USD,APP_CURRENT,VALID,OK,
1350,SIL=F,Future,COMEX,COMEX,,APP_ONLY,Commodities,,"Micro Silver Futures,Sep-2026",USD,APP_CURRENT,VALID,OK,
1351,XHS,ETF,NYSEArca,NYSEArca,,APP_ONLY,ETFs - Sectors,,State Street SPDR S&P Health Care Services ETF,USD,APP_CURRENT,VALID,OK,
1352,WRB,Stock,NYSE,NYSE,,APP_ONLY,S&P 500-7,,W. R. Berkley Corporation,USD,APP_CURRENT,VALID,OK,
1353,BNTX,Stock,NasdaqGS,NasdaqGS,,APP_ONLY,Drugs,,BioNTech SE,USD,APP_CURRENT,VALID,OK,
1354,CIPLA.NS,Stock,NSE,NSE,Global,BOTH,Drugs,Global,Cipla Limited,INR,ALL_EXCHANGES,VALID,OK,
1355,ICLR,Stock,NasdaqGS,NasdaqGS,,APP_ONLY,Drugs,,ICON Public Limited Company,USD,APP_CURRENT,VALID,OK,
1356,ROL,Stock,NYSE,NYSE,,APP_ONLY,S&P 500-7,,"Rollins, Inc.",USD,APP_CURRENT,VALID,OK,
1357,VZ,Stock,NYSE,NYSE,,APP_ONLY,Comm; DOW -; Div Aristocrats; S&P 500-7,,Verizon Communications Inc.,USD,APP_CURRENT,VALID,OK,
1358,HO=F,Future,NY Mercantile,NY Mercantile,,APP_ONLY,Commodities,,Heating Oil Sep 26,USD,APP_CURRENT,VALID,OK,
1359,COP,Stock,NYSE,NYSE,,APP_ONLY,Energy; S&P 500-7,,ConocoPhillips,USD,APP_CURRENT,VALID,OK,
1360,GLP,Stock,NYSE,NYSE,,APP_ONLY,Possible,,Global Partners LP,USD,APP_CURRENT,VALID,OK,
1361,EIX,Stock,NYSE,NYSE,,APP_ONLY,S&P 500-7,,Edison International,USD,APP_CURRENT,VALID,OK,
1362,REG,Stock,NASDAQ,NASDAQ,,APP_ONLY,S&P 500-7,,Regency Centers Corporation,USD,APP_CURRENT,VALID,OK,
1363,CASY,Stock,NasdaqGS,NasdaqGS,,APP_ONLY,S&P 500-7,,"Casey's General Stores, Inc.",USD,APP_CURRENT,VALID,OK,
1364,FIUIX,Mutual Fund,NASDAQ,NASDAQ,,APP_ONLY,Fidelity Funds,,Fidelity Telecom and Utilities,USD,APP_CURRENT,VALID,OK,
1365,WBD,Stock,NasdaqGS,NasdaqGS,,APP_ONLY,Media; NASDAQ 100-8; ON DECK; S&P 500-7,,"Warner Bros. Discovery, Inc.",USD,APP_CURRENT,VALID,NONBLOCKING_METADATA_VARIANT,Source rows contain differing descriptive metadata; symbol itself is unchanged.
1366,FIS,Stock,NYSE,NYSE,,APP_ONLY,S&P 500-7,,"Fidelity National Information Services, Inc.",USD,APP_CURRENT,VALID,OK,
1367,DVN,Stock,NYSE,NYSE,,APP_ONLY,S&P 500-7,,Devon Energy Corporation,USD,APP_CURRENT,VALID,OK,
1368,MLPI,ETF,Cboe US,Cboe US,,APP_ONLY,Div Aristocrats; ON DECK,,Neos Mlp & Energy Infrastructure High Income ETF,USD,APP_CURRENT,VALID,OK,
1369,VSNT,Stock,NasdaqGS,NasdaqGS,,APP_ONLY,NASDAQ 100 -,,"Versant Media Group, Inc.",USD,APP_CURRENT,VALID,OK,
1370,ZBH,Stock,NYSE,NYSE,,APP_ONLY,Drugs; ON DECK; S&P 500-7,,"Zimmer Biomet Holdings, Inc.",USD,APP_CURRENT,VALID,OK,
1371,SRE,Stock,NYSE,NYSE,,APP_ONLY,S&P 500-7,,Sempra,USD,APP_CURRENT,VALID,OK,
1372,AFL,Stock,NYSE,NYSE,,APP_ONLY,Div Aristocrats; S&P 500-7,,Aflac Incorporated,USD,APP_CURRENT,VALID,OK,
1373,ELV,Stock,NYSE,NYSE,,APP_ONLY,S&P 500-7,,"Elevance Health, Inc.",USD,APP_CURRENT,VALID,OK,
1374,^TNX,Index,Cboe Indices,Cboe Indices,US,BOTH,"VIX, $, Int",US,CBOE Interest Rate 10 Year T No,USD,ALL_EXCHANGES,VALID,OK,
1375,ENB,Stock,NYSE,NYSE,,APP_ONLY,Energy,,Enbridge Inc.,USD,APP_CURRENT,VALID,OK,
1376,4528.T,Stock,Tokyo,Tokyo,,APP_ONLY,Drugs,,"Ono Pharmaceutical Co., Ltd.",JPY,APP_CURRENT,VALID,OK,
1377,F,Stock,NYSE,NYSE,US,BOTH,Possible; S&P 500-7,US,Ford Motor Company,USD,ALL_EXCHANGES,VALID,OK,
1378,BLMN,Stock,NASDAQ,NASDAQ,,APP_ONLY,Dividends,,"Bloomin' Brands, Inc.",USD,APP_CURRENT,VALID,OK,
1379,CME,Stock,NasdaqGS,NasdaqGS,,APP_ONLY,S&P 500-7,,CME Group Inc.,USD,APP_CURRENT,VALID,OK,
1380,XOP,ETF,NYSEArca,NYSEArca,,APP_ONLY,ETFs - Sectors,,State Street SPDR S&P Oil & Gas Exploration & Production ETF,USD,APP_CURRENT,VALID,OK,
1381,SHEL,Stock,NYSE,NYSE,,APP_ONLY,Energy,,Shell plc,USD,APP_CURRENT,VALID,OK,
1382,CT=F,,NYB,NYB,,APP_ONLY,Commodities,,Cotton Mar 26,USX,APP_CURRENT,VALID,MISSING_SECURITY_TYPE,Source security-type field is blank; symbol retained unchanged.
1383,ZTS,Stock,NYSE,NYSE,,APP_ONLY,Drugs; S&P 500-7,,Zoetis Inc.,USD,APP_CURRENT,VALID,OK,
1384,DHR,Stock,NYSE,NYSE,,APP_ONLY,S&P 500-7,,Danaher Corporation,USD,APP_CURRENT,VALID,OK,
1385,FSUTX,Mutual Fund,NASDAQ,NASDAQ,,APP_ONLY,Fidelity Funds,,Fidelity Select Utilities,USD,APP_CURRENT,VALID,OK,
1386,SPG,Stock,NYSE,NYSE,US,BOTH,Finance; S&P 500-7,US,"Simon Property Group, Inc.",USD,ALL_EXCHANGES,VALID,OK,
1387,CVX,Stock,NYSE,NYSE,,APP_ONLY,DOW-4; DOWa; Div Aristocrats; Energy; S&P 500-7,,Chevron Corporation,USD,APP_CURRENT,VALID,OK,
1388,EPRT,Stock,NYSE,NYSE,,APP_ONLY,Finance,,"Essential Properties Realty Trust, Inc.",USD,APP_CURRENT,VALID,OK,
1389,HCA,Stock,NYSE,NYSE,,APP_ONLY,S&P 500-7,,"HCA Healthcare, Inc.",USD,APP_CURRENT,VALID,OK,
1390,TSN,Stock,NYSE,NYSE,,APP_ONLY,S&P 500-7,,"Tyson Foods, Inc.",USD,APP_CURRENT,VALID,OK,
1391,OJ=F,Future,NYB,NYB,,APP_ONLY,Commodities,,Orange Juice Sep 26,USX,APP_CURRENT,VALID,OK,
1392,EQT,Stock,NYSE,NYSE,,APP_ONLY,S&P 500-7,,EQT Corporation,USD,APP_CURRENT,VALID,OK,
1393,EOG,Stock,NYSE,NYSE,,APP_ONLY,S&P 500-7,,"EOG Resources, Inc.",USD,APP_CURRENT,VALID,OK,
1394,AZN,Stock,NYSE,NYSE,US,BOTH,Drugs; NASDAQ 100 -,US,AstraZeneca PLC,USD,ALL_EXCHANGES,VALID,NONBLOCKING_METADATA_VARIANT,Source rows contain differing descriptive metadata; symbol itself is unchanged.
1395,^FVX,Index,Chicago Board Options Exchange,Chicago Board Options Exchange,,APP_ONLY,"VIX, $, Int",,Treasury Yield 5 Years,USD,APP_CURRENT,VALID,OK,
1396,SYK,Stock,NYSE,NYSE,,APP_ONLY,S&P 500-7,,Stryker Corporation,USD,APP_CURRENT,VALID,OK,
1397,ABT,Stock,NYSE,NYSE,,APP_ONLY,Div Aristocrats; S&P 500-7,,Abbott Laboratories,USD,APP_CURRENT,VALID,OK,
1398,KIM,Stock,NYSE,NYSE,,APP_ONLY,S&P 500-7,,Kimco Realty Corporation,USD,APP_CURRENT,VALID,OK,
1399,KMX,Stock,NYSE,NYSE,,APP_ONLY,S&P 500 -,,"CarMax, Inc.",USD,APP_CURRENT,VALID,OK,
1400,ACGL,Stock,NasdaqGS,NasdaqGS,,APP_ONLY,S&P 500-7,,Arch Capital Group Ltd.,USD,APP_CURRENT,VALID,OK,
1401,TAK,Stock,NYSE,NYSE,,APP_ONLY,Drugs,,Takeda Pharmaceutical Company Limited,USD,APP_CURRENT,VALID,OK,
1402,TMO,Stock,NYSE,NYSE,,APP_ONLY,Genes; S&P 500-7,,Thermo Fisher Scientific Inc.,USD,APP_CURRENT,VALID,OK,
1403,LION,Stock,NYSE,NYSE,,APP_ONLY,Media,,Lionsgate Studios Corp.,USD,APP_CURRENT,VALID,OK,
1404,EXE,Stock,NasdaqGS,NasdaqGS,,APP_ONLY,S&P 500-7,,Expand Energy Corporation,USD,APP_CURRENT,VALID,OK,
1405,PODD,Stock,NasdaqGS,NasdaqGS,,APP_ONLY,S&P 500-7,,Insulet Corporation,USD,APP_CURRENT,VALID,OK,
1406,ICE,Stock,NYSE,NYSE,,APP_ONLY,S&P 500-7,,"Intercontinental Exchange, Inc.",USD,APP_CURRENT,VALID,OK,
1407,ALKEM.NS,Stock,NSE,NSE,,APP_ONLY,Drugs,,Alkem Laboratories Limited,INR,APP_CURRENT,VALID,OK,
1408,MOH,Stock,NYSE,NYSE,,APP_ONLY,S&P 500 -,,"Molina Healthcare, Inc.",USD,APP_CURRENT,VALID,OK,
1409,MANKIND.NS,Stock,NSE,NSE,,APP_ONLY,Drugs,,Mankind Pharma Limited,INR,APP_CURRENT,VALID,OK,
1410,EQNR,Stock,NYSE,NYSE,,APP_ONLY,Dividends,,Equinor ASA,USD,APP_CURRENT,VALID,OK,
1411,UNH,Stock,NYSE,NYSE,,APP_ONLY,DOW-4; DOWa; S&P 500-7,,UnitedHealth Group Incorporated,USD,APP_CURRENT,VALID,OK,
1412,ISRG,Stock,NasdaqGS,NasdaqGS,,APP_ONLY,NASDAQ 100-8; S&P 500-7,,"Intuitive Surgical, Inc.",USD,APP_CURRENT,VALID,OK,
1413,CCEP,Stock,NasdaqGS,NasdaqGS,,APP_ONLY,NASDAQ 100-8,,Coca-Cola Europacific Partners PLC,USD,APP_CURRENT,VALID,OK,
1414,CMI,Stock,NYSE,NYSE,,APP_ONLY,S&P 500-7,,Cummins Inc.,USD,APP_CURRENT,VALID,OK,
1415,TTWO,Stock,NasdaqGS,NasdaqGS,,APP_ONLY,NASDAQ 100-8; S&P 500-7,,"Take-Two Interactive Software, Inc.",USD,APP_CURRENT,VALID,OK,
1416,LVS,Stock,NYSE,NYSE,,APP_ONLY,S&P 500-7,,Las Vegas Sands Corp.,USD,APP_CURRENT,VALID,OK,
1417,EQNR.OL,Stock,Oslo,Oslo,,APP_ONLY,Dividends,,Equinor ASA,NOK,APP_CURRENT,VALID,OK,
1418,BALL,Stock,NYSE,NYSE,,APP_ONLY,S&P 500-7,,Ball Corporation,USD,APP_CURRENT,VALID,OK,
1419,LBR=F,Future,CME,CME,,APP_ONLY,Commodities,,"Lumber Futures,Sep-2026",USD,APP_CURRENT,VALID,OK,
1420,IQV,Stock,NYSE,NYSE,,APP_ONLY,S&P 500-7,,IQVIA Holdings Inc.,USD,APP_CURRENT,VALID,OK,
1421,AMZN,Stock,NasdaqGS,NasdaqGS,US,BOTH,DOW Mag5; DOWa; Media; NASDAQ Mag8; Top 10,US,"Amazon.com, Inc.",USD,ALL_EXCHANGES,VALID,NONBLOCKING_METADATA_VARIANT,Source rows contain differing descriptive metadata; symbol itself is unchanged.
1422,CEG,Stock,NasdaqGS,NasdaqGS,,APP_ONLY,NASDAQ 100-8; S&P 500-7,,Constellation Energy Corporation,USD,APP_CURRENT,VALID,OK,
1423,DIVISLAB.NS,Stock,NSE,NSE,,APP_ONLY,Drugs,,Divi's Laboratories Limited,INR,APP_CURRENT,VALID,OK,
1424,DVA,Stock,NYSE,NYSE,,APP_ONLY,S&P 500-7,,DaVita Inc.,USD,APP_CURRENT,VALID,OK,
1425,4151.T,Stock,Tokyo,Tokyo,,APP_ONLY,Drugs,,"Kyowa Kirin Co., Ltd.",JPY,APP_CURRENT,VALID,OK,
1426,SYY,Stock,NYSE,NYSE,,APP_ONLY,Div Aristocrats; S&P 500-7,,Sysco Corporation,USD,APP_CURRENT,VALID,OK,
1427,NKE,Stock,NYSE,NYSE,,APP_ONLY,DOW-4; DOWa; S&P 500-7,,"NIKE, Inc.",USD,APP_CURRENT,VALID,OK,
1428,^MERV,Index,Buenos Aires,Buenos Aires,,APP_ONLY,Americas Indices,,MERVAL,ARS,APP_CURRENT,VALID,OK,
1429,TPL,Stock,NYSE,NYSE,,APP_ONLY,S&P 500-7,,Texas Pacific Land Corporation,USD,APP_CURRENT,VALID,OK,
1430,4568.T,Stock,Tokyo,Tokyo,Global,BOTH,Drugs,Global,"Daiichi Sankyo Company, Limited",JPY,ALL_EXCHANGES,VALID,OK,
1431,CI,Stock,NYSE,NYSE,,APP_ONLY,S&P 500-7,,The Cigna Group,USD,APP_CURRENT,VALID,OK,
1432,APA,Stock,NasdaqGS,NasdaqGS,,APP_ONLY,S&P 500-7,,APA Corporation,USD,APP_CURRENT,VALID,OK,
1433,BRSP,Stock,NYSE,NYSE,,APP_ONLY,Possible,,"BrightSpire Capital, Inc.",USD,APP_CURRENT,VALID,OK,
1434,CBOE,Stock,Cboe US,Cboe US,,APP_ONLY,S&P 500-7,,"Cboe Global Markets, Inc.",USD,APP_CURRENT,VALID,OK,
1435,HUM,Stock,NYSE,NYSE,,APP_ONLY,S&P 500-7,,Humana Inc.,USD,APP_CURRENT,VALID,OK,
1436,RVTY,Stock,NYSE,NYSE,,APP_ONLY,S&P 500-7,,"Revvity, Inc.",USD,APP_CURRENT,VALID,OK,
1437,FANG,Stock,NasdaqGS,NasdaqGS,,APP_ONLY,NASDAQ 100-8; S&P 500-7,,"Diamondback Energy, Inc.",USD,APP_CURRENT,VALID,OK,
1438,PLD,Stock,NYSE,NYSE,US,BOTH,S&P 500-7,US,"Prologis, Inc.",USD,ALL_EXCHANGES,VALID,OK,
1439,SU.TO,Stock,Toronto,Toronto,Global,BOTH,Energy,Global,Suncor Energy Inc.,CAD,ALL_EXCHANGES,VALID,OK,
1440,BP,Stock,NYSE,NYSE,US,BOTH,Div Aristocrats; Energy,US,BP p.l.c.,USD,ALL_EXCHANGES,VALID,OK,
1441,4507.T,Stock,Tokyo,Tokyo,,APP_ONLY,Drugs,,"Shionogi & Co., Ltd.",JPY,APP_CURRENT,VALID,OK,
1442,BP.L,Stock,LSE,LSE,Global,BOTH,Energy,Global,BP p.l.c.,GBX,ALL_EXCHANGES,VALID,OK,
1443,GWW,Stock,NYSE,NYSE,,APP_ONLY,Div Aristocrats; S&P 500-7,,"W.W. Grainger, Inc.",USD,APP_CURRENT,VALID,OK,
1444,NXRT,Stock,NYSE,NYSE,,APP_ONLY,Finance,,"NexPoint Residential Trust, Inc.",USD,APP_CURRENT,VALID,OK,
1445,AMC,Stock,NYSE,NYSE,,APP_ONLY,Possible,,"AMC Entertainment Holdings, Inc.",USD,APP_CURRENT,VALID,OK,
1446,NVO,Stock,NYSE,NYSE,US,BOTH,Drugs,US,Novo Nordisk A/S,USD,ALL_EXCHANGES,VALID,OK,
1447,ROK,Stock,NYSE,NYSE,,APP_ONLY,S&P 500-7,,"Rockwell Automation, Inc.",USD,APP_CURRENT,VALID,OK,
1448,ARE,Stock,NYSE,NYSE,,APP_ONLY,S&P 500-7,,"Alexandria Real Estate Equities, Inc.",USD,APP_CURRENT,VALID,OK,
1449,VST,Stock,NYSE,NYSE,,APP_ONLY,S&P 500-7,,Vistra Corp.,USD,APP_CURRENT,VALID,OK,
1450,CMG,Stock,NYSE,NYSE,,APP_ONLY,S&P 500-7,,"Chipotle Mexican Grill, Inc.",USD,APP_CURRENT,VALID,OK,
1451,NRG,Stock,NYSE,NYSE,,APP_ONLY,S&P 500-7,,"NRG Energy, Inc.",USD,APP_CURRENT,VALID,OK,
1452,APTV,Stock,NYSE,NYSE,,APP_ONLY,S&P 500-7,,Aptiv PLC,USD,APP_CURRENT,VALID,OK,
1453,JPY=X,Currency,CCY,CCY,Global,EXCHANGE_ONLY,,Global,USD/JPY,JPY,ALL_EXCHANGES,VALID,OK,
1454,CAD=X,Currency,CCY,CCY,Global,EXCHANGE_ONLY,,Global,USD/CAD,CAD,ALL_EXCHANGES,VALID,OK,
1455,CHF=X,Currency,CCY,CCY,Global,EXCHANGE_ONLY,,Global,USD/CHF,CHF,ALL_EXCHANGES,VALID,OK,
1456,BTC-USD,Cryptocurrency,CCC,CCC,Exchs; Global,EXCHANGE_ONLY,,Exchs; Global,Bitcoin USD,USD,ALL_EXCHANGES,VALID,OK,
1457,USDT-USD,Cryptocurrency,CCC,CCC,Global,EXCHANGE_ONLY,,Global,Tether USDt USD,USD,ALL_EXCHANGES,VALID,OK,
1458,ETH-USD,Cryptocurrency,CCC,CCC,Global,EXCHANGE_ONLY,,Global,Ethereum USD,USD,ALL_EXCHANGES,VALID,OK,
1459,SOL-USD,Cryptocurrency,CCC,CCC,Global,EXCHANGE_ONLY,,Global,Solana USD,USD,ALL_EXCHANGES,VALID,OK,
1460,XRP-USD,Cryptocurrency,CCC,CCC,Global,EXCHANGE_ONLY,,Global,XRP USD,USD,ALL_EXCHANGES,VALID,OK,
1461,DOGE-USD,Cryptocurrency,CCC,CCC,Global,EXCHANGE_ONLY,,Global,Dogecoin USD,USD,ALL_EXCHANGES,VALID,OK,
1462,CNY=X,Currency,CCY,CCY,Global,EXCHANGE_ONLY,,Global,USD/CNY,CNY,ALL_EXCHANGES,VALID,OK,
1463,EURUSD=X,Currency,CCY,CCY,Global,EXCHANGE_ONLY,,Global,EUR/USD,USD,ALL_EXCHANGES,VALID,OK,
1464,GBPUSD=X,Currency,CCY,CCY,Global,EXCHANGE_ONLY,,Global,GBP/USD,USD,ALL_EXCHANGES,VALID,OK,
1465,AUDUSD=X,Currency,CCY,CCY,Global,EXCHANGE_ONLY,,Global,AUD/USD,USD,ALL_EXCHANGES,VALID,OK,
1466,NZDUSD=X,Currency,CCY,CCY,Global,EXCHANGE_ONLY,,Global,NZD/USD,USD,ALL_EXCHANGES,VALID,OK,
1467,3033.HK,ETF,HKSE,HKSE,Global,EXCHANGE_ONLY,,Global,CSOP ETF Series - CSOP Hang Seng TECH Index ETF,HKD,ALL_EXCHANGES,VALID,OK,
1468,2800.HK,ETF,HKSE,HKSE,Global,EXCHANGE_ONLY,,Global,Tracker Fund Of Hong Kong,HKD,ALL_EXCHANGES,VALID,OK,
1469,0700.HK,Stock,HKSE,HKSE,Exchs,EXCHANGE_ONLY,,Exchs,Tencent Holdings Limited,HKD,ALL_EXCHANGES,VALID,OK,
1470,7203.T,Stock,Tokyo,Tokyo,Exchs,EXCHANGE_ONLY,,Exchs,Toyota Motor Corporation,JPY,ALL_EXCHANGES,VALID,OK,
1471,1321.T,ETF,Tokyo,Tokyo,Global,EXCHANGE_ONLY,,Global,NEXT FUNDS Nikkei 225 Exchange Traded Fund,JPY,ALL_EXCHANGES,VALID,OK,
1472,1306.T,ETF,Tokyo,Tokyo,Global,EXCHANGE_ONLY,,Global,NEXT FUNDS TOPIX Exchange Traded Fund,JPY,ALL_EXCHANGES,VALID,OK,
1473,005930.KS,Stock,KSE,KSE,Global,EXCHANGE_ONLY,,Global,"Samsung Electronics Co., Ltd.",KRW,ALL_EXCHANGES,VALID,OK,
1474,2317.TW,Stock,Taiwan,Taiwan,Global,EXCHANGE_ONLY,,Global,"Hon Hai Precision Industry Co., Ltd.",TWD,ALL_EXCHANGES,VALID,OK,
1475,BHP.AX,Stock,ASX,ASX,Exchs; Global,EXCHANGE_ONLY,,Exchs; Global,BHP Group Limited,AUD,ALL_EXCHANGES,VALID,OK,
1476,2330.TW,Stock,Taiwan,Taiwan,Global,EXCHANGE_ONLY,,Global,Taiwan Semiconductor Manufacturing Company Limited,TWD,ALL_EXCHANGES,VALID,OK,
1477,VAS.AX,ETF,ASX,ASX,Global,EXCHANGE_ONLY,,Global,Vanguard Australian Shares Index ETF,AUD,ALL_EXCHANGES,VALID,OK,
1478,STW.AX,ETF,ASX,ASX,Global,EXCHANGE_ONLY,,Global,SPDR ETFs Australia - State Street SPDR S&P/ASX 200 ETF,AUD,ALL_EXCHANGES,VALID,OK,
1479,VTSAX,Mutual Fund,Nasdaq,Nasdaq,Global; US,EXCHANGE_ONLY,,Global; US,Vanguard Morn Total Stk Mkt Idx Admiral,USD,ALL_EXCHANGES,VALID,OK,
1480,VFIAX,Mutual Fund,Nasdaq,Nasdaq,US,EXCHANGE_ONLY,,US,Vanguard 500 Index Fund,USD,ALL_EXCHANGES,VALID,OK,
1481,VBTLX,Mutual Fund,Nasdaq,Nasdaq,US,EXCHANGE_ONLY,,US,Vanguard Total Bond Market Index Fund,USD,ALL_EXCHANGES,VALID,OK,
1482,VTIAX,Mutual Fund,Nasdaq,Nasdaq,US,EXCHANGE_ONLY,,US,Vanguard Total Intl Stock Index Admiral,USD,ALL_EXCHANGES,VALID,OK,
1483,PETR4.SA,Stock,São Paulo,São Paulo,Global,EXCHANGE_ONLY,,Global,Petróleo Brasileiro S.A. - Petrobras,BRL,ALL_EXCHANGES,VALID,OK,
1484,VALE3.SA,Stock,São Paulo,São Paulo,Exchs; Global,EXCHANGE_ONLY,,Exchs; Global,Vale S.A.,BRL,ALL_EXCHANGES,VALID,OK,
1485,MPLX,Stock,NYSE,NYSE,US,EXCHANGE_ONLY,,US,MPLX LP,USD,ALL_EXCHANGES,VALID,OK,
1486,BIP,Stock,NYSE,NYSE,US,EXCHANGE_ONLY,,US,Brookfield Infrastructure Partners L.P.,USD,ALL_EXCHANGES,VALID,OK,
1487,HEI-A,Stock,NYSE,NYSE,US,EXCHANGE_ONLY,,US,HEICO Corporation,USD,ALL_EXCHANGES,VALID,OK,
1488,BST,Stock,NYSE,NYSE,US,EXCHANGE_ONLY,,US,BlackRock Science and Technology Trust,USD,ALL_EXCHANGES,VALID,OK,
1489,CWEN,Stock,NYSE,NYSE,US,EXCHANGE_ONLY,,US,"Clearway Energy, Inc.",USD,ALL_EXCHANGES,VALID,OK,
1490,SAP,Stock,NYSE,NYSE,US,EXCHANGE_ONLY,,US,SAP SE,USD,ALL_EXCHANGES,VALID,OK,
1491,TM,Stock,NYSE,NYSE,US,EXCHANGE_ONLY,,US,Toyota Motor Corporation,USD,ALL_EXCHANGES,VALID,OK,
1492,BSM,Stock,NYSE,NYSE,US,EXCHANGE_ONLY,,US,"Black Stone Minerals, L.P.",USD,ALL_EXCHANGES,VALID,OK,
1493,PBR-A,Stock,NYSE,NYSE,US,EXCHANGE_ONLY,,US,Petróleo Brasileiro S.A. - Petrobras,USD,ALL_EXCHANGES,VALID,OK,
1494,UTF,Stock,NYSE,NYSE,US,EXCHANGE_ONLY,,US,"Cohen & Steers Infrastructure Fund, Inc",USD,ALL_EXCHANGES,VALID,OK,
1495,PAA,Stock,NasdaqGS,NasdaqGS,US,EXCHANGE_ONLY,,US,"Plains All American Pipeline, L.P.",USD,ALL_EXCHANGES,VALID,OK,
1496,TLT,ETF,NasdaqGM,NasdaqGM,US,EXCHANGE_ONLY,,US,iShares 20+ Year Treasury Bond ETF,USD,ALL_EXCHANGES,VALID,OK,
1497,IEF,ETF,NasdaqGM,NasdaqGM,US,EXCHANGE_ONLY,,US,iShares 7-10 Year Treasury Bond ETF,USD,ALL_EXCHANGES,VALID,OK,
1498,BND,ETF,NasdaqGM,NasdaqGM,US,EXCHANGE_ONLY,,US,Vanguard Total Bond Market Index Fund,USD,ALL_EXCHANGES,VALID,OK,
1499,SQQQ,ETF,NasdaqGM,NasdaqGM,US,EXCHANGE_ONLY,,US,ProShares UltraPro Short QQQ,USD,ALL_EXCHANGES,VALID,OK,
1500,USAS,Stock,NYSE American,NYSE American,US,EXCHANGE_ONLY,,US,Americas Gold and Silver Corporation,USD,ALL_EXCHANGES,VALID,OK,
1501,DNN,Stock,NYSE American,NYSE American,US,EXCHANGE_ONLY,,US,Denison Mines Corp.,USD,ALL_EXCHANGES,VALID,OK,
1502,SENS,Stock,NasdaqGS,NasdaqGS,US,EXCHANGE_ONLY,,US,"Senseonics Holdings, Inc.",USD,ALL_EXCHANGES,VALID,OK,
1503,UUUU,Stock,NYSE American,NYSE American,US,EXCHANGE_ONLY,,US,Energy Fuels Inc.,USD,ALL_EXCHANGES,VALID,OK,
1504,IWM,ETF,NYSEArca,NYSEArca,US,EXCHANGE_ONLY,,US,iShares Russell 2000 ETF,USD,ALL_EXCHANGES,VALID,OK,
1505,DIA,ETF,NYSEArca,NYSEArca,US,EXCHANGE_ONLY,,US,State Street SPDR Dow Jones Industrial Average ETF Trust,USD,ALL_EXCHANGES,VALID,OK,
1506,VTI,ETF,NYSEArca,NYSEArca,US,EXCHANGE_ONLY,,US,Vanguard Morningstar Total Stock Market ETF,USD,ALL_EXCHANGES,VALID,OK,
1507,RSP,ETF,NYSEArca,NYSEArca,US,EXCHANGE_ONLY,,US,Invesco S&P 500 Equal Weight ETF,USD,ALL_EXCHANGES,VALID,OK,
1508,HYG,ETF,NYSEArca,NYSEArca,US,EXCHANGE_ONLY,,US,iShares iBoxx $ High Yield Corporate Bond ETF,USD,ALL_EXCHANGES,VALID,OK,
1509,LQD,ETF,NYSEArca,NYSEArca,US,EXCHANGE_ONLY,,US,iShares iBoxx $ Investment Grade Corporate Bond ETF,USD,ALL_EXCHANGES,VALID,OK,
1510,GLD,ETF,NYSEArca,NYSEArca,US,EXCHANGE_ONLY,,US,SPDR Gold Shares,USD,ALL_EXCHANGES,VALID,OK,
1511,SLV,ETF,NYSEArca,NYSEArca,US,EXCHANGE_ONLY,,US,iShares Silver Trust,USD,ALL_EXCHANGES,VALID,OK,
1512,USO,ETF,NYSEArca,NYSEArca,US,EXCHANGE_ONLY,,US,"United States Oil Fund, LP",USD,ALL_EXCHANGES,VALID,OK,
1513,ARKK,ETF,Cboe US,Cboe US,US,EXCHANGE_ONLY,,US,ARK Innovation ETF,USD,ALL_EXCHANGES,VALID,OK,
1514,UTG,Stock,NYSE,NYSE,US,EXCHANGE_ONLY,,US,Reaves Utility Income Fund,USD,ALL_EXCHANGES,VALID,OK,
1515,XIU.TO,ETF,Toronto,Toronto,Global,EXCHANGE_ONLY,,Global,iShares S&P/TSX 60 Index ETF,CAD,ALL_EXCHANGES,VALID,OK,
1516,ZCN.TO,ETF,Toronto,Toronto,Global,EXCHANGE_ONLY,,Global,BMO S&P/TSX Capped Composite Index ETF,CAD,ALL_EXCHANGES,VALID,OK,
1517,HSBA.L,Stock,LSE,LSE,Exchs,EXCHANGE_ONLY,,Exchs,HSBC Holdings plc,GBX,ALL_EXCHANGES,VALID,OK,
1518,SAN.MC,Stock,MCE,MCE,Global,EXCHANGE_ONLY,,Global,"Banco Santander, S.A.",EUR,ALL_EXCHANGES,VALID,OK,
1519,IBE.MC,Stock,MCE,MCE,Global,EXCHANGE_ONLY,,Global,"Iberdrola, S.A.",EUR,ALL_EXCHANGES,VALID,OK,
1520,ENI.MI,Stock,Milan,Milan,Global,EXCHANGE_ONLY,,Global,Eni S.p.A.,EUR,ALL_EXCHANGES,VALID,OK,
1521,SAP.DE,Stock,XETRA,XETRA,Exchs,EXCHANGE_ONLY,,Exchs,SAP SE,EUR,ALL_EXCHANGES,VALID,OK,
1522,INGA.AS,Stock,Amsterdam,Amsterdam,Exchs; Global,EXCHANGE_ONLY,,Exchs; Global,ING Groep N.V.,EUR,ALL_EXCHANGES,VALID,OK,
1523,ASML.AS,Stock,Amsterdam,Amsterdam,Global,EXCHANGE_ONLY,,Global,ASML Holding N.V.,EUR,ALL_EXCHANGES,VALID,OK,
1524,AIR.PA,Stock,Paris,Paris,Exchs; Global,EXCHANGE_ONLY,,Exchs; Global,Airbus SE,EUR,ALL_EXCHANGES,VALID,OK,
1525,EUNL.DE,ETF,XETRA,XETRA,Global,EXCHANGE_ONLY,,Global,iShares Core MSCI World UCITS ETF USD (Acc),EUR,ALL_EXCHANGES,VALID,OK,
1526,EXS1.DE,ETF,XETRA,XETRA,Global,EXCHANGE_ONLY,,Global,iShares Core DAX UCITS ETF (DE) EUR (Acc),EUR,ALL_EXCHANGES,VALID,OK,
1527,VUSA.L,ETF,LSE,LSE,Global,EXCHANGE_ONLY,,Global,Vanguard S&P 500 UCITS ETF,GBP,ALL_EXCHANGES,VALID,OK,
1528,ISF.L,ETF,LSE,LSE,Global,EXCHANGE_ONLY,,Global,iShares Core FTSE 100 UCITS ETF GBP (Dist),GBX,ALL_EXCHANGES,VALID,OK,
1529,NESN.SW,Stock,Swiss,Swiss,Exchs,EXCHANGE_ONLY,,Exchs,Nestlé S.A.,CHF,ALL_EXCHANGES,VALID,OK,
1530,NPN.JO,Stock,Johannesburg,Johannesburg,Global,EXCHANGE_ONLY,,Global,Naspers Limited,ZAX,ALL_EXCHANGES,VALID,OK,
1531,1120.SR,Stock,Saudi,Saudi,Global,EXCHANGE_ONLY,,Global,Al Rajhi Banking and Investment Corporation,SAR,ALL_EXCHANGES,VALID,OK,
1532,BANKBEES.NS,Stock,NSE,NSE,Global,EXCHANGE_ONLY,,Global,Nippon India ETF Nifty Bank BeES,INR,ALL_EXCHANGES,VALID,OK,
1533,NIFTYBEES.NS,Stock,NSE,NSE,Global,EXCHANGE_ONLY,,Global,Nippon India ETF Nifty 50 BeES,INR,ALL_EXCHANGES,VALID,OK,
1534,RELIANCE.NS,Stock,NSE,NSE,Exchs,EXCHANGE_ONLY,,Exchs,Reliance Industries Limited,INR,ALL_EXCHANGES,VALID,OK,
1535,000333.SZ,Stock,Shenzhen,Shenzhen,Global,EXCHANGE_ONLY,,Global,"Midea Group Co., Ltd.",CNY,ALL_EXCHANGES,VALID,OK,
1536,000858.SZ,Stock,Shenzhen,Shenzhen,Global,EXCHANGE_ONLY,,Global,"Wuliangye Yibin Co.,Ltd.",CNY,ALL_EXCHANGES,VALID,OK,
1537,601318.SS,Stock,Shanghai,Shanghai,Global,EXCHANGE_ONLY,,Global,"Ping An Insurance (Group) Company of China, Ltd.",CNY,ALL_EXCHANGES,VALID,OK,
